area_type,location,bath,balcony,price,sqft,bhk,sqft_per_bhk,bath_per_bhk,is_ready_to_move,has_society
Super built-up Area,Electronic City Phase II,2.0,1.0,39.07,1056.0,2.0,528.0,1.0,0,1
Plot Area,Chikka Tirupathi,5.0,3.0,120.0,2600.0,4.0,650.0,1.25,1,1
Built-up Area,Uttarahalli,2.0,3.0,62.0,1440.0,3.0,480.0,0.6666666666666666,1,0
Super built-up Area,Lingadheeranahalli,3.0,1.0,95.0,1521.0,3.0,507.0,1.0,1,1
Super built-up Area,Kothanur,2.0,1.0,51.0,1200.0,2.0,600.0,1.0,1,0
Super built-up Area,Whitefield,2.0,1.0,38.0,1170.0,2.0,585.0,1.0,1,1
Super built-up Area,Old Airport Road,4.0,,204.0,2732.0,4.0,683.0,1.0,0,1
Super built-up Area,Rajaji Nagar,4.0,,600.0,3300.0,4.0,825.0,1.0,1,1
Super built-up Area,Marathahalli,3.0,1.0,63.25,1310.0,3.0,436.6666666666667,1.0,1,0
Super built-up Area,Whitefield,2.0,2.0,70.0,1800.0,3.0,600.0,0.6666666666666666,0,0
Plot Area,Whitefield,5.0,3.0,295.0,2785.0,4.0,696.25,1.25,1,1
Super built-up Area,7th Phase JP Nagar,2.0,1.0,38.0,1000.0,2.0,500.0,1.0,1,1
Built-up Area,Gottigere,2.0,2.0,40.0,1100.0,2.0,550.0,1.0,1,0
Plot Area,Sarjapur,3.0,2.0,148.0,2250.0,3.0,750.0,1.0,1,1
Super built-up Area,Mysore Road,2.0,2.0,73.5,1175.0,2.0,587.5,1.0,1,1
Super built-up Area,Bisuvanahalli,3.0,2.0,48.0,1180.0,3.0,393.3333333333333,1.0,1,1
Super built-up Area,Raja Rajeshwari Nagar,3.0,3.0,60.0,1540.0,3.0,513.3333333333334,1.0,1,1
Super built-up Area,Ramakrishnappa Layout,4.0,2.0,290.0,2770.0,3.0,923.3333333333334,1.3333333333333333,1,1
Super built-up Area,Manayata Tech Park,2.0,2.0,48.0,1100.0,2.0,550.0,1.0,1,0
Built-up Area,Kengeri,1.0,1.0,15.0,600.0,1.0,600.0,1.0,1,0
Super built-up Area,Binny Pete,3.0,1.0,122.0,1755.0,3.0,585.0,1.0,0,1
Plot Area,Thanisandra,5.0,2.0,380.0,2800.0,4.0,700.0,1.25,1,1
Super built-up Area,Bellandur,3.0,1.0,103.0,1767.0,3.0,589.0,1.0,1,0
Super built-up Area,Thanisandra,1.0,0.0,25.25,510.0,1.0,510.0,1.0,0,1
Super built-up Area,Mangammanapalya,3.0,2.0,56.0,1250.0,3.0,416.6666666666667,1.0,0,0
Super built-up Area,Electronic City,1.0,1.0,23.1,660.0,2.0,330.0,0.5,1,1
Built-up Area,Whitefield,3.0,2.0,81.0,1610.0,3.0,536.6666666666666,1.0,0,0
Super built-up Area,Ramagondanahalli,2.0,2.0,48.77,1151.0,2.0,575.5,1.0,0,1
Super built-up Area,Electronic City,2.0,1.0,47.0,1025.0,3.0,341.6666666666667,0.6666666666666666,1,1
Super built-up Area,Yelahanka,4.0,0.0,186.0,2475.0,4.0,618.75,1.0,0,1
Super built-up Area,Bisuvanahalli,2.0,1.0,35.0,1075.0,3.0,358.3333333333333,0.6666666666666666,1,1
Super built-up Area,Hebbal,2.0,2.0,123.0,1760.0,3.0,586.6666666666666,0.6666666666666666,1,1
Super built-up Area,Raja Rajeshwari Nagar,3.0,3.0,57.39,1693.0,3.0,564.3333333333334,1.0,1,1
Built-up Area,Kasturi Nagar,3.0,,125.0,1925.0,3.0,641.6666666666666,1.0,1,1
Super built-up Area,Kanakpura Road,2.0,1.0,36.0,700.0,2.0,350.0,1.0,0,1
Super built-up Area,Electronics City Phase 1,2.0,1.0,45.5,1070.0,2.0,535.0,1.0,1,0
Super built-up Area,Kundalahalli,3.0,2.0,125.0,1724.0,3.0,574.6666666666666,1.0,1,1
Super built-up Area,Chikkalasandra,2.0,2.0,56.12,1290.0,3.0,430.0,0.6666666666666666,1,0
Built-up Area,Uttarahalli,2.0,2.0,45.0,1143.0,2.0,571.5,1.0,1,0
Built-up Area,Murugeshpalya,2.0,,81.0,1296.0,2.0,648.0,1.0,1,1
Super built-up Area,Sarjapur  Road,3.0,2.0,38.0,1254.0,3.0,418.0,1.0,0,1
Super built-up Area,Ganga Nagar,1.0,0.0,38.0,600.0,1.0,600.0,1.0,1,1
Plot Area,Yelahanka,1.0,0.0,48.0,660.0,1.0,660.0,1.0,1,0
Super built-up Area,Kanakpura Road,2.0,2.0,91.79,1330.74,2.0,665.37,1.0,0,1
Super built-up Area,Doddathoguru,2.0,0.0,33.0,970.0,2.0,485.0,1.0,1,1
Super built-up Area,Whitefield,2.0,1.0,94.82,1459.0,2.0,729.5,1.0,0,1
Plot Area,KR Puram,1.0,1.0,130.0,800.0,2.0,400.0,0.5,1,0
Built-up Area,Himagiri Meadows,2.0,1.0,36.0,869.0,2.0,434.5,1.0,1,0
Super built-up Area,Adarsh Nagar,2.0,1.0,50.0,1270.0,2.0,635.0,1.0,1,1
Super built-up Area,Bhoganhalli,3.0,1.0,99.0,1670.0,3.0,556.6666666666666,1.0,0,1
Built-up Area,Whitefield,3.0,2.0,91.0,2010.0,3.0,670.0,1.0,1,1
Super built-up Area,Lakshminarayana Pura,2.0,2.0,75.0,1185.0,2.0,592.5,1.0,1,1
Super built-up Area,Yelahanka,2.0,3.0,75.0,1600.0,3.0,533.3333333333334,0.6666666666666666,1,1
Super built-up Area,Begur Road,2.0,2.0,44.0,1200.0,2.0,600.0,1.0,1,1
Built-up Area,Devanahalli,,,192.0,3210.0,4.0,802.5,,0,1
Super built-up Area,Ramakrishnappa Layout,2.0,2.0,185.0,1500.0,2.0,750.0,1.0,1,1
Super built-up Area,Govindaraja Nagar Ward,2.0,2.0,45.0,840.0,2.0,420.0,1.0,1,0
Plot Area,Tharabanahalli,3.0,2.0,240.0,4395.0,3.0,1465.0,1.0,1,0
Super built-up Area,Ganga Nagar,2.0,1.0,55.0,845.0,2.0,422.5,1.0,1,1
Plot Area,Whitefield,5.0,3.0,650.0,5700.0,4.0,1425.0,1.25,1,1
Built-up Area,Varthur,2.0,2.0,44.0,1160.0,2.0,580.0,1.0,1,1
Built-up Area,Bommanahalli,8.0,0.0,140.0,3000.0,8.0,375.0,1.0,1,0
Super built-up Area,Doddathoguru,2.0,1.0,62.0,1100.0,2.0,550.0,1.0,1,0
Super built-up Area,Gunjur,2.0,3.0,43.0,1140.0,2.0,570.0,1.0,0,1
Super built-up Area,Marathahalli,2.0,1.0,57.0,1220.0,2.0,610.0,1.0,1,0
Super built-up Area,Kanakpura Road,2.0,1.0,36.68,1005.0,2.0,502.5,1.0,1,0
Super built-up Area,Begur Road,2.0,1.0,80.58,1358.0,2.0,679.0,1.0,0,1
Super built-up Area,Hegde Nagar,3.0,1.0,101.0,1569.0,3.0,523.0,1.0,1,1
Super built-up Area,Haralur Road,2.0,1.0,70.0,1240.0,2.0,620.0,1.0,0,1
Super built-up Area,Hennur Road,3.0,2.0,140.0,2089.0,3.0,696.3333333333334,1.0,1,1
Super built-up Area,Kothannur,2.0,1.0,48.23,1206.0,2.0,603.0,1.0,1,0
Super built-up Area,Kalena Agrahara,2.0,3.0,40.0,1150.0,2.0,575.0,1.0,1,0
Built-up Area,Cholanayakanahalli,3.0,3.0,205.0,2511.0,3.0,837.0,1.0,1,1
Built-up Area,ISRO Layout,6.0,3.0,250.0,4400.0,6.0,733.3333333333334,1.0,1,0
Super built-up Area,Kodanda Reddy Layout,2.0,2.0,105.0,1660.0,3.0,553.3333333333334,0.6666666666666666,1,1
Built-up Area,Hennur Road,,,224.5,3203.5,4.0,800.875,,0,1
Super built-up Area,Yelahanka,2.0,2.0,78.0,1326.0,2.0,663.0,1.0,0,1
Super built-up Area,Garudachar Palya,2.0,2.0,60.8,1325.0,3.0,441.6666666666667,0.6666666666666666,1,0
Super built-up Area,EPIP Zone,5.0,2.0,102.0,1499.0,3.0,499.6666666666667,1.6666666666666667,1,1
Built-up Area,Hegde Nagar,7.0,2.0,210.0,3000.0,6.0,500.0,1.1666666666666667,1,0
Super built-up Area,Kanakpura Road,3.0,2.0,88.0,1665.0,3.0,555.0,1.0,1,0
Super built-up Area,Dasanapura,2.0,2.0,37.0,708.0,2.0,354.0,1.0,0,1
Super built-up Area,Kasavanhalli,2.0,2.0,58.06,1060.0,2.0,530.0,1.0,1,1
Built-up Area,Sanjay nagar,2.0,2.0,70.0,1000.0,2.0,500.0,1.0,1,1
Super built-up Area,Electronic City,2.0,1.0,28.88,1000.0,2.0,500.0,1.0,0,0
Super built-up Area,Mysore Highway,2.0,2.0,70.0,1450.0,3.0,483.3333333333333,0.6666666666666666,1,0
Plot Area,ISRO Layout,4.0,2.0,155.0,1200.0,4.0,300.0,1.0,1,0
Super built-up Area,Thanisandra,2.0,3.0,80.0,1296.0,2.0,648.0,1.0,0,1
Super built-up Area,Domlur,3.0,2.0,90.0,1540.0,3.0,513.3333333333334,1.0,1,0
Plot Area,Kengeri,4.0,1.0,245.0,2894.0,4.0,723.5,1.0,1,1
Super built-up Area,Sarjapura - Attibele Road,2.0,1.0,48.0,1330.0,3.0,443.3333333333333,0.6666666666666666,1,0
Built-up Area,Devasthanagalu,2.0,1.0,65.0,1200.0,2.0,600.0,1.0,1,0
Built-up Area,T Dasarahalli,3.0,1.0,90.0,1200.0,3.0,400.0,1.0,1,0
Super built-up Area,Yeshwanthpur,3.0,3.0,138.0,2502.0,3.0,834.0,1.0,1,1
Built-up Area,Chandapura,1.0,1.0,17.0,650.0,2.0,325.0,0.5,1,1
Plot Area,Kothanur,2.0,1.0,150.0,2400.0,3.0,800.0,0.6666666666666666,1,1
Super built-up Area,Green View Layout,2.0,2.0,43.0,1007.0,2.0,503.5,1.0,1,1
Super built-up Area,Shantiniketan Layout,2.0,2.0,50.0,1200.0,2.0,600.0,1.0,1,1
Super built-up Area,Peenya,2.0,2.0,49.9,966.0,2.0,483.0,1.0,1,0
Built-up Area,Nagarbhavi,2.0,1.0,98.0,1630.0,3.0,543.3333333333334,0.6666666666666666,1,0
Built-up Area,Rajaji Nagar,3.0,2.0,229.0,1640.0,3.0,546.6666666666666,1.0,1,1
Built-up Area,Jalahalli West,2.0,2.0,55.68,782.0,2.0,391.0,1.0,1,0
Super built-up Area,Devanahalli,2.0,2.0,66.78,1260.0,2.0,630.0,1.0,0,1
Super built-up Area,Lakshmiamma Garden,3.0,3.0,120.0,1800.0,3.0,600.0,1.0,1,0
Super built-up Area,Byatarayanapura,2.0,2.0,75.0,1413.0,3.0,471.0,0.6666666666666666,1,1
Super built-up Area,Whitefield,2.0,1.0,51.91,1116.0,2.0,558.0,1.0,1,1
Super built-up Area,Electronic City,2.0,1.0,45.9,1530.0,3.0,510.0,0.6666666666666666,1,1
Built-up Area,Ramamurthy Nagar,4.0,1.0,225.0,3700.0,4.0,925.0,1.0,1,0
Built-up Area,Sarjapur  Road,3.0,2.0,140.0,2497.0,3.0,832.3333333333334,1.0,1,1
Super built-up Area,Kengeri,2.0,3.0,64.0,1540.0,3.0,513.3333333333334,0.6666666666666666,1,1
Super built-up Area,Thanisandra,3.0,1.0,74.75,1436.0,3.0,478.6666666666667,1.0,0,0
Super built-up Area,Malleshwaram,2.0,2.0,75.0,1100.0,2.0,550.0,1.0,0,0
Super built-up Area,Thanisandra,3.0,2.0,120.0,1427.0,3.0,475.6666666666667,1.0,1,1
Super built-up Area,Akshaya Nagar,3.0,1.0,200.0,2061.0,3.0,687.0,1.0,1,1
Super built-up Area,Hebbal,4.0,0.0,477.0,5611.5,4.0,1402.875,1.0,0,1
Built-up Area,Shampura,4.0,2.0,150.0,2650.0,4.0,662.5,1.0,1,0
Super built-up Area,Devanahalli,2.0,2.0,68.52,1282.0,3.0,427.3333333333333,0.6666666666666666,0,1
Built-up Area,Kadugodi,2.0,1.0,34.0,1050.0,2.0,525.0,1.0,1,0
Built-up Area,LB Shastri Nagar,3.0,2.0,65.0,1600.0,3.0,533.3333333333334,1.0,1,1
Super built-up Area,Vajarahalli,2.0,1.0,54.0,945.0,2.0,472.5,1.0,0,0
Super built-up Area,Hormavu,2.0,1.0,78.0,1500.0,2.0,750.0,1.0,1,1
Built-up Area,Peenya,3.0,3.0,110.0,1870.0,3.0,623.3333333333334,1.0,1,1
Plot Area,Sarjapur,3.0,1.0,75.0,1600.0,3.0,533.3333333333334,1.0,1,1
Super built-up Area,Electronic City,1.0,1.0,16.5,880.0,2.0,440.0,0.5,1,1
Plot Area,Ramaswamy Palya - Kammanahalli Main Road,4.0,0.0,210.0,1200.0,4.0,300.0,1.0,1,0
Super built-up Area,Kudlu Gate,3.0,2.0,83.0,1535.0,3.0,511.6666666666667,1.0,1,1
Built-up Area,Kanakpura Road,2.0,1.0,57.0,950.0,2.0,475.0,1.0,1,1
Super built-up Area,Devanahalli,2.0,1.0,65.0,1360.0,2.0,680.0,1.0,0,1
Super built-up Area,8th Phase JP Nagar,2.0,0.0,54.005,1073.5,2.0,536.75,1.0,0,1
Super built-up Area,Bommasandra Industrial Area,3.0,1.0,50.4,1280.0,3.0,426.6666666666667,1.0,0,0
Super built-up Area,Chandra Layout,2.0,2.0,85.05,1260.0,3.0,420.0,0.6666666666666666,0,1
Built-up Area,Hennur Road,8.0,,250.0,5000.0,8.0,625.0,1.0,1,0
Super built-up Area,Yelahanka,5.0,1.0,213.0,3050.0,5.0,610.0,1.0,0,1
Super built-up Area,Kasavanhalli,3.0,1.0,105.0,1563.05,3.0,521.0166666666667,1.0,1,1
Super built-up Area,ISRO Layout,2.0,1.0,60.0,1000.0,2.0,500.0,1.0,1,0
Super built-up Area,Anandapura,2.0,1.0,43.76,1167.0,2.0,583.5,1.0,0,1
Super built-up Area,Vishveshwarya Layout,7.0,2.0,225.0,4000.0,7.0,571.4285714285714,1.0,1,0
Super built-up Area,Kothanur,3.0,,110.0,1828.0,3.0,609.3333333333334,1.0,1,1
Super built-up Area,Kengeri Satellite Town,2.0,1.0,35.0,890.0,2.0,445.0,1.0,1,1
Super built-up Area,Basavanapura,3.0,3.0,46.74,1612.0,3.0,537.3333333333334,1.0,1,1
Super built-up Area,Mysore Road,4.0,2.0,91.31,1710.0,3.0,570.0,1.3333333333333333,0,1
Super built-up Area,Kannamangala,2.0,1.0,58.0,957.0,2.0,478.5,1.0,1,1
Super built-up Area,Devarachikkanahalli,2.0,3.0,44.0,1250.0,3.0,416.6666666666667,0.6666666666666666,0,0
Super built-up Area,Sanjeevini Nagar,4.0,,235.0,2795.0,3.0,931.6666666666666,1.3333333333333333,1,1
Super built-up Area,Hulimavu,2.0,2.0,50.0,1125.0,2.0,562.5,1.0,1,1
Super built-up Area,Electronic City Phase II,2.0,1.0,30.6,1020.0,2.0,510.0,1.0,0,1
Super built-up Area,Kalena Agrahara,2.0,2.0,50.0,1200.0,2.0,600.0,1.0,1,0
Super built-up Area,Thanisandra,3.0,3.0,135.0,1735.0,3.0,578.3333333333334,1.0,1,1
Super built-up Area,Thanisandra,3.0,1.0,145.0,2050.0,3.0,683.3333333333334,1.0,1,1
Plot Area,Mahalakshmi Layout,4.0,0.0,760.0,3750.0,4.0,937.5,1.0,1,0
Built-up Area,Yarandahalli,2.0,3.0,48.0,1350.0,3.0,450.0,0.6666666666666666,1,0
Super built-up Area,Hosa Road,2.0,1.0,32.0,1063.0,2.0,531.5,1.0,0,1
Super built-up Area,Keshava Nagar,3.0,1.0,150.0,1904.0,3.0,634.6666666666666,1.0,1,1
Built-up Area,Whitefield,4.0,2.0,420.0,4200.0,4.0,1050.0,1.0,1,0
Super built-up Area,RMV Extension,3.0,1.0,175.0,2000.0,3.0,666.6666666666666,1.0,1,1
Super built-up Area,Sarjapur,2.0,0.0,43.49,1242.5,2.0,621.25,1.0,0,1
Super built-up Area,Tejaswini Nagar,2.0,2.0,75.0,1425.0,3.0,475.0,0.6666666666666666,1,1
Super built-up Area,Electronic City,2.0,1.0,64.5,1500.0,3.0,500.0,0.6666666666666666,1,1
Built-up Area,Electronic City,2.0,1.0,60.0,1060.0,2.0,530.0,1.0,1,1
Built-up Area,Jai Bheema Nagar,2.0,2.0,70.0,1470.0,3.0,490.0,0.6666666666666666,1,1
Super built-up Area,Attibele,1.0,1.0,11.0,450.0,1.0,450.0,1.0,1,1
Super built-up Area,Electronic City,2.0,1.0,64.5,1152.0,2.0,576.0,1.0,0,1
Super built-up Area,Electronic City,2.0,1.0,56.0,1350.0,3.0,450.0,0.6666666666666666,1,1
Super built-up Area,CV Raman Nagar,3.0,3.0,65.0,1550.0,3.0,516.6666666666666,1.0,1,1
Plot Area,CHIKKATIRUPATHI,3.0,2.0,100.0,1500.0,3.0,500.0,1.0,1,0
Plot Area,Nagavara,1.0,0.0,14.0,400.0,1.0,400.0,1.0,1,0
Super built-up Area,Malleshwaram,1.0,2.0,67.0,705.0,1.0,705.0,1.0,1,1
Built-up Area,Electronic City,1.0,1.0,36.0,770.0,2.0,385.0,0.5,1,1
Super built-up Area,Hulimavu,2.0,3.0,51.0,1242.0,2.0,621.0,1.0,1,1
Super built-up Area,Hebbal Kempapura,3.0,2.0,155.0,1700.0,3.0,566.6666666666666,1.0,1,1
Super built-up Area,Thanisandra,3.0,2.0,145.0,2144.0,3.0,714.6666666666666,1.0,1,1
Super built-up Area,Vijayanagar,3.0,2.0,110.0,1704.0,3.0,568.0,1.0,0,1
Super built-up Area,Electronic City,2.0,1.0,52.0,1070.0,2.0,535.0,1.0,1,1
Plot Area,8th block Koramangala,3.0,2.0,300.0,1846.0,3.0,615.3333333333334,1.0,1,0
Super built-up Area,Jakkuru Layout,2.0,2.0,55.7,1340.0,2.0,670.0,1.0,1,0
Built-up Area,Electronic City,2.0,1.0,46.0,1025.0,2.0,512.5,1.0,1,1
Super built-up Area,KR Puram,2.0,0.0,56.8,1277.5,2.0,638.75,1.0,1,1
Super built-up Area,Marathahalli,2.0,2.0,52.0,1200.0,2.0,600.0,1.0,1,1
Built-up Area,Kanakpura Road,4.0,1.0,110.0,2250.0,4.0,562.5,1.0,0,0
Super built-up Area,Pattandur Agrahara,2.0,3.0,80.0,1550.0,3.0,516.6666666666666,0.6666666666666666,1,1
Plot Area,Bellandur,5.0,,325.0,1200.0,4.0,300.0,1.25,1,0
Super built-up Area,Marathahalli,2.0,2.0,60.0,1200.0,2.0,600.0,1.0,1,1
Super built-up Area,Yelahanka,2.0,2.0,98.0,1327.0,2.0,663.5,1.0,1,1
Super built-up Area,Kothanur,2.0,2.0,58.0,1186.0,2.0,593.0,1.0,1,0
Built-up Area,MS Pallya,3.0,1.0,115.0,1783.0,3.0,594.3333333333334,1.0,1,0
Super built-up Area,HSR Layout,3.0,2.0,56.0,1400.0,3.0,466.6666666666667,1.0,1,1
Super built-up Area,Nagasandra,2.0,1.0,48.0,980.0,2.0,490.0,1.0,1,0
Super built-up Area,EPIP Zone,2.0,2.0,82.0,1285.0,2.0,642.5,1.0,1,0
Super built-up Area,Langford Town,2.0,1.0,70.0,912.0,3.0,304.0,0.6666666666666666,1,0
Built-up Area,Whitefield,2.0,2.0,47.6,1225.0,2.0,612.5,1.0,1,1
Super built-up Area,Whitefield,2.0,1.0,53.0,1075.0,2.0,537.5,1.0,1,0
Built-up Area,Kadugodi,2.0,2.0,54.0,1260.0,3.0,420.0,0.6666666666666666,1,1
Super built-up Area,Yelahanka,2.0,2.0,48.7,1282.0,3.0,427.3333333333333,0.6666666666666666,1,1
Super built-up Area,Kogilu,3.0,2.0,88.0,1909.0,3.0,636.3333333333334,1.0,1,1
Super built-up Area,Panathur,2.0,1.0,87.0,1359.0,2.0,679.5,1.0,1,1
Built-up Area,Nagondanahalli,2.0,2.0,43.5,1207.0,2.0,603.5,1.0,1,0
Plot Area,Padmanabhanagar,6.0,0.0,190.0,1736.0,4.0,434.0,1.5,1,0
Super built-up Area,1st Block Jayanagar,4.0,1.0,428.0,2850.0,4.0,712.5,1.0,0,0
Super built-up Area,Kammasandra,3.0,2.0,65.0,1595.0,3.0,531.6666666666666,1.0,1,1
Built-up Area,"Off Sarjapur Road,",3.0,2.0,89.0,1798.0,3.0,599.3333333333334,1.0,0,0
Super built-up Area,Electronics City Phase 1,3.0,2.0,78.29,1475.0,3.0,491.6666666666667,1.0,1,1
Super built-up Area,Tala Cauvery Layout,3.0,3.0,100.0,1580.0,3.0,526.6666666666666,1.0,1,1
Super built-up Area,Dasarahalli,2.0,1.0,65.0,1295.0,2.0,647.5,1.0,1,1
Built-up Area,Magadi Road,6.0,0.0,141.0,3600.0,6.0,600.0,1.0,1,0
Super built-up Area,Electronic City,1.0,1.0,27.0,589.0,1.0,589.0,1.0,1,1
Super built-up Area,Ngef Layout,3.0,3.0,78.0,1415.0,3.0,471.6666666666667,1.0,1,0
Super built-up Area,Sarjapur  Road,3.0,2.0,98.29,1787.0,3.0,595.6666666666666,1.0,0,1
Super built-up Area,Sarjapur  Road,3.0,2.0,125.0,1787.0,3.0,595.6666666666666,1.0,1,1
Super built-up Area,Koramangala,2.0,3.0,90.0,1475.0,3.0,491.6666666666667,0.6666666666666666,1,1
Built-up Area,"Lakshminarayanapura, Electronic City Phase 2",4.0,1.0,75.5,2000.0,4.0,500.0,1.0,1,0
Super built-up Area,Sarjapur  Road,2.0,1.0,44.28,984.0,2.0,492.0,1.0,0,1
Super built-up Area,Devanahalli,,,74.82,1630.0,3.0,543.3333333333334,,0,1
Super built-up Area,Muthurayya Swamy Layout,4.0,2.0,260.0,2405.0,3.0,801.6666666666666,1.3333333333333333,1,1
Built-up Area,7th Phase JP Nagar,2.0,2.0,72.0,1080.0,2.0,540.0,1.0,1,1
Plot Area,Shantiniketan Layout,2.0,1.0,115.0,1500.0,2.0,750.0,1.0,1,0
Super built-up Area,Hebbal,3.0,2.0,119.0,1900.0,3.0,633.3333333333334,1.0,1,0
Super built-up Area,Dommasandra,2.0,1.0,22.14,805.0,2.0,402.5,1.0,0,0
Super built-up Area,Budigere,2.0,2.0,56.4,1153.0,2.0,576.5,1.0,1,1
Super built-up Area,Dodda Nekkundi Extension,2.0,2.0,60.0,1148.0,2.0,574.0,1.0,1,1
Super built-up Area,Mylasandra,2.0,2.0,55.0,1110.0,2.0,555.0,1.0,1,1
Built-up Area,Electronic City,2.0,2.0,42.0,1100.0,2.0,550.0,1.0,1,1
Super built-up Area,Kalyan nagar,2.0,2.0,110.0,1290.0,2.0,645.0,1.0,1,1
Super built-up Area,Dr Shivarama Karantha Nagar,2.0,1.0,65.0,1500.0,3.0,500.0,0.6666666666666666,1,0
Super built-up Area,Bank Of Baroda Colony,2.0,2.0,39.0,1080.0,2.0,540.0,1.0,0,0
Super built-up Area,Vijayanagar,3.0,1.0,129.0,1933.0,3.0,644.3333333333334,1.0,0,1
Built-up Area,Ramamurthy Nagar,5.0,2.0,150.0,3500.0,5.0,700.0,1.0,1,0
Built-up Area,Kullappa Colony,2.0,2.0,60.0,1060.0,2.0,530.0,1.0,1,0
Super built-up Area,Chandapura,1.0,1.0,16.45,645.0,1.0,645.0,1.0,0,1
Plot Area,Mukkutam Nagar,8.0,2.0,180.0,2600.0,8.0,325.0,1.0,1,0
Super built-up Area,Chandapura,1.0,1.0,16.45,645.0,1.0,645.0,1.0,0,1
Super built-up Area,Ashwath Nagar,3.0,3.0,84.0,1644.0,3.0,548.0,1.0,1,1
Super built-up Area,Ncpr Industrial Layout,2.0,3.0,72.5,1285.0,2.0,642.5,1.0,1,1
Plot Area,Electronic City,3.0,1.0,90.0,1200.0,3.0,400.0,1.0,1,0
Super built-up Area,Electronic City,2.0,1.0,40.0,910.0,2.0,455.0,1.0,1,1
Super built-up Area,Kothanur,3.0,1.0,70.0,1577.0,3.0,525.6666666666666,1.0,1,1
Plot Area,Meenakunte,3.0,2.0,280.0,4050.0,3.0,1350.0,1.0,0,1
Super built-up Area,OMBR Layout,3.0,2.0,185.0,2420.0,3.0,806.6666666666666,1.0,1,1
Super built-up Area,Chandapura,1.0,1.0,20.0,800.0,2.0,400.0,0.5,1,1
Built-up Area,Anand Nagar,2.0,2.0,55.0,1060.0,2.0,530.0,1.0,1,0
Super built-up Area,7th Phase JP Nagar,2.0,2.0,93.0,1270.0,2.0,635.0,1.0,1,1
Super built-up Area,Shree Ananth Nagar Layout,2.0,2.0,22.5,900.0,2.0,450.0,1.0,0,0
Built-up Area,Kundalahalli Colony,2.0,1.0,69.0,1280.0,2.0,640.0,1.0,1,0
Plot Area,Horamavu Agara,2.0,0.0,95.0,1200.0,4.0,300.0,0.5,1,0
Built-up Area,Sarjapur  Road,2.0,2.0,36.0,1025.0,2.0,512.5,1.0,1,0
Super built-up Area,Electronic City,2.0,1.0,63.0,1108.0,2.0,554.0,1.0,0,1
Super built-up Area,Coffee Board Layout,3.0,2.0,170.0,3045.0,3.0,1015.0,1.0,1,1
Plot Area,Ambedkar Nagar,3.0,2.0,300.0,2900.0,4.0,725.0,0.75,1,1
Super built-up Area,Vijayanagar,3.0,2.0,75.5,1500.0,3.0,500.0,1.0,1,1
Super built-up Area,Raja Rajeshwari Nagar,2.0,2.0,43.9,1295.0,2.0,647.5,1.0,1,1
Super built-up Area,Budigere,2.0,1.0,59.9,1162.0,2.0,581.0,1.0,1,1
Super built-up Area,Sarjapur  Road,2.0,2.0,49.2,1035.0,2.0,517.5,1.0,1,1
Built-up Area,Attibele,4.0,0.0,52.8,1600.0,4.0,400.0,1.0,1,1
Super built-up Area,KUDLU MAIN ROAD,3.0,2.0,46.0,1464.0,3.0,488.0,1.0,1,0
Super built-up Area,Hennur Road,2.0,2.0,61.58,1866.0,3.0,622.0,0.6666666666666666,0,1
Super built-up Area,Geleyara Balaga Layout,1.0,1.0,26.0,700.0,2.0,350.0,0.5,1,1
Super built-up Area,Kalena Agrahara,3.0,2.0,120.0,1804.0,3.0,601.3333333333334,1.0,1,1
Super built-up Area,Sarjapur,2.0,1.0,32.0,913.0,2.0,456.5,1.0,1,0
Super built-up Area,Talaghattapura,3.0,2.0,131.0,1868.0,3.0,622.6666666666666,1.0,0,1
Built-up Area,Kengeri Satellite Town,2.0,1.0,45.0,883.0,2.0,441.5,1.0,1,0
Plot Area,Sundara Nagar,2.0,1.0,110.0,900.0,2.0,450.0,1.0,1,0
Super built-up Area,Kogilu,2.0,3.0,73.95,1664.0,3.0,554.6666666666666,0.6666666666666666,1,0
Super built-up Area,Hegde Nagar,3.0,2.0,132.0,2026.0,3.0,675.3333333333334,1.0,1,1
Super built-up Area,Balagere,2.0,1.0,80.9,1210.0,2.0,605.0,1.0,1,1
Plot Area,Meenakunte,4.0,2.0,250.0,4111.0,4.0,1027.75,1.0,1,1
Super built-up Area,Kadugodi,3.0,3.0,91.45,1762.0,3.0,587.3333333333334,1.0,1,1
Super built-up Area,Jigani,3.0,3.0,55.0,1252.0,3.0,417.3333333333333,1.0,1,1
Built-up Area,Gollarapalya Hosahalli,2.0,1.0,34.5,861.0,2.0,430.5,1.0,1,1
Built-up Area,7th Phase JP Nagar,2.0,1.0,100.0,1420.0,3.0,473.3333333333333,0.6666666666666666,1,1
Built-up Area,Electronics City Phase 1,3.0,1.0,78.8,1490.0,3.0,496.6666666666667,1.0,1,1
Super built-up Area,Bisuvanahalli,2.0,1.0,46.0,1075.0,3.0,358.3333333333333,0.6666666666666666,1,0
Super built-up Area,Old Madras Road,2.0,2.0,94.0,1425.0,3.0,475.0,0.6666666666666666,0,1
Built-up Area,Kalena Agrahara,2.0,1.0,40.0,1200.0,2.0,600.0,1.0,1,1
Super built-up Area,Kaggadasapura,2.0,2.0,56.0,1280.0,3.0,426.6666666666667,0.6666666666666666,1,0
Super built-up Area,Silver Springs Layout,2.0,2.0,50.0,1084.0,2.0,542.0,1.0,1,1
Super built-up Area,Chandapura,2.0,2.0,25.88,1015.0,2.0,507.5,1.0,0,1
Super built-up Area,Kanakpura Road,2.0,1.0,51.25,1017.0,2.0,508.5,1.0,0,1
Super built-up Area,Haralur Road,2.0,2.0,44.0,1027.0,2.0,513.5,1.0,1,0
Super built-up Area,Electronic City Phase II,2.0,2.0,45.0,1069.0,2.0,534.5,1.0,1,1
Super built-up Area,Hebbal,2.0,1.0,98.2,1349.0,2.0,674.5,1.0,1,1
Super built-up Area,9th Phase JP Nagar,2.0,1.0,50.0,1005.0,2.0,502.5,1.0,1,1
Super built-up Area,Jakkur,2.0,3.0,75.0,1417.0,2.0,708.5,1.0,1,1
Plot Area,TC Palaya,3.0,1.0,98.0,1475.0,3.0,491.6666666666667,1.0,0,0
Carpet Area,Maruthi Sevanagar,2.0,2.0,47.0,950.0,2.0,475.0,1.0,1,1
Super built-up Area,RMV 2nd Stage,4.0,0.0,120.0,2000.0,4.0,500.0,1.0,1,1
Super built-up Area,Sarjapur  Road,3.0,2.0,104.0,1863.0,4.0,465.75,0.75,1,1
Super built-up Area,Singasandra,2.0,1.0,29.5,1010.0,2.0,505.0,1.0,1,1
Super built-up Area,Kalena Agrahara,2.0,1.0,70.0,1425.0,3.0,475.0,0.6666666666666666,1,1
Super built-up Area,Vijayanagar,3.0,0.0,100.0,1450.0,3.0,483.3333333333333,1.0,1,1
Super built-up Area,Kothanur,3.0,2.0,105.0,1847.0,3.0,615.6666666666666,1.0,1,1
Super built-up Area,AECS Layout,2.0,3.0,45.0,1100.0,2.0,550.0,1.0,1,1
Super built-up Area,Kanakpura Road,1.0,1.0,26.0,525.0,1.0,525.0,1.0,0,1
Super built-up Area,Mallasandra,3.0,2.0,95.0,1665.0,3.0,555.0,1.0,1,1
Super built-up Area,Begur,4.0,3.0,65.0,1664.0,4.0,416.0,1.0,1,1
Super built-up Area,JP Nagar,3.0,3.0,150.0,1850.0,3.0,616.6666666666666,1.0,1,1
Super built-up Area,Panathur,2.0,3.0,100.0,1438.0,2.0,719.0,1.0,1,1
Super built-up Area,Sunder Ram Shetty Nagar,3.0,3.0,115.0,1560.0,3.0,520.0,1.0,1,1
Super built-up Area,Yelahanka,2.0,1.0,55.55,1350.0,2.0,675.0,1.0,0,0
Super built-up Area,Kanakpura Road,3.0,3.0,67.0,1550.0,3.0,516.6666666666666,1.0,1,1
Super built-up Area,Malleshpalya,2.0,2.0,46.5,1140.0,2.0,570.0,1.0,0,0
Super built-up Area,Kodathi,2.0,2.0,27.0,850.0,2.0,425.0,1.0,0,0
Super built-up Area,Whitefield,2.0,2.0,75.0,1280.0,2.0,640.0,1.0,1,1
Built-up Area,Munnekollal,2.0,2.0,52.0,1170.0,2.0,585.0,1.0,1,0
Super built-up Area,Motappa Layout,2.0,1.0,51.0,1113.0,2.0,556.5,1.0,1,1
Super built-up Area,Hennur Road,2.0,1.0,83.09,1385.0,2.0,692.5,1.0,1,1
Super built-up Area,Electronic City,2.0,1.0,65.0,1128.0,2.0,564.0,1.0,0,1
Plot Area,Marathahalli,2.0,2.0,128.0,1200.0,2.0,600.0,1.0,1,0
Plot Area,Akshaya Vana,4.0,3.0,165.0,1200.0,4.0,300.0,1.0,1,0
Super built-up Area,Rajaji Nagar,3.0,2.0,415.0,2390.0,3.0,796.6666666666666,1.0,1,1
Plot Area,Giri Nagar,4.0,1.0,400.0,2400.0,4.0,600.0,1.0,1,0
Super built-up Area,Haralur Road,3.0,2.0,56.0,1464.0,3.0,488.0,1.0,1,1
Super built-up Area,Manayata Tech Park,2.0,2.0,55.0,1200.0,2.0,600.0,1.0,1,0
Super built-up Area,Kaval Byrasandra,2.0,2.0,52.0,1200.0,2.0,600.0,1.0,1,1
Super built-up Area,Kaggalipura,2.0,1.0,55.0,1150.0,3.0,383.3333333333333,0.6666666666666666,1,1
Built-up Area,Basavanna Nagar,3.0,2.0,95.0,1645.0,3.0,548.3333333333334,1.0,1,1
Super built-up Area,Sarjapur  Road,2.0,1.0,67.0,1000.0,2.0,500.0,1.0,0,0
Plot Area,Haralur Road,4.0,2.0,198.0,2650.0,4.0,662.5,1.0,1,0
Super built-up Area,6th Phase JP Nagar,2.0,2.0,74.0,1192.0,2.0,596.0,1.0,1,1
Super built-up Area,Ulsoor,3.0,2.0,215.0,2135.0,3.0,711.6666666666666,1.0,1,1
Super built-up Area,Whitefield,2.0,1.0,58.0,1173.0,2.0,586.5,1.0,0,1
Built-up Area,Uttarahalli,2.0,2.0,45.0,1020.0,2.0,510.0,1.0,1,1
Super built-up Area,Thigalarapalya,6.0,2.0,230.0,3122.0,4.0,780.5,1.5,1,1
Super built-up Area,Somasundara Palya,3.0,3.0,64.0,1600.0,3.0,533.3333333333334,1.0,1,0
Plot Area,T.C PALYA,2.0,0.0,79.0,1200.0,2.0,600.0,1.0,0,0
Carpet Area,Muneshwara Nagar,2.0,3.0,48.0,1230.0,2.0,615.0,1.0,1,0
Super built-up Area,Devarachikkanahalli,2.0,2.0,40.0,1250.0,2.0,625.0,1.0,1,1
Super built-up Area,Kalena Agrahara,2.0,2.0,76.0,1325.0,2.0,662.5,1.0,1,1
Built-up Area,7th Phase JP Nagar,3.0,1.0,150.0,1850.0,3.0,616.6666666666666,1.0,1,1
Super built-up Area,Kanakpura Road,,,21.53,525.0,1.0,525.0,,0,1
Super built-up Area,Basaveshwara Nagar,2.0,2.0,65.0,1200.0,2.0,600.0,1.0,1,0
Plot Area,Bull Temple Road,2.0,0.0,140.0,1350.0,3.0,450.0,0.6666666666666666,1,0
Super built-up Area,Bommasandra,3.0,1.0,49.36,1260.0,3.0,420.0,1.0,0,1
Super built-up Area,Prashanth Nagar,3.0,0.0,150.0,1800.0,3.0,600.0,1.0,1,1
Built-up Area,Ardendale,2.0,1.0,43.25,1100.0,2.0,550.0,1.0,1,1
Super built-up Area,Harlur,2.0,1.0,77.0,1508.0,2.0,754.0,1.0,1,1
Carpet Area,Sampigehalli,3.0,2.0,75.0,1592.0,3.0,530.6666666666666,1.0,1,1
Super built-up Area,Akshaya Nagar,2.0,3.0,57.0,1388.0,2.0,694.0,1.0,1,1
Super built-up Area,Electronic City Phase II,1.0,1.0,28.35,630.0,1.0,630.0,1.0,0,1
Plot Area,RMV,3.0,2.0,365.0,2000.0,3.0,666.6666666666666,1.0,1,0
Super built-up Area,Banashankari3rd stage bigbazar,3.0,1.0,125.0,1762.0,3.0,587.3333333333334,1.0,1,0
Super built-up Area,Bagalur Main Road,2.0,2.0,50.0,950.0,2.0,475.0,1.0,0,0
Super built-up Area,Kodihalli,5.0,3.0,335.0,3252.0,4.0,813.0,1.25,1,1
Super built-up Area,Magadi Road,2.0,1.0,50.0,1116.0,2.0,558.0,1.0,0,1
Super built-up Area,Narayanapura,2.0,2.0,89.04,1308.0,2.0,654.0,1.0,1,1
Super built-up Area,MS Pallya,3.0,0.0,90.0,1200.0,3.0,400.0,1.0,1,0
Plot Area,Binny Mills Employees Colony,4.0,2.0,230.0,1500.0,4.0,375.0,1.0,1,0
Built-up Area,Bannerghatta Road,1.0,1.0,18.5,500.0,1.0,500.0,1.0,1,0
Super built-up Area,Hennur,2.0,1.0,52.0,1075.0,2.0,537.5,1.0,1,1
Super built-up Area,Chandapura,1.0,0.0,11.66,530.0,1.0,530.0,1.0,0,1
Built-up Area,Bellandur,2.0,3.0,66.0,1205.0,2.0,602.5,1.0,1,0
Super built-up Area,5th Phase JP Nagar,2.0,2.0,60.0,1075.0,2.0,537.5,1.0,1,1
Built-up Area,KR Puram,2.0,2.0,39.0,930.0,2.0,465.0,1.0,1,1
Super built-up Area,Balagere,2.0,1.0,60.0,1380.0,2.0,690.0,1.0,1,1
Super built-up Area,Hebbal,5.0,2.0,212.0,2483.0,4.0,620.75,1.25,1,1
Built-up Area,Kodigehaali,2.0,2.0,55.0,1166.0,2.0,583.0,1.0,1,1
Super built-up Area,Bannerghatta Road,2.0,1.0,65.0,1050.0,2.0,525.0,1.0,1,1
Super built-up Area,Gopalapura,3.0,2.0,275.0,2023.71,3.0,674.57,1.0,0,1
Super built-up Area,Begur Road,2.0,2.0,46.8,1200.0,2.0,600.0,1.0,1,1
Super built-up Area,Lakshminarayana Pura,2.0,1.0,108.0,1600.0,3.0,533.3333333333334,0.6666666666666666,1,1
Super built-up Area,Billekahalli,3.0,2.0,110.0,1935.0,3.0,645.0,1.0,1,1
Super built-up Area,8th Phase JP Nagar,1.0,0.0,29.9,451.0,1.0,451.0,1.0,0,1
Super built-up Area,Electronic City,3.0,2.0,95.0,1800.0,3.0,600.0,1.0,1,1
Super built-up Area,Jalahalli,3.0,0.0,77.0,1400.0,3.0,466.6666666666667,1.0,0,1
Super built-up Area,Hegde Nagar,3.0,2.0,115.0,1801.0,3.0,600.3333333333334,1.0,1,1
Built-up Area,Mahadevpura,2.0,,90.0,1451.0,2.0,725.5,1.0,1,1
Plot Area,Anekal,1.0,1.0,36.0,1200.0,2.0,600.0,0.5,0,0
Super built-up Area,Begur Road,2.0,2.0,44.0,1160.0,2.0,580.0,1.0,1,1
Built-up Area,Kengeri,2.0,1.0,25.0,1000.0,2.0,500.0,1.0,1,0
Super built-up Area,Kanakpura Road,2.0,1.0,40.0,950.0,2.0,475.0,1.0,1,1
Built-up Area,"Hoodi Circle,",3.0,2.0,79.0,1629.0,3.0,543.0,1.0,0,0
Built-up Area,Vijayanagar,2.0,0.0,134.0,1580.0,3.0,526.6666666666666,0.6666666666666666,1,0
Super built-up Area,Vijayanagar,3.0,2.0,121.0,1826.0,3.0,608.6666666666666,1.0,0,1
Built-up Area,7th Phase JP Nagar,2.0,1.0,94.0,1245.0,2.0,622.5,1.0,1,1
Super built-up Area,Raja Rajeshwari Nagar,2.0,2.0,45.79,1145.0,2.0,572.5,1.0,1,1
Super built-up Area,Sompura,2.0,1.0,33.0,825.0,2.0,412.5,1.0,1,1
Super built-up Area,Yeshwanthpur,3.0,3.0,108.0,1693.0,3.0,564.3333333333334,1.0,0,1
Super built-up Area,Electronics City Phase 1,2.0,2.0,53.0,1113.27,2.0,556.635,1.0,1,1
Built-up Area,Ashirvad Colony,2.0,1.0,58.0,1460.0,2.0,730.0,1.0,1,1
Built-up Area,Doddathoguru,2.0,1.0,32.0,1050.0,2.0,525.0,1.0,1,1
Built-up Area,Dodda Nekkundi,2.0,2.0,55.0,1260.0,2.0,630.0,1.0,1,1
Built-up Area,Hosur Road,2.0,1.0,120.0,1656.0,2.0,828.0,1.0,1,1
Super built-up Area,Chandapura,3.0,1.0,45.0,1208.0,3.0,402.6666666666667,1.0,1,1
Super built-up Area,Whitefield,3.0,2.0,161.0,1910.0,3.0,636.6666666666666,1.0,1,1
Super built-up Area,Whitefield,4.0,1.0,230.0,3252.0,4.0,813.0,1.0,1,1
Plot Area,Battarahalli,2.0,1.0,65.0,1200.0,2.0,600.0,1.0,1,0
Super built-up Area,Gokula Extension,4.0,1.0,175.0,1200.0,4.0,300.0,1.0,1,0
Super built-up Area,7th Phase JP Nagar,2.0,1.0,82.0,1175.0,2.0,587.5,1.0,1,1
Plot Area,Kamakshipalya,2.0,0.0,165.0,1000.0,2.0,500.0,1.0,1,0
Plot Area,Bannerghatta Road,2.0,0.0,125.0,1200.0,4.0,300.0,0.5,1,0
Super built-up Area,Rajaji Nagar,3.0,2.0,410.0,2390.0,3.0,796.6666666666666,1.0,1,1
Super built-up Area,Rajaji Nagar,6.0,3.0,2200.0,12000.0,7.0,1714.2857142857142,0.8571428571428571,0,0
Super built-up Area,Kengeri,1.0,0.0,18.5,370.923994,1.0,370.923994,1.0,1,0
Super built-up Area,Sanne Amanikere,2.0,,38.0,1185.0,2.0,592.5,1.0,1,1
Super built-up Area,Kengeri,2.0,1.0,38.0,750.0,2.0,375.0,1.0,1,1
Super built-up Area,Kanakpura Road,3.0,3.0,64.5,1550.0,3.0,516.6666666666666,1.0,1,1
Built-up Area,Amco Colony,3.0,2.0,88.0,1760.0,3.0,586.6666666666666,1.0,1,1
Super built-up Area,Billekahalli,2.0,2.0,62.0,1125.0,2.0,562.5,1.0,1,1
Plot Area,Nagarbhavi,3.0,2.0,150.0,1350.0,3.0,450.0,1.0,1,0
Plot Area,Anandapura,2.0,1.0,55.0,1000.0,2.0,500.0,1.0,0,0
Built-up Area,Bommasandra Industrial Area,2.0,2.0,31.48,1090.0,2.0,545.0,1.0,0,0
Plot Area,TC Palaya,2.0,0.0,60.0,1200.0,2.0,600.0,1.0,1,0
Super built-up Area,Budigere,4.0,2.0,103.0,1991.0,3.0,663.6666666666666,1.3333333333333333,1,1
Super built-up Area,Bommasandra,2.0,1.0,26.5,1060.0,2.0,530.0,1.0,0,1
Super built-up Area,Ambalipura,2.0,1.0,75.0,1105.0,2.0,552.5,1.0,1,1
Built-up Area,Hoodi,2.0,2.0,67.0,985.0,2.0,492.5,1.0,1,1
Super built-up Area,Balagere,3.0,2.0,79.0,1590.0,3.0,530.0,1.0,0,1
Super built-up Area,CV Raman Nagar,2.0,2.0,55.0,1120.0,2.0,560.0,1.0,1,1
Super built-up Area,Samethanahalli,2.0,1.0,55.0,1069.0,2.0,534.5,1.0,1,1
Super built-up Area,Marathahalli,3.0,2.0,140.0,1933.0,3.0,644.3333333333334,1.0,1,1
Built-up Area,Hosur Road,2.0,0.0,69.0,1194.0,2.0,597.0,1.0,0,1
Super built-up Area,Brookefield,2.0,3.0,69.0,1150.0,2.0,575.0,1.0,1,1
Super built-up Area,Yelenahalli,2.0,2.0,47.12,1240.0,2.0,620.0,1.0,1,0
Super built-up Area,Raja Rajeshwari Nagar,2.0,2.0,48.1,1419.0,2.0,709.5,1.0,1,1
Super built-up Area,Richmond Town,4.0,,240.0,2150.0,3.0,716.6666666666666,1.3333333333333333,1,1
Super built-up Area,Suddaguntepalya,3.0,2.0,55.0,1450.0,3.0,483.3333333333333,1.0,1,1
Super built-up Area,Udayapur Village,3.0,2.0,68.29,1630.0,3.0,543.3333333333334,1.0,0,1
Super built-up Area,Dasanapura,1.0,1.0,40.0,708.0,2.0,354.0,0.5,1,1
Plot Area,Kasavanhalli,4.0,3.0,110.0,1000.0,3.0,333.3333333333333,1.3333333333333333,1,0
Plot Area,Whitefield,4.0,3.0,700.0,11890.0,4.0,2972.5,1.0,1,0
Super built-up Area,Bellandur,2.0,1.0,76.0,1250.0,2.0,625.0,1.0,1,1
Super built-up Area,7th Phase JP Nagar,2.0,1.0,95.0,1400.0,3.0,466.6666666666667,0.6666666666666666,1,1
Super built-up Area,Sarjapur  Road,2.0,3.0,57.0,1670.0,3.0,556.6666666666666,0.6666666666666666,1,0
Super built-up Area,Ardendale,3.0,2.0,100.0,1750.0,3.0,583.3333333333334,1.0,1,1
Super built-up Area,Vittasandra,2.0,1.0,71.0,1404.0,2.0,702.0,1.0,1,1
Super built-up Area,Hoodi,2.0,2.0,95.0,1715.0,3.0,571.6666666666666,0.6666666666666666,1,1
Built-up Area,Electronic City,1.0,1.0,34.65,630.0,1.0,630.0,1.0,0,1
Super built-up Area,Harlur,3.0,2.0,135.0,1752.12,3.0,584.04,1.0,1,1
Super built-up Area,Hulimavu,3.0,2.0,78.0,1650.0,3.0,550.0,1.0,1,0
Super built-up Area,Raja Rajeshwari Nagar,2.0,1.0,55.47,1295.0,2.0,647.5,1.0,1,1
Plot Area,Giri Nagar,3.0,2.0,252.0,1800.0,3.0,600.0,1.0,1,1
Super built-up Area,Sarjapur  Road,2.0,1.0,74.03,1346.0,2.0,673.0,1.0,0,1
Plot Area,Thippasandra,4.0,2.0,200.0,1200.0,4.0,300.0,1.0,1,0
Super built-up Area,Hormavu,2.0,2.0,55.0,1150.0,2.0,575.0,1.0,1,1
Built-up Area,Chikkabidarakallu,4.0,3.0,325.0,3309.0,4.0,827.25,1.0,1,1
Super built-up Area,Chandapura,2.0,2.0,30.35,1190.0,3.0,396.6666666666667,0.6666666666666666,0,1
Super built-up Area,AECS Layout,3.0,2.0,98.0,1620.0,3.0,540.0,1.0,1,1
Super built-up Area,Marathahalli,2.0,1.0,46.96,950.0,2.0,475.0,1.0,0,0
Super built-up Area,1 Giri Nagar,9.0,3.0,360.0,5000.0,11.0,454.54545454545456,0.8181818181818182,1,1
Super built-up Area,Harlur,3.0,0.0,120.0,2450.0,3.0,816.6666666666666,1.0,1,1
Super built-up Area,Electronic City Phase II,2.0,1.0,35.23,1220.0,3.0,406.6666666666667,0.6666666666666666,0,1
Super built-up Area,Hoysalanagar,2.0,1.0,30.0,850.0,2.0,425.0,1.0,1,1
Built-up Area,Padmanabhanagar,2.0,2.0,63.0,1020.0,2.0,510.0,1.0,1,0
Built-up Area,Chikkalasandra,2.0,2.0,50.0,1100.0,2.0,550.0,1.0,1,0
Super built-up Area,Defence Colony,2.0,2.0,126.0,1150.0,2.0,575.0,1.0,1,1
Super built-up Area,Hebbal,2.0,2.0,130.0,1760.0,3.0,586.6666666666666,0.6666666666666666,0,1
Super built-up Area,Ambalipura,3.0,3.0,110.0,1800.0,3.0,600.0,1.0,1,0
Super built-up Area,Akshaya Nagar,2.0,1.0,54.0,1070.0,2.0,535.0,1.0,1,0
Plot Area,2nd Stage Nagarbhavi,4.0,2.0,220.0,1500.0,4.0,375.0,1.0,1,0
Plot Area,Vidyaranyapura,2.0,0.0,95.0,1440.0,2.0,720.0,1.0,1,0
Super built-up Area,Amruthahalli,2.0,1.0,40.0,900.0,2.0,450.0,1.0,1,1
Built-up Area,ITI Employees Layout,4.0,1.0,230.0,1200.0,4.0,300.0,1.0,1,0
Super built-up Area,Whitefield,2.0,1.0,42.16,1130.0,2.0,565.0,1.0,0,1
Super built-up Area,Koramangala,2.0,1.0,165.0,1320.0,2.0,660.0,1.0,1,1
Super built-up Area,Kodigehalli,2.0,1.0,98.0,1270.0,2.0,635.0,1.0,0,0
Built-up Area,Patelappa Layout,2.0,1.0,62.0,1200.0,2.0,600.0,1.0,1,1
Super built-up Area,Ring Road Nagarbhavi,4.0,,235.0,4800.0,4.0,1200.0,1.0,1,0
Super built-up Area,NS Palya,2.0,1.0,74.0,1200.0,2.0,600.0,1.0,1,0
Super built-up Area,Subramanyapura,2.0,0.0,50.17,929.0,2.0,464.5,1.0,1,1
Super built-up Area,KUDLU MAIN ROAD,3.0,2.0,56.0,1464.0,3.0,488.0,1.0,1,0
Super built-up Area,7th Phase JP Nagar,4.0,3.0,400.0,3600.0,4.0,900.0,1.0,1,0
Plot Area,Bank Avenue,4.0,2.0,99.0,2000.0,4.0,500.0,1.0,1,0
Super built-up Area,Chikkalasandra,2.0,1.0,49.0,1208.0,2.0,604.0,1.0,1,0
Super built-up Area,Hebbal Kempapura,2.0,2.0,60.0,1130.0,2.0,565.0,1.0,1,1
Super built-up Area,Surabhi Layout,3.0,2.0,120.0,1753.0,3.0,584.3333333333334,1.0,1,1
Super built-up Area,Old Madras Road,7.0,3.0,337.0,4500.0,5.0,900.0,1.4,1,1
Super built-up Area,Hoodi,2.0,2.0,94.42,1196.0,2.0,598.0,1.0,0,1
Built-up Area,5th Phase JP Nagar,3.0,3.0,52.5,1150.0,2.0,575.0,1.5,1,1
Super built-up Area,Electronic City,2.0,1.0,63.0,1128.0,2.0,564.0,1.0,0,1
Super built-up Area,Omkar Nagar,2.0,1.0,53.0,1000.0,2.0,500.0,1.0,1,1
Super built-up Area,Yelahanka,2.0,1.0,45.0,1035.0,2.0,517.5,1.0,1,1
Built-up Area,Kereguddadahalli,2.0,1.0,32.0,950.0,2.0,475.0,1.0,1,0
Super built-up Area,Bisuvanahalli,2.0,1.0,36.0,1075.0,3.0,358.3333333333333,0.6666666666666666,1,1
Super built-up Area,Whitefield,2.0,1.0,48.5,1040.0,2.0,520.0,1.0,1,1
Plot Area,Maragondanahalli,2.0,1.0,45.0,720.0,2.0,360.0,1.0,0,0
Super built-up Area,Lingadheeranahalli,3.0,1.0,95.0,1511.0,3.0,503.6666666666667,1.0,1,1
Built-up Area,Silk Board,3.0,1.0,58.0,1300.0,3.0,433.3333333333333,1.0,1,0
Super built-up Area,Hoodi,3.0,1.0,68.75,1545.0,3.0,515.0,1.0,0,1
Built-up Area,Shampura,2.0,0.0,26.0,375.0,1.0,375.0,2.0,1,0
Super built-up Area,Vidyaranyapura,2.0,3.0,38.0,1062.0,2.0,531.0,1.0,1,0
Super built-up Area,Kada Agrahara,2.0,1.0,40.0,1115.0,2.0,557.5,1.0,1,0
Super built-up Area,JP Nagar,2.0,1.0,35.0,1000.0,2.0,500.0,1.0,1,1
Super built-up Area,Kambipura,2.0,1.0,45.0,883.0,2.0,441.5,1.0,0,1
Super built-up Area,Sarjapur  Road,2.0,1.0,70.0,1195.0,2.0,597.5,1.0,0,1
Plot Area,BHEL Layout,3.0,1.0,165.0,1200.0,4.0,300.0,0.75,1,0
Built-up Area,Medahalli,1.0,0.0,41.0,700.0,1.0,700.0,1.0,1,0
Super built-up Area,Vittasandra,2.0,1.0,67.0,1246.0,2.0,623.0,1.0,1,1
Plot Area,Banashankari Stage III,4.0,2.0,145.0,8500.0,4.0,2125.0,1.0,1,0
Super built-up Area,Kashi Nagar,4.0,1.0,80.0,1600.0,4.0,400.0,1.0,1,0
Super built-up Area,Haralur Road,5.0,3.0,154.0,2805.0,4.0,701.25,1.25,0,1
Super built-up Area,Begur Road,3.0,,65.0,1584.0,3.0,528.0,1.0,1,0
Plot Area,Sector 7 HSR Layout,5.0,1.0,275.0,3000.0,4.0,750.0,1.25,1,0
Built-up Area,Hosur Road,2.0,2.0,48.0,1175.0,3.0,391.6666666666667,0.6666666666666666,1,0
Built-up Area,"Yemlur, Old Airport Road,",3.0,2.0,115.0,1595.0,3.0,531.6666666666666,1.0,0,0
Super built-up Area,VHBCS Layout,2.0,2.0,110.0,1353.0,2.0,676.5,1.0,1,1
Super built-up Area,Electronic City,3.0,2.0,125.0,1599.0,3.0,533.0,1.0,0,1
Super built-up Area,Whitefield,2.0,1.0,70.0,1150.0,2.0,575.0,1.0,1,1
Super built-up Area,Jakkur,6.0,1.0,465.0,5230.0,4.0,1307.5,1.5,0,1
Super built-up Area,KR Puram,2.0,2.0,42.74,1155.0,2.0,577.5,1.0,1,1
Built-up Area,Ittamadu,2.0,0.0,85.0,1200.0,1.0,1200.0,2.0,1,0
Super built-up Area,Electronic City Phase II,2.0,1.0,25.0,1000.0,2.0,500.0,1.0,0,0
Super built-up Area,Thanisandra,4.0,,120.0,3000.0,4.0,750.0,1.0,1,0
Built-up Area,Rajiv Nagar,3.0,1.0,160.0,1867.0,3.0,622.3333333333334,1.0,1,1
Super built-up Area,Ramagondanahalli,2.0,1.0,47.0,1251.0,2.0,625.5,1.0,0,1
Super built-up Area,Gattahalli,2.0,1.0,45.5,1028.0,2.0,514.0,1.0,0,1
Super built-up Area,Arekere,2.0,2.0,45.0,1222.0,2.0,611.0,1.0,1,1
Super built-up Area,Bannerghatta Road,2.0,1.0,66.0,1170.0,3.0,390.0,0.6666666666666666,1,1
Super built-up Area,Hebbal,4.0,1.0,245.0,2400.0,3.0,800.0,1.3333333333333333,1,1
Super built-up Area,Ramanjaneyanagar,2.0,2.0,48.48,1385.0,3.0,461.6666666666667,0.6666666666666666,1,0
Super built-up Area,HSR Layout,2.0,1.0,68.0,1372.0,2.0,686.0,1.0,1,1
Super built-up Area,Magadi Road,2.0,2.0,49.0,1282.0,3.0,427.3333333333333,0.6666666666666666,1,1
Super built-up Area,Mico Layout,9.0,3.0,210.0,5000.0,9.0,555.5555555555555,1.0,1,1
Built-up Area,7th Block Jayanagar,3.0,1.0,528.0,3000.0,5.0,600.0,0.6,1,0
Super built-up Area,Kanakpura Road,2.0,1.0,39.73,1135.0,2.0,567.5,1.0,1,1
Built-up Area,Whitefield,3.0,2.0,101.0,1768.0,3.0,589.3333333333334,1.0,0,0
Built-up Area,Byatarayanapura,2.0,1.0,90.0,1325.0,3.0,441.6666666666667,0.6666666666666666,1,1
Super built-up Area,Electronic City,3.0,2.0,99.0,1599.0,3.0,533.0,1.0,0,1
Plot Area,Whitefield,3.0,1.0,61.95,1500.0,3.0,500.0,1.0,0,0
Plot Area,2nd Phase JP Nagar,3.0,0.0,499.0,2610.0,3.0,870.0,1.0,1,0
Super built-up Area,Uttarahalli,2.0,2.0,63.0,1286.0,2.0,643.0,1.0,1,0
Built-up Area,Kammanahalli,5.0,1.0,140.0,2845.0,5.0,569.0,1.0,1,0
Super built-up Area,K G Colony,2.0,,50.0,1600.0,3.0,533.3333333333334,0.6666666666666666,1,1
Super built-up Area,Hennur Road,2.0,0.0,63.77,1317.5,2.0,658.75,1.0,0,1
Super built-up Area,Hebbal,5.0,2.0,260.0,3450.0,3.0,1150.0,1.6666666666666667,1,1
Super built-up Area,Munnekollal,2.0,2.0,53.67,1102.0,2.0,551.0,1.0,0,1
Super built-up Area,Yelahanka,2.0,2.0,54.0,1350.0,2.0,675.0,1.0,1,1
Super built-up Area,Banashankari,2.0,2.0,42.0,1200.0,3.0,400.0,0.6666666666666666,1,0
Plot Area,Herohalli,1.0,1.0,80.0,1800.0,2.0,900.0,0.5,1,0
Built-up Area,Chikkabanavar,2.0,1.0,40.0,950.0,2.0,475.0,1.0,1,0
Super built-up Area,Kanakpura Road,1.0,1.0,27.25,525.0,1.0,525.0,1.0,0,1
Built-up Area,Attibele,2.0,1.0,25.0,656.0,2.0,328.0,1.0,1,1
Plot Area,Marathahalli,4.0,3.0,175.0,1780.0,4.0,445.0,1.0,1,0
Super built-up Area,3rd Block Hrbr Layout,2.0,1.0,80.0,1056.0,2.0,528.0,1.0,1,1
Super built-up Area,Bannerghatta Road,1.0,1.0,33.32,595.0,1.0,595.0,1.0,0,1
Built-up Area,Ittamadu,2.0,2.0,50.0,1080.0,2.0,540.0,1.0,1,0
Super built-up Area,7th Phase JP Nagar,3.0,1.0,160.0,2225.0,3.0,741.6666666666666,1.0,0,1
Super built-up Area,Bommasandra,2.0,1.0,28.15,1126.0,2.0,563.0,1.0,0,1
Super built-up Area,Electronics City Phase 1,3.0,1.0,84.0,1490.0,3.0,496.6666666666667,1.0,1,1
Plot Area,HRBR Layout,4.0,1.0,300.0,2000.0,4.0,500.0,1.0,1,0
Super built-up Area,Sarjapur  Road,3.0,3.0,100.0,1550.0,3.0,516.6666666666666,1.0,1,1
Built-up Area,Ashwini layout,2.0,1.0,55.0,1160.0,2.0,580.0,1.0,1,0
Built-up Area,Whitefield,4.0,3.0,315.0,4144.0,4.0,1036.0,1.0,1,1
Super built-up Area,Sarjapur  Road,3.0,2.0,125.0,2100.0,3.0,700.0,1.0,1,1
Super built-up Area,Vittasandra,2.0,1.0,69.3,1404.0,2.0,702.0,1.0,1,1
Plot Area,Sarjapur  Road,4.0,3.0,225.0,2230.0,4.0,557.5,1.0,1,1
Super built-up Area,Marathalli bridge,3.0,,120.0,1544.0,3.0,514.6666666666666,1.0,1,0
Super built-up Area,Banashankari Stage III,2.0,1.0,58.7,1305.0,3.0,435.0,0.6666666666666666,0,1
Super built-up Area,Marathahalli,2.0,2.0,80.0,1230.0,2.0,615.0,1.0,1,1
Plot Area,T.C PALYA,2.0,0.0,65.0,1200.0,2.0,600.0,1.0,1,0
Super built-up Area,Harlur,3.0,1.0,73.0,1460.0,3.0,486.6666666666667,1.0,1,0
Built-up Area,Gottigere,2.0,3.0,45.0,967.0,2.0,483.5,1.0,1,0
Built-up Area,Byatarayanapura,1.0,1.0,36.0,540.0,1.0,540.0,1.0,1,0
Super built-up Area,Hormavu,1.0,2.0,46.0,715.0,1.0,715.0,1.0,0,1
Super built-up Area,Whitefield,3.0,2.0,313.0,2500.0,3.0,833.3333333333334,1.0,1,1
Super built-up Area,Dooravani Nagar,3.0,1.0,180.0,1578.0,3.0,526.0,1.0,1,1
Super built-up Area,Mysore Road,2.0,1.0,48.95,1020.0,2.0,510.0,1.0,1,0
Super built-up Area,Jigani,2.0,1.0,40.0,1020.0,2.0,510.0,1.0,1,1
Super built-up Area,Koramangala,2.0,1.0,102.0,1253.0,2.0,626.5,1.0,1,1
Super built-up Area,JCR Layout,2.0,2.0,42.0,1180.0,2.0,590.0,1.0,1,1
Super built-up Area,Nehru Nagar,2.0,2.0,38.0,961.0,2.0,480.5,1.0,1,1
Built-up Area,Kanakapura,3.0,3.0,75.0,1419.0,3.0,473.0,1.0,1,0
Super built-up Area,Harlur,3.0,2.0,150.0,1709.0,3.0,569.6666666666666,1.0,1,1
Plot Area,Papareddipalya,2.0,0.0,115.0,1600.0,2.0,800.0,1.0,1,0
Super built-up Area,Venkatapura,1.0,1.0,18.5,416.0,1.0,416.0,1.0,0,0
Carpet Area,Sanjay nagar,2.0,2.0,98.0,1100.0,2.0,550.0,1.0,1,0
Super built-up Area,HSR Layout,2.0,1.0,65.0,1430.0,3.0,476.6666666666667,0.6666666666666666,1,0
Super built-up Area,Sneha Colony,2.0,2.0,45.0,1260.0,2.0,630.0,1.0,1,1
Built-up Area,RMV Extension,3.0,2.0,85.0,1630.0,3.0,543.3333333333334,1.0,1,1
Super built-up Area,Sarjapur  Road,3.0,2.0,44.71,1249.0,3.0,416.3333333333333,1.0,0,1
Super built-up Area,Kalena Agrahara,2.0,3.0,85.0,1450.0,3.0,483.3333333333333,0.6666666666666666,1,1
Super built-up Area,Konanakunte,3.0,1.0,223.0,2791.0,3.0,930.3333333333334,1.0,0,1
Super built-up Area,Hosapalya,1.0,0.0,90.0,600.0,1.0,600.0,1.0,1,0
Built-up Area,Ashwini layout,1.0,1.0,60.0,834.0,1.0,834.0,1.0,1,1
Plot Area,Doddagubbi,4.0,1.0,70.0,1125.0,3.0,375.0,1.3333333333333333,1,0
Super built-up Area,Arekere,3.0,2.0,140.0,2060.0,3.0,686.6666666666666,1.0,1,0
Super built-up Area,Malleshwaram,7.0,3.0,2200.0,12000.0,7.0,1714.2857142857142,1.0,0,0
Built-up Area,Gottigere,2.0,1.0,25.0,891.0,2.0,445.5,1.0,1,1
Super built-up Area,Raja Rajeshwari Nagar,2.0,1.0,49.07,1133.0,2.0,566.5,1.0,1,1
Built-up Area,Bisuvanahalli,2.0,1.0,37.0,1075.0,3.0,358.3333333333333,0.6666666666666666,1,1
Super built-up Area,Sector 6 HSR Layout,5.0,2.0,260.0,3000.0,4.0,750.0,1.25,0,0
Plot Area,Brookefield,5.0,2.0,425.0,2440.0,4.0,610.0,1.25,1,0
Built-up Area,Vidyaranyapura,2.0,2.0,55.0,1200.0,2.0,600.0,1.0,1,0
Super built-up Area,Thanisandra,2.0,2.0,45.8,1075.0,2.0,537.5,1.0,1,0
Super built-up Area,Kaggadasapura,2.0,2.0,40.0,1140.0,2.0,570.0,1.0,1,0
Plot Area,ITI Layout,5.0,1.0,250.0,2160.0,6.0,360.0,0.8333333333333334,1,0
Super built-up Area,Raja Rajeshwari Nagar,2.0,1.0,42.0,1090.0,2.0,545.0,1.0,1,1
Built-up Area,R.T. Nagar,4.0,1.0,70.0,1500.0,4.0,375.0,1.0,1,0
Super built-up Area,Whitefield,4.0,2.0,360.0,4104.0,4.0,1026.0,1.0,1,0
Super built-up Area,Whitefield,3.0,,100.0,1790.0,3.0,596.6666666666666,1.0,1,0
Super built-up Area,Hebbal,3.0,2.0,134.0,1920.0,3.0,640.0,1.0,0,1
Built-up Area,HRBR Layout,2.0,2.0,95.0,1374.0,2.0,687.0,1.0,1,1
Carpet Area,Bannerghatta Road,3.0,2.0,95.0,1445.0,3.0,481.6666666666667,1.0,1,0
Super built-up Area,Kanakapura,1.0,1.0,36.0,711.0,1.0,711.0,1.0,0,1
Super built-up Area,Tumkur Road,3.0,3.0,95.0,1500.0,3.0,500.0,1.0,1,1
Super built-up Area,Whitefield,3.0,3.0,100.0,1720.0,3.0,573.3333333333334,1.0,1,1
Super built-up Area,Vasanthapura,3.0,2.0,60.0,1400.0,3.0,466.6666666666667,1.0,1,0
Built-up Area,Kundalahalli,2.0,2.0,49.0,1030.0,2.0,515.0,1.0,1,0
Super built-up Area,Mysore Road,2.0,1.0,85.0,1200.0,2.0,600.0,1.0,1,1
Carpet Area,Hosahalli,3.0,2.0,70.0,1375.0,3.0,458.3333333333333,1.0,0,1
Plot Area,Hegde Nagar,1.0,,56.0,1050.0,2.0,525.0,0.5,1,0
Super built-up Area,Jalahalli,3.0,2.0,160.0,2250.0,3.0,750.0,1.0,1,1
Super built-up Area,Bellandur,2.0,2.0,50.0,1000.0,2.0,500.0,1.0,1,1
Super built-up Area,Jalahalli West,1.0,0.0,25.0,469.0,1.0,469.0,1.0,1,1
Super built-up Area,Marathahalli,4.0,3.0,250.0,3800.0,4.0,950.0,1.0,1,1
Super built-up Area,Kambipura,2.0,1.0,29.0,883.0,2.0,441.5,1.0,1,1
Super built-up Area,GM Palaya,2.0,3.0,86.0,1820.0,3.0,606.6666666666666,0.6666666666666666,1,1
Built-up Area,Singasandra,2.0,3.0,65.0,1440.0,3.0,480.0,0.6666666666666666,1,0
Super built-up Area,near Ramanashree California resort,4.0,1.0,160.0,3600.0,6.0,600.0,0.6666666666666666,1,0
Built-up Area,Malleshwaram,5.0,2.0,325.0,2500.0,4.0,625.0,1.25,1,1
Super built-up Area,Mahadevpura,2.0,2.0,48.0,1225.0,2.0,612.5,1.0,0,0
Plot Area,"6th block banashankari 3rd stage, 100 feet ORR",3.0,1.0,660.0,4000.0,3.0,1333.3333333333333,1.0,1,0
Carpet Area,Chikkalasandra,2.0,3.0,52.8,875.0,2.0,437.5,1.0,1,0
Super built-up Area,Jalahalli East,1.0,2.0,40.0,750.0,1.0,750.0,1.0,1,1
Super built-up Area,6th Phase JP Nagar,2.0,3.0,80.0,1180.0,2.0,590.0,1.0,1,0
Super built-up Area,Haralur Road,2.0,2.0,47.0,1194.0,2.0,597.0,1.0,1,0
Super built-up Area,Hennur Road,2.0,2.0,62.0,1500.0,3.0,500.0,0.6666666666666666,1,0
Super built-up Area,Poornapragna Housing Society Layout,2.0,2.0,52.2,1160.0,2.0,580.0,1.0,1,0
Built-up Area,Arekere,9.0,,265.0,1123031.25,9.0,124781.25,1.0,1,0
Super built-up Area,Hosakerehalli,3.0,1.0,262.0,2378.0,3.0,792.6666666666666,1.0,1,1
Super built-up Area,Sarjapur,2.0,1.0,60.0,1128.0,2.0,564.0,1.0,1,1
Super built-up Area,Hebbal,3.0,1.0,150.0,1500.0,3.0,500.0,1.0,1,1
Built-up Area,Huskur,2.0,1.0,35.23,1220.0,3.0,406.6666666666667,0.6666666666666666,0,0
Super built-up Area,Sarjapur  Road,2.0,2.0,58.0,1210.0,2.0,605.0,1.0,1,0
Super built-up Area,Kanakpura Road,2.0,1.0,58.0,1100.0,3.0,366.6666666666667,0.6666666666666666,0,1
Super built-up Area,Bommasandra,3.0,2.0,46.0,1200.0,3.0,400.0,1.0,1,1
Built-up Area,Haralur Road,5.0,,260.0,3385.0,4.0,846.25,1.25,0,1
Super built-up Area,Nagondanahalli,3.0,2.0,66.0,1641.0,3.0,547.0,1.0,1,1
Super built-up Area,Horamavu Agara,2.0,1.0,45.0,1200.0,2.0,600.0,1.0,1,0
Super built-up Area,Raja Rajeshwari Nagar,2.0,1.0,67.39,1260.0,2.0,630.0,1.0,1,1
Super built-up Area,Mahadevpura,3.0,3.0,78.0,1720.0,3.0,573.3333333333334,1.0,1,0
Super built-up Area,Yelahanka,2.0,0.0,48.13,1132.5,2.0,566.25,1.0,1,1
Super built-up Area,Yelahanka,2.0,1.0,45.98,1210.0,2.0,605.0,1.0,1,1
Built-up Area,Indira Nagar,4.0,2.0,200.0,2200.0,4.0,550.0,1.0,1,0
Super built-up Area,Bisuvanahalli,2.0,1.0,45.0,1075.0,3.0,358.3333333333333,0.6666666666666666,1,1
Built-up Area,Thanisandra,3.0,2.0,130.0,1702.0,3.0,567.3333333333334,1.0,1,1
Super built-up Area,Shanthala Nagar,2.0,2.0,200.0,1630.0,2.0,815.0,1.0,1,1
Super built-up Area,Raja Rajeshwari Nagar,2.0,2.0,38.55,1141.0,2.0,570.5,1.0,1,1
Super built-up Area,Shantiniketan Layout,3.0,2.0,108.0,2072.0,3.0,690.6666666666666,1.0,0,0
Super built-up Area,JP Nagar,,,375.0,5520.0,5.0,1104.0,,0,1
Built-up Area,Herohalli,2.0,0.0,70.0,1200.0,3.0,400.0,0.6666666666666666,1,0
Super built-up Area,Teachers Colony,3.0,0.0,77.0,1350.0,3.0,450.0,1.0,1,0
Built-up Area,Bettahalsoor,4.0,0.0,445.0,4046.0,4.0,1011.5,1.0,0,1
Super built-up Area,Srinivasa Nagar,2.0,2.0,78.34,1180.0,3.0,393.3333333333333,0.6666666666666666,0,0
Built-up Area,Yelahanka,3.0,3.0,130.0,35000.0,3.0,11666.666666666666,1.0,1,1
Super built-up Area,Langford Town,2.0,2.0,115.0,1355.0,2.0,677.5,1.0,1,0
Plot Area,Sulthangunta,1.0,0.0,50.0,600.0,1.0,600.0,1.0,1,0
Super built-up Area,Bannerghatta Road,2.0,1.0,120.0,1640.0,3.0,546.6666666666666,0.6666666666666666,1,0
Super built-up Area,Kodichikkanahalli,2.0,2.0,57.0,1190.0,3.0,396.6666666666667,0.6666666666666666,1,0
Plot Area,OMBR Layout,4.0,2.0,375.0,2400.0,4.0,600.0,1.0,1,0
Super built-up Area,Marathahalli,2.0,2.0,49.85,1019.0,2.0,509.5,1.0,1,0
Super built-up Area,Ambedkar Colony,3.0,2.0,165.0,1875.0,3.0,625.0,1.0,1,1
Super built-up Area,Akshaya Nagar,3.0,2.0,40.0,1250.0,3.0,416.6666666666667,1.0,0,0
Plot Area,Brookefield,3.0,2.0,140.0,1200.0,3.0,400.0,1.0,1,1
Super built-up Area,Whitefield,2.0,1.0,56.0,1140.0,2.0,570.0,1.0,1,1
Super built-up Area,Lingadheeranahalli,3.0,1.0,109.0,1683.0,3.0,561.0,1.0,1,1
Super built-up Area,Kaggadasapura,3.0,,83.3,1515.0,3.0,505.0,1.0,1,1
Super built-up Area,Hoodi,4.0,2.0,111.0,2118.0,4.0,529.5,1.0,0,1
Built-up Area,Bannerghatta Road,3.0,0.0,58.0,1380.0,4.0,345.0,0.75,1,0
Super built-up Area,Varthur Road,2.0,2.0,61.75,1083.0,2.0,541.5,1.0,1,0
Plot Area,Anjappa Layout,2.0,1.0,55.0,600.0,2.0,300.0,1.0,1,0
Built-up Area,Avalahalli,3.0,3.0,120.0,2300.0,3.0,766.6666666666666,1.0,1,1
Super built-up Area,Prakruthi Nagar,2.0,2.0,60.0,1240.0,2.0,620.0,1.0,1,1
Super built-up Area,Surabhi Layout,3.0,1.0,120.0,1750.0,3.0,583.3333333333334,1.0,1,1
Super built-up Area,Sadaramangala,2.0,,43.48,1230.0,2.0,615.0,1.0,0,0
Plot Area,Anjanapura,3.0,1.0,139.0,1500.0,3.0,500.0,1.0,0,0
Super built-up Area,Abbigere,2.0,1.0,40.39,985.0,2.0,492.5,1.0,1,1
Plot Area,Tindlu,2.0,1.0,87.0,1500.0,3.0,500.0,0.6666666666666666,1,1
Built-up Area,Electronic City,2.0,1.0,32.49,1125.0,2.0,562.5,1.0,0,0
Built-up Area,Maruthi Sevanagar,2.0,1.0,44.0,950.0,2.0,475.0,1.0,1,1
Super built-up Area,JP Nagar,,,548.5,5600.0,5.0,1120.0,,0,1
Super built-up Area,Kothanur,3.0,3.0,76.0,1580.0,3.0,526.6666666666666,1.0,1,0
Plot Area,B Narayanapura,2.0,1.0,98.5,1092.0,3.0,364.0,0.6666666666666666,1,0
Built-up Area,Electronic City Phase II,2.0,1.0,28.34,1090.0,2.0,545.0,1.0,0,1
Built-up Area,Hennur Road,3.0,1.0,159.0,2264.0,3.0,754.6666666666666,1.0,0,0
Super built-up Area,Dommasandra,2.0,2.0,25.53,1033.0,3.0,344.3333333333333,0.6666666666666666,0,0
Super built-up Area,Kammasandra,2.0,2.0,24.5,810.0,2.0,405.0,1.0,0,1
Super built-up Area,Green Garden Layout,2.0,0.0,45.0,1045.0,2.0,522.5,1.0,1,1
Super built-up Area,Hebbal,2.0,1.0,82.0,1337.0,2.0,668.5,1.0,0,1
Super built-up Area,Chandapura,2.0,2.0,32.0,1200.0,2.0,600.0,1.0,1,0
Super built-up Area,Koramangala,3.0,2.0,160.0,1580.0,3.0,526.6666666666666,1.0,1,1
Super built-up Area,Begur Road,2.0,3.0,54.0,1500.0,3.0,500.0,0.6666666666666666,1,1
Super built-up Area,Whitefield,4.0,2.0,91.0,1640.0,3.0,546.6666666666666,1.3333333333333333,0,1
Super built-up Area,Silver Springs Layout,3.0,2.0,62.0,1570.0,3.0,523.3333333333334,1.0,1,1
Super built-up Area,Gubbalala,2.0,2.0,82.0,1470.0,3.0,490.0,0.6666666666666666,1,1
Super built-up Area,Kengeri,2.0,2.0,40.61,1160.0,2.0,580.0,1.0,1,0
Built-up Area,7th Phase JP Nagar,2.0,1.0,71.0,1050.0,2.0,525.0,1.0,1,1
Super built-up Area,Dairy Circle,3.0,1.0,225.0,1855.0,3.0,618.3333333333334,1.0,0,1
Super built-up Area,Bannerghatta Road,2.0,1.0,90.0,1460.0,3.0,486.6666666666667,0.6666666666666666,1,1
Built-up Area,Hulimavu,3.0,2.0,100.0,1823.0,3.0,607.6666666666666,1.0,1,0
Super built-up Area,Electronic City,2.0,2.0,42.0,1094.0,2.0,547.0,1.0,1,1
Super built-up Area,Budigere,2.0,2.0,57.0,1153.0,2.0,576.5,1.0,1,1
Built-up Area,Hoysalanagar,3.0,1.0,57.0,1325.0,3.0,441.6666666666667,1.0,1,1
Plot Area,Parappana Agrahara,3.0,2.0,85.0,1200.0,4.0,300.0,0.75,1,0
Built-up Area,Jakkur,2.0,2.0,125.0,1590.0,3.0,530.0,0.6666666666666666,1,1
Plot Area,Raja Rajeshwari Nagar,4.0,0.0,220.0,1200.0,4.0,300.0,1.0,1,0
Super built-up Area,Narayana Nagar 1st Block,2.0,1.0,48.0,1202.0,2.0,601.0,1.0,1,1
Built-up Area,Haralur Road,2.0,1.0,53.0,1202.0,2.0,601.0,1.0,1,0
Super built-up Area,KSRTC Layout,2.0,3.0,62.5,1200.0,2.0,600.0,1.0,1,1
Super built-up Area,Panathur,3.0,1.0,118.0,1688.0,3.0,562.6666666666666,1.0,0,1
Built-up Area,Kaval Byrasandra,2.0,1.0,52.0,1020.0,2.0,510.0,1.0,1,1
Super built-up Area,Sarjapur,2.0,2.0,47.0,1185.0,2.0,592.5,1.0,1,1
Super built-up Area,Ramagondanahalli,2.0,1.0,52.04,1235.0,2.0,617.5,1.0,0,1
Super built-up Area,Hosakerehalli,5.0,1.0,500.0,3205.0,4.0,801.25,1.25,1,1
Super built-up Area,Banashankari,2.0,2.0,37.64,1077.0,2.0,538.5,1.0,1,0
Super built-up Area,Kengeri Satellite Town,2.0,3.0,66.0,1415.0,3.0,471.6666666666667,0.6666666666666666,1,1
Super built-up Area,EPIP Zone,3.0,2.0,162.0,2330.0,3.0,776.6666666666666,1.0,0,1
Super built-up Area,Whitefield,2.0,2.0,35.0,805.0,2.0,402.5,1.0,1,1
Built-up Area,P&T Colony,1.0,0.0,20.03,425.0,1.0,425.0,1.0,1,0
Super built-up Area,Whitefield,2.0,3.0,59.95,1155.0,2.0,577.5,1.0,1,1
Super built-up Area,Cunningham Road,4.0,3.0,1250.0,5270.0,4.0,1317.5,1.0,1,0
Super built-up Area,Anekal,2.0,1.0,22.0,656.0,2.0,328.0,1.0,1,0
Built-up Area,New Gurappana Palya,2.0,0.0,48.0,1100.0,2.0,550.0,1.0,1,1
Super built-up Area,Mahadevpura,2.0,3.0,52.0,1150.0,2.0,575.0,1.0,1,0
Plot Area,Chelekare,1.0,1.0,60.0,600.0,1.0,600.0,1.0,1,0
Super built-up Area,Ambedkar Colony,2.0,1.0,140.0,1468.0,2.0,734.0,1.0,1,1
Plot Area,Palanahalli,5.0,2.0,550.0,4300.0,4.0,1075.0,1.25,1,1
Super built-up Area,Whitefield,4.0,2.0,126.0,2280.0,3.0,760.0,1.3333333333333333,0,1
Super built-up Area,Hegde Nagar,2.0,1.0,97.0,1341.0,2.0,670.5,1.0,1,1
Super built-up Area,Jakkur,2.0,1.0,77.0,1279.0,2.0,639.5,1.0,1,0
Super built-up Area,Electronic City Phase II,4.0,0.0,98.88,2225.0,4.0,556.25,1.0,0,1
Super built-up Area,Thanisandra,2.0,2.0,43.51,1185.0,2.0,592.5,1.0,1,1
Super built-up Area,Vadarpalya,3.0,2.0,85.0,1750.0,3.0,583.3333333333334,1.0,1,1
Super built-up Area,Kudlu,2.0,1.0,53.5,1152.0,2.0,576.0,1.0,1,1
Super built-up Area,Hulimavu,2.0,3.0,36.0,1300.0,2.0,650.0,1.0,1,1
Plot Area,Varthur Road,4.0,2.0,155.0,2760.0,4.0,690.0,1.0,0,0
Super built-up Area,5th Phase JP Nagar,2.0,2.0,39.0,1070.0,2.0,535.0,1.0,0,0
Super built-up Area,Uttarahalli,2.0,0.0,45.0,1101.0,2.0,550.5,1.0,1,1
Super built-up Area,V.V Puram,2.0,1.0,55.0,775.0,2.0,387.5,1.0,1,0
Super built-up Area,Yeshwanthpur,1.0,1.0,36.85,667.0,1.0,667.0,1.0,1,1
Super built-up Area,Electronic City,2.0,1.0,55.0,1070.0,2.0,535.0,1.0,1,1
Built-up Area,Old Airport Road,2.0,2.0,110.0,1875.0,3.0,625.0,0.6666666666666666,1,1
Super built-up Area,Kundalahalli,2.0,1.0,57.99,735.0,2.0,367.5,1.0,1,1
Plot Area,Sarjapur,4.0,1.0,90.0,4360.0,5.0,872.0,0.8,1,0
Super built-up Area,Koramangala,3.0,2.0,130.0,1750.0,3.0,583.3333333333334,1.0,1,0
Super built-up Area,Marathahalli,2.0,1.0,67.0,1215.0,2.0,607.5,1.0,1,1
Super built-up Area,Vishwapriya Layout,2.0,1.0,30.0,820.0,2.0,410.0,1.0,1,1
Super built-up Area,Banashankari Stage VI,2.0,0.0,59.935,1177.5,2.0,588.75,1.0,0,1
Super built-up Area,Battarahalli,3.0,2.0,89.61,1779.0,3.0,593.0,1.0,1,1
Built-up Area,HMT Layout,2.0,2.0,58.0,1105.0,2.0,552.5,1.0,1,1
Built-up Area,Basavanagara,2.0,1.0,93.0,10763.9,1.0,10763.9,2.0,1,0
Super built-up Area,Whitefield,3.0,2.0,60.0,1650.0,3.0,550.0,1.0,1,1
Super built-up Area,Jalahalli,2.0,2.0,150.0,1694.0,2.0,847.0,1.0,1,1
Super built-up Area,Hosakerehalli,3.0,1.0,203.0,2376.0,3.0,792.0,1.0,1,1
Super built-up Area,Cox Town,3.0,3.0,150.0,1975.0,3.0,658.3333333333334,1.0,1,0
Super built-up Area,Kammasandra,2.0,1.0,33.0,674.0,2.0,337.0,1.0,1,1
Super built-up Area,Kaggadasapura,2.0,1.0,41.0,1185.0,2.0,592.5,1.0,1,1
Super built-up Area,Thanisandra,1.0,0.0,28.0,445.0,1.0,445.0,1.0,1,1
Super built-up Area,HSR Layout,3.0,2.0,75.0,1475.0,3.0,491.6666666666667,1.0,1,0
Super built-up Area,Gottigere,3.0,3.0,82.5,1618.0,3.0,539.3333333333334,1.0,1,1
Super built-up Area,Koramangala,2.0,0.0,65.0,1120.0,2.0,560.0,1.0,1,1
Super built-up Area,Marathahalli,3.0,2.0,152.0,2181.0,4.0,545.25,0.75,1,1
Plot Area,Vidyaranyapura,4.0,0.0,90.0,1200.0,4.0,300.0,1.0,1,0
Super built-up Area,Bannerghatta Road,2.0,1.0,59.13,1556.0,3.0,518.6666666666666,0.6666666666666666,0,1
Super built-up Area,Bannerghatta Road,2.0,1.0,66.02,1179.0,2.0,589.5,1.0,0,1
Super built-up Area,Thanisandra,2.0,2.0,83.0,1296.0,2.0,648.0,1.0,1,1
Built-up Area,Kaggadasapura,2.0,2.0,52.0,1275.0,2.0,637.5,1.0,1,1
Super built-up Area,Kathriguppe,2.0,2.0,77.0,1400.0,3.0,466.6666666666667,0.6666666666666666,1,0
Super built-up Area,Gottigere,2.0,1.0,63.0,1222.0,2.0,611.0,1.0,1,1
Super built-up Area,Electronic City,2.0,1.0,41.0,940.0,2.0,470.0,1.0,1,1
Super built-up Area,Thanisandra,2.0,2.0,42.6,1185.0,2.0,592.5,1.0,1,1
Super built-up Area,Tumkur Road,3.0,2.0,112.0,1779.0,3.0,593.0,1.0,1,1
Super built-up Area,Begur Road,3.0,2.0,59.76,1615.0,3.0,538.3333333333334,1.0,1,1
Super built-up Area,JP Nagar,,,453.0,4624.5,4.0,1156.125,,0,1
Super built-up Area,Haralur Road,2.0,1.0,61.0,1056.0,2.0,528.0,1.0,1,1
Super built-up Area,7th Phase JP Nagar,2.0,0.0,46.0,1100.0,2.0,550.0,1.0,1,0
Built-up Area,Arekere,2.0,1.0,40.0,920.0,2.0,460.0,1.0,1,1
Super built-up Area,ITI Layout,2.0,0.0,75.0,1602.0,3.0,534.0,0.6666666666666666,1,1
Built-up Area,Padmanabhanagar,2.0,0.0,62.0,1176.0,2.0,588.0,1.0,1,0
Super built-up Area,Richmond Town,3.0,0.0,135.0,1352.0,3.0,450.6666666666667,1.0,1,0
Built-up Area,Kasavanhalli,3.0,3.0,99.0,1717.0,3.0,572.3333333333334,1.0,1,1
Plot Area,4 Bedroom Farm House in Bagalur,4.0,1.0,80.0,10961.0,4.0,2740.25,1.0,0,0
Super built-up Area,Bhoganhalli,4.0,3.0,111.0,2119.0,4.0,529.75,1.0,0,1
Super built-up Area,Vittasandra,2.0,1.0,67.3,1246.0,2.0,623.0,1.0,1,1
Super built-up Area,Anandapura,2.0,1.0,42.79,1141.0,2.0,570.5,1.0,0,1
Built-up Area,Hennur Road,2.0,1.0,84.0,1157.0,2.0,578.5,1.0,1,0
Super built-up Area,Chandapura,2.0,2.0,27.68,1025.0,2.0,512.5,1.0,0,1
Built-up Area,Yelahanka New Town,1.0,2.0,33.0,650.0,1.0,650.0,1.0,1,1
Super built-up Area,Hebbal,2.0,1.0,98.0,1349.0,2.0,674.5,1.0,1,1
Super built-up Area,Narayanapura,3.0,1.0,83.3,1566.0,3.0,522.0,1.0,1,1
Super built-up Area,Sahakara Nagar,3.0,3.0,195.0,2830.0,4.0,707.5,0.75,1,1
Built-up Area,Electronic City,2.0,1.0,38.13,1320.0,3.0,440.0,0.6666666666666666,0,0
Super built-up Area,manyata park,3.0,1.0,84.83,1780.0,3.0,593.3333333333334,1.0,0,0
Super built-up Area,Varthur,2.0,1.0,34.9,1091.0,2.0,545.5,1.0,1,1
Super built-up Area,Rachenahalli,4.0,3.0,300.0,3670.0,4.0,917.5,1.0,1,1
Built-up Area,7th Phase JP Nagar,2.0,1.0,50.49,918.0,2.0,459.0,1.0,1,0
Super built-up Area,Yeshwanthpur,4.0,0.0,130.0,1950.0,4.0,487.5,1.0,0,1
Super built-up Area,Panathur,3.0,1.0,90.0,1695.0,3.0,565.0,1.0,1,0
Super built-up Area,Yelahanka,3.0,2.0,95.0,1705.0,3.0,568.3333333333334,1.0,1,1
Built-up Area,Kalyan nagar,3.0,2.0,75.0,1375.0,3.0,458.3333333333333,1.0,1,1
Super built-up Area,Kanakpura Road,1.0,1.0,30.0,525.0,1.0,525.0,1.0,0,1
Built-up Area,Whitefield,2.0,1.0,83.0,1447.0,2.0,723.5,1.0,0,0
Super built-up Area,Thanisandra,2.0,1.0,39.0,1114.0,2.0,557.0,1.0,1,1
Super built-up Area,7th Phase JP Nagar,2.0,1.0,100.0,1450.0,3.0,483.3333333333333,0.6666666666666666,1,1
Built-up Area,Vasanthapura,2.0,2.0,40.0,1022.0,2.0,511.0,1.0,1,0
Built-up Area,Hebbal,2.0,2.0,45.0,1000.0,2.0,500.0,1.0,1,1
Super built-up Area,Electronic City,2.0,1.0,68.75,1128.0,2.0,564.0,1.0,0,1
Super built-up Area,Kanakpura Road,2.0,2.0,57.0,1180.0,2.0,590.0,1.0,0,1
Plot Area,Nagarbhavi,2.0,1.0,150.0,1200.0,2.0,600.0,1.0,1,0
Super built-up Area,Sadashiva Nagar,3.0,2.0,660.0,3761.0,3.0,1253.6666666666667,1.0,1,0
Super built-up Area,Kanakpura Road,2.0,3.0,75.0,1339.0,2.0,669.5,1.0,1,1
Super built-up Area,Yelachenahalli,2.0,3.0,55.0,1400.0,3.0,466.6666666666667,0.6666666666666666,1,0
Super built-up Area,7th Phase JP Nagar,2.0,1.0,39.52,1040.0,2.0,520.0,1.0,1,1
Super built-up Area,Kadugodi,2.0,2.0,58.0,1198.0,2.0,599.0,1.0,1,0
Plot Area,Shirdi Sai Layout,3.0,,95.0,1200.0,4.0,300.0,0.75,1,0
Super built-up Area,Sarjapur  Road,3.0,2.0,113.0,1691.0,3.0,563.6666666666666,1.0,1,1
Super built-up Area,Bisuvanahalli,3.0,2.0,36.0,1075.0,3.0,358.3333333333333,1.0,1,1
Super built-up Area,1st Block Jayanagar,3.0,2.0,194.0,1630.0,3.0,543.3333333333334,1.0,0,0
Super built-up Area,8th Phase JP Nagar,3.0,2.0,43.5,1240.0,3.0,413.3333333333333,1.0,0,0
Super built-up Area,Bannerghatta Road,2.0,0.0,58.935,1122.5,2.0,561.25,1.0,0,1
Super built-up Area,Mallasandra,3.0,2.0,86.58,1665.0,3.0,555.0,1.0,1,1
Built-up Area,Marathahalli,3.0,,94.0,2489.0,3.0,829.6666666666666,1.0,1,1
Built-up Area,Brookefield,2.0,2.0,70.0,1142.0,2.0,571.0,1.0,1,1
Super built-up Area,Kodbisanhalli,3.0,1.0,184.0,1976.0,3.0,658.6666666666666,1.0,1,1
Plot Area,Sathya Sai Layout,4.0,,600.0,5500.0,4.0,1375.0,1.0,1,1
Super built-up Area,Kothannur,3.0,2.0,82.0,1853.0,3.0,617.6666666666666,1.0,1,0
Super built-up Area,Kasturi Nagar,2.0,2.0,92.0,1567.0,2.0,783.5,1.0,1,0
Super built-up Area,Talaghattapura,2.0,1.0,27.24,1090.0,2.0,545.0,1.0,1,0
Plot Area,Indiranagar HAL 2nd Stage,4.0,1.0,640.0,2400.0,4.0,600.0,1.0,1,0
Super built-up Area,Electronics City Phase 1,2.0,2.0,51.47,1175.0,2.0,587.5,1.0,1,1
Built-up Area,Subramanyapura,2.0,2.0,52.0,1200.0,2.0,600.0,1.0,1,1
Built-up Area,Kodichikkanahalli,2.0,1.0,41.0,995.0,2.0,497.5,1.0,1,1
Super built-up Area,Magadi Road,2.0,1.0,41.1,884.0,2.0,442.0,1.0,1,1
Built-up Area,Yeshwanthpur,2.0,2.0,57.0,1170.0,2.0,585.0,1.0,1,1
Super built-up Area,KR Puram,2.0,1.0,46.55,1225.0,2.0,612.5,1.0,1,1
Super built-up Area,Electronic City,2.0,1.0,73.3,1342.0,2.0,671.0,1.0,0,1
Built-up Area,Uttarahalli,2.0,1.0,67.0,1345.0,2.0,672.5,1.0,0,0
Built-up Area,Kodigehaali,3.0,0.0,65.0,1320.0,3.0,440.0,1.0,1,1
Super built-up Area,Singapura Village,2.0,,45.0,9900.0,2.0,4950.0,1.0,1,0
Super built-up Area,Raja Rajeshwari Nagar,2.0,1.0,49.39,1140.0,2.0,570.0,1.0,1,1
Super built-up Area,Battarahalli,2.0,1.0,50.0,1300.0,2.0,650.0,1.0,1,1
Super built-up Area,Hosa Road,3.0,2.0,85.0,1652.0,3.0,550.6666666666666,1.0,1,0
Super built-up Area,Thigalarapalya,4.0,2.0,142.0,2072.0,3.0,690.6666666666666,1.3333333333333333,1,1
Built-up Area,Arekere,2.0,,95.0,1740.0,3.0,580.0,0.6666666666666666,1,0
Super built-up Area,Electronic City,2.0,1.0,71.0,1360.0,3.0,453.3333333333333,0.6666666666666666,1,1
Super built-up Area,Hosur Road,2.0,2.0,60.0,1145.0,3.0,381.6666666666667,0.6666666666666666,1,1
Built-up Area,Uttarahalli,2.0,0.0,40.0,1540.0,3.0,513.3333333333334,0.6666666666666666,1,1
Super built-up Area,Sarjapur  Road,2.0,2.0,95.0,1278.0,2.0,639.0,1.0,1,1
Super built-up Area,Electronic City Phase II,1.0,1.0,40.0,630.0,1.0,630.0,1.0,0,1
Super built-up Area,Kanakpura Road,3.0,2.0,58.0,1100.0,3.0,366.6666666666667,1.0,0,1
Plot Area,Bendiganahalli,3.0,0.0,95.0,1200.0,3.0,400.0,1.0,1,1
Built-up Area,Hosakerehalli Layout,6.0,2.0,115.0,2500.0,7.0,357.14285714285717,0.8571428571428571,1,0
Super built-up Area,Chandapura,1.0,0.0,15.135,582.5,1.0,582.5,1.0,0,1
Super built-up Area,Chandapura,2.0,2.0,25.88,1015.0,2.0,507.5,1.0,0,1
Built-up Area,Hosur Road,5.0,2.0,240.0,3300.0,5.0,660.0,1.0,1,0
Plot Area,Basaveshwara Nagar,5.0,1.0,415.0,4500.0,5.0,900.0,1.0,1,0
Super built-up Area,Gunjur,2.0,3.0,66.0,1356.0,3.0,452.0,0.6666666666666666,1,0
Super built-up Area,Hennagara,2.0,1.0,28.0,823.0,2.0,411.5,1.0,1,0
Plot Area,TC Palaya,2.0,0.0,66.0,1200.0,3.0,400.0,0.6666666666666666,1,0
Built-up Area,Ramamurthy Nagar,2.0,0.0,37.0,1050.0,2.0,525.0,1.0,1,0
Super built-up Area,Ferrar Nagar,2.0,1.0,69.0,1180.0,2.0,590.0,1.0,1,1
Super built-up Area,Whitefield,2.0,3.0,51.91,1116.0,2.0,558.0,1.0,1,1
Super built-up Area,7th Phase JP Nagar,2.0,1.0,42.79,1070.0,2.0,535.0,1.0,1,1
Super built-up Area,Varthur,2.0,3.0,80.0,1385.0,2.0,692.5,1.0,0,1
Plot Area,Varthur,1.0,1.0,70.0,1000.0,1.0,1000.0,1.0,1,0
Built-up Area,Whitefield,3.0,2.0,130.0,1897.0,3.0,632.3333333333334,1.0,0,0
Super built-up Area,Magadi Road,2.0,1.0,55.78,1005.0,2.0,502.5,1.0,0,1
Super built-up Area,Green Glen Layout,3.0,2.0,125.0,1575.0,3.0,525.0,1.0,1,1
Super built-up Area,Subramanyapura,2.0,1.0,65.0,975.0,2.0,487.5,1.0,1,1
Super built-up Area,Hennur Road,3.0,2.0,120.0,1904.0,3.0,634.6666666666666,1.0,1,1
Super built-up Area,Kengeri Satellite Town,1.0,1.0,30.0,930.0,1.0,930.0,1.0,1,0
Super built-up Area,Kanakpura Road,1.0,1.0,26.0,525.0,1.0,525.0,1.0,0,1
Super built-up Area,BAGUR,1.0,1.0,17.0,686.0,1.0,686.0,1.0,1,0
Plot Area,Electronic City Phase II,3.0,1.0,150.0,2400.0,2.0,1200.0,1.5,1,1
Plot Area,8th block Koramangala,1.0,0.0,233.0,1410.0,2.0,705.0,0.5,1,0
Built-up Area,Sarjapur  Road,3.0,1.0,140.0,2238.0,3.0,746.0,1.0,0,0
Super built-up Area,Harlur,2.0,1.0,69.0,1174.0,2.0,587.0,1.0,1,1
Built-up Area,Thubarahalli,4.0,3.0,239.0,3800.0,4.0,950.0,1.0,1,0
Super built-up Area,Whitefield,2.0,1.0,125.0,2225.0,3.0,741.6666666666666,0.6666666666666666,1,1
Super built-up Area,M.G Road,2.0,0.0,200.0,1250.0,2.0,625.0,1.0,1,1
Super built-up Area,Jigani,2.0,2.0,52.0,918.0,2.0,459.0,1.0,1,1
Super built-up Area,Mahadevpura,2.0,3.0,52.0,1250.0,2.0,625.0,1.0,1,0
Super built-up Area,Sarjapur  Road,3.0,,110.0,1800.0,3.0,600.0,1.0,1,1
Built-up Area,Marathahalli,2.0,3.0,53.0,1170.0,2.0,585.0,1.0,1,1
Super built-up Area,Byatarayanapura,1.0,0.0,200.0,1300.0,1.0,1300.0,1.0,1,0
Built-up Area,Bannerghatta Road,2.0,1.0,45.0,793.0,2.0,396.5,1.0,1,0
Super built-up Area,Jakkur,3.0,2.0,107.0,1710.0,3.0,570.0,1.0,1,1
Super built-up Area,Kambipura,2.0,1.0,57.5,1082.0,3.0,360.6666666666667,0.6666666666666666,1,1
Super built-up Area,Naganathapura,2.0,2.0,33.03,1001.0,2.0,500.5,1.0,0,0
Built-up Area,Srinivasa Nagar,4.0,,180.0,1500.0,4.0,375.0,1.0,1,0
Super built-up Area,Yelahanka,2.0,1.0,54.0,1590.0,3.0,530.0,0.6666666666666666,1,0
Super built-up Area,Basavanagara,2.0,0.0,80.0,2400.0,3.0,800.0,0.6666666666666666,1,0
Super built-up Area,Horamavu Banaswadi,3.0,2.0,55.0,1554.0,3.0,518.0,1.0,1,1
Super built-up Area,Thanisandra,2.0,0.0,43.415,1142.5,2.0,571.25,1.0,0,1
Super built-up Area,Bellandur,5.0,2.0,423.0,4239.0,5.0,847.8,1.0,1,0
Built-up Area,Konanakunte,1.0,0.0,58.0,884.0,2.0,442.0,0.5,1,0
Super built-up Area,Hosa Road,2.0,1.0,98.89,1045.0,2.0,522.5,1.0,0,1
Super built-up Area,Marathahalli,2.0,2.0,49.86,1019.0,2.0,509.5,1.0,1,0
Super built-up Area,Ambedkar Nagar,4.0,2.0,130.0,1935.0,3.0,645.0,1.3333333333333333,1,1
Super built-up Area,Uttarahalli,2.0,2.0,39.73,1135.0,3.0,378.3333333333333,0.6666666666666666,1,0
Super built-up Area,Lakshminarayana Pura,3.0,2.0,150.0,1680.0,3.0,560.0,1.0,1,1
Super built-up Area,Hebbal,5.0,2.0,247.0,2470.0,4.0,617.5,1.25,0,1
Super built-up Area,1st Phase JP Nagar,4.0,3.0,250.0,2825.0,4.0,706.25,1.0,1,1
Super built-up Area,Hosakerehalli,3.0,1.0,330.0,2480.0,3.0,826.6666666666666,1.0,1,1
Plot Area,Ramamurthy Nagar,4.0,3.0,187.0,1800.0,5.0,360.0,0.8,1,0
Built-up Area,Kasavanhalli,3.0,3.0,90.0,1799.0,3.0,599.6666666666666,1.0,1,1
Super built-up Area,Whitefield,,,304.0,4348.5,4.0,1087.125,,1,1
Built-up Area,Attibele,1.0,1.0,11.0,400.0,1.0,400.0,1.0,1,1
Built-up Area,Kundalahalli,2.0,1.0,82.0,1047.0,2.0,523.5,1.0,0,1
Super built-up Area,Kaverappa Layout,2.0,2.0,87.0,1282.0,2.0,641.0,1.0,1,1
Super built-up Area,NGR Layout,2.0,1.0,45.9,1020.0,2.0,510.0,1.0,1,0
Super built-up Area,Whitefield,2.0,1.0,79.5,1495.0,2.0,747.5,1.0,1,1
Built-up Area,Kasavanhalli,4.0,1.0,240.0,3260.0,4.0,815.0,1.0,1,1
Super built-up Area,Divya Unnathi Layout,2.0,2.0,64.44,1611.0,3.0,537.0,0.6666666666666666,0,0
Super built-up Area,Koramangala,5.0,2.0,425.0,3500.0,4.0,875.0,1.25,1,1
Built-up Area,Vasantha Vallabha Nagar,2.0,2.0,95.0,1500.0,3.0,500.0,0.6666666666666666,1,0
Super built-up Area,Sahakara Nagar,2.0,2.0,95.0,1500.0,3.0,500.0,0.6666666666666666,1,1
Plot Area,Yelahanka,5.0,,270.0,3206.0,4.0,801.5,1.25,1,1
Super built-up Area,Uttarahalli,3.0,0.0,50.0,1540.0,3.0,513.3333333333334,1.0,1,1
Super built-up Area,Hosa Road,3.0,1.0,80.0,1639.0,3.0,546.3333333333334,1.0,0,1
Super built-up Area,Raja Rajeshwari Nagar,2.0,2.0,55.79,1303.0,2.0,651.5,1.0,1,1
Super built-up Area,Koramangala,1.0,1.0,110.0,1005.0,2.0,502.5,0.5,1,1
Super built-up Area,Kammasandra,1.0,0.0,18.41,657.5,1.0,657.5,1.0,1,1
Super built-up Area,Chandapura,3.0,1.0,33.28,1305.0,3.0,435.0,1.0,0,1
Super built-up Area,sapthagiri Layout,1.0,1.0,115.0,1300.0,2.0,650.0,0.5,1,0
Super built-up Area,Brookefield,2.0,3.0,68.0,1440.0,3.0,480.0,0.6666666666666666,1,1
Super built-up Area,Seegehalli,2.0,1.0,35.14,901.0,2.0,450.5,1.0,0,0
Super built-up Area,Rajaji Nagar,3.0,3.0,200.0,1725.0,3.0,575.0,1.0,1,1
Built-up Area,Sarjapur,2.0,1.0,42.0,900.0,3.0,300.0,0.6666666666666666,1,0
Super built-up Area,BEML Layout,2.0,1.0,55.0,1060.0,2.0,530.0,1.0,1,0
Super built-up Area,NGR Layout,2.0,1.0,48.45,1020.0,2.0,510.0,1.0,1,0
Super built-up Area,Varthur,3.0,2.0,65.99,1535.0,3.0,511.6666666666667,1.0,0,1
Built-up Area,Alur,1.0,1.0,20.0,530.0,1.0,530.0,1.0,1,0
Super built-up Area,Devarabisanahalli,2.0,3.0,80.0,1350.0,2.0,675.0,1.0,1,1
Super built-up Area,Sarjapur  Road,2.0,2.0,50.0,1115.0,2.0,557.5,1.0,1,0
Super built-up Area,Uttarahalli,2.0,2.0,47.0,1175.0,2.0,587.5,1.0,1,0
Built-up Area,Whitefield,2.0,1.0,62.0,1113.0,2.0,556.5,1.0,1,0
Plot Area,Ramamurthy Nagar,4.0,3.0,240.0,1640.0,5.0,328.0,0.8,1,0
Built-up Area,Giri Nagar,2.0,0.0,42.0,650.0,2.0,325.0,1.0,1,1
Super built-up Area,Marathahalli,2.0,2.0,71.55,1325.0,2.0,662.5,1.0,1,0
Built-up Area,Electronics City Phase 1,2.0,3.0,31.0,950.0,2.0,475.0,1.0,1,1
Super built-up Area,Jakkur,2.0,1.0,86.51,1396.0,3.0,465.3333333333333,0.6666666666666666,0,0
Super built-up Area,Rachenahalli,2.0,2.0,52.07,1050.0,2.0,525.0,1.0,1,0
Super built-up Area,Thanisandra,3.0,2.0,100.0,1825.0,3.0,608.3333333333334,1.0,1,0
Super built-up Area,7th Phase JP Nagar,2.0,1.0,49.98,1190.0,2.0,595.0,1.0,1,1
Super built-up Area,Marathahalli,2.0,1.0,56.5,1220.0,2.0,610.0,1.0,1,0
Super built-up Area,NRI Layout,2.0,2.0,75.0,1565.0,3.0,521.6666666666666,0.6666666666666666,1,0
Super built-up Area,Hennur Road,3.0,1.0,109.0,1891.0,3.0,630.3333333333334,1.0,1,1
Built-up Area,Sidedahalli,2.0,0.0,27.0,900.0,2.0,450.0,1.0,1,0
Super built-up Area,Hosa Road,2.0,1.0,55.15,1161.0,2.0,580.5,1.0,0,1
Super built-up Area,Sarjapur,1.0,0.0,17.535,649.5,1.0,649.5,1.0,1,1
Plot Area,Dwarka Nagar,6.0,3.0,125.0,2400.0,8.0,300.0,0.75,1,0
Super built-up Area,Yeshwanthpur,1.0,1.0,36.85,665.0,1.0,665.0,1.0,1,1
Super built-up Area,Mysore Road,2.0,1.0,73.5,1175.0,2.0,587.5,1.0,0,0
Built-up Area,Hoodi,2.0,2.0,80.0,1425.0,2.0,712.5,1.0,1,1
Plot Area,Chikkabanavar,1.0,0.0,20.0,1200.0,1.0,1200.0,1.0,1,0
Plot Area,ITPL,3.0,1.0,56.12,1200.0,3.0,400.0,1.0,0,0
Built-up Area,Somasundara Palya,2.0,2.0,67.0,1255.0,2.0,627.5,1.0,1,1
Super built-up Area,Hegde Nagar,4.0,2.0,145.0,2112.95,3.0,704.3166666666666,1.3333333333333333,1,1
Super built-up Area,Raja Rajeshwari Nagar,1.0,1.0,22.0,600.0,1.0,600.0,1.0,1,0
Super built-up Area,Haralur Road,3.0,2.0,100.0,1810.0,3.0,603.3333333333334,1.0,0,1
Super built-up Area,Indira Nagar,2.0,2.0,93.0,1200.0,2.0,600.0,1.0,1,0
Super built-up Area,Harlur,2.0,2.0,49.0,1033.0,2.0,516.5,1.0,1,0
Super built-up Area,ITPL,3.0,2.0,89.5,1548.0,3.0,516.0,1.0,1,0
Super built-up Area,Horamavu Banaswadi,3.0,3.0,66.0,1611.0,3.0,537.0,1.0,0,0
Built-up Area,Electronic City Phase II,2.0,1.0,40.43,1400.0,3.0,466.6666666666667,0.6666666666666666,0,1
Super built-up Area,Vidyaranyapura,2.0,2.0,67.0,1485.0,3.0,495.0,0.6666666666666666,1,1
Built-up Area,Margondanahalli,2.0,1.0,82.0,2400.0,2.0,1200.0,1.0,1,0
Super built-up Area,Pattandur Agrahara,2.0,1.0,44.5,1025.0,2.0,512.5,1.0,1,1
Super built-up Area,Hallehalli,2.0,,53.0,1225.0,2.0,612.5,1.0,1,0
Built-up Area,5th Phase JP Nagar,2.0,1.0,62.8,1256.0,2.0,628.0,1.0,1,0
Super built-up Area,Whitefield,3.0,2.0,163.0,2268.0,4.0,567.0,0.75,1,1
Super built-up Area,Kanakpura Road,3.0,2.0,53.0,1100.0,3.0,366.6666666666667,1.0,0,1
Super built-up Area,Vadarpalya,2.0,0.0,62.0,1141.0,2.0,570.5,1.0,1,1
Built-up Area,Attibele,1.0,1.0,12.0,400.0,1.0,400.0,1.0,1,1
Plot Area,Chandapura,2.0,0.0,60.0,1400.0,2.0,700.0,1.0,1,0
Super built-up Area,Kattigenahalli,7.0,,140.0,4100.0,7.0,585.7142857142857,1.0,1,0
Plot Area,Marathi Layout,1.0,0.0,110.0,231303.59999999998,1.0,231303.59999999998,1.0,0,0
Super built-up Area,Raghavendra Nagar,2.0,2.0,48.27,1175.0,2.0,587.5,1.0,1,0
Super built-up Area,Sahakara Nagar,2.0,1.0,56.0,1100.0,2.0,550.0,1.0,1,0
Super built-up Area,Kanakpura Road,3.0,2.0,95.84,1843.0,3.0,614.3333333333334,1.0,1,1
Super built-up Area,Horamavu Banaswadi,2.0,1.0,80.5,1460.0,2.0,730.0,1.0,0,0
Super built-up Area,Rachenahalli,2.0,2.0,74.5,1530.0,3.0,510.0,0.6666666666666666,1,1
Built-up Area,HSR Layout,2.0,1.0,55.0,1467.0,2.0,733.5,1.0,1,0
Super built-up Area,KR Layout,1.0,1.0,40.0,950.0,1.0,950.0,1.0,1,0
Super built-up Area,Vittasandra,2.0,1.0,64.5,1246.0,2.0,623.0,1.0,1,1
Super built-up Area,Kanakapura,1.0,1.0,38.0,711.0,1.0,711.0,1.0,0,1
Super built-up Area,Haralur Road,2.0,2.0,46.0,1194.0,2.0,597.0,1.0,1,1
Super built-up Area,Babusapalaya,2.0,1.0,43.4,1358.0,3.0,452.6666666666667,0.6666666666666666,1,1
Super built-up Area,Hoodi,2.0,2.0,75.0,1420.0,2.0,710.0,1.0,1,1
Super built-up Area,Kathriguppe,2.0,1.0,68.75,1250.0,3.0,416.6666666666667,0.6666666666666666,1,0
Built-up Area,Akshaya Nagar,2.0,,58.0,1280.0,2.0,640.0,1.0,1,0
Super built-up Area,Nagappa Reddy Layout,2.0,1.0,50.0,1209.0,2.0,604.5,1.0,1,1
Built-up Area,Kempapura,5.0,2.0,225.0,4200.0,5.0,840.0,1.0,1,0
Plot Area,BTM 1st Stage,4.0,3.0,205.0,1215.0,4.0,303.75,1.0,1,0
Super built-up Area,Panathur,2.0,1.0,54.8,1315.0,3.0,438.3333333333333,0.6666666666666666,1,1
Super built-up Area,Kariyammana Agrahara,3.0,3.0,90.0,1800.0,3.0,600.0,1.0,1,0
Built-up Area,Hessarghatta,4.0,0.0,125.0,1600.0,5.0,320.0,0.8,1,0
Super built-up Area,TC Palaya,2.0,2.0,65.0,1600.0,3.0,533.3333333333334,0.6666666666666666,1,1
Plot Area,Binnamangala,5.0,2.0,900.0,3968.0,6.0,661.3333333333334,0.8333333333333334,1,0
Super built-up Area,Suraksha Nagar,3.0,2.0,52.0,1563.0,3.0,521.0,1.0,1,1
Super built-up Area,Whitefield,2.0,2.0,72.0,1560.0,3.0,520.0,0.6666666666666666,1,1
Super built-up Area,Brookefield,4.0,,115.0,2169.0,3.0,723.0,1.3333333333333333,1,1
Super built-up Area,Rachenahalli,2.0,2.0,55.5,1050.0,2.0,525.0,1.0,1,0
Super built-up Area,Iblur Village,3.0,1.0,235.0,3235.0,3.0,1078.3333333333333,1.0,1,1
Plot Area,TC Palaya,3.0,0.0,66.0,1200.0,3.0,400.0,1.0,1,0
Super built-up Area,HSR Layout,2.0,2.0,46.0,1140.0,2.0,570.0,1.0,1,1
Plot Area,7th Phase JP Nagar,3.0,1.0,170.0,1500.0,3.0,500.0,1.0,1,0
Super built-up Area,Horamavu Agara,3.0,2.0,75.0,1560.0,3.0,520.0,1.0,1,0
Super built-up Area,JP Nagar,2.0,2.0,70.0,1100.0,2.0,550.0,1.0,1,1
Super built-up Area,Kasavanhalli,2.0,3.0,40.32,1260.0,3.0,420.0,0.6666666666666666,1,0
Super built-up Area,Hebbal,2.0,1.0,50.0,1036.0,2.0,518.0,1.0,0,1
Built-up Area,Akshaya Nagar,3.0,3.0,85.1,1662.0,3.0,554.0,1.0,1,1
Super built-up Area,Yelachenahalli,2.0,3.0,105.0,1464.0,3.0,488.0,0.6666666666666666,1,1
Super built-up Area,Yelahanka,2.0,2.0,80.0,1234.0,2.0,617.0,1.0,1,1
Super built-up Area,Sarjapur  Road,3.0,1.0,55.0,1403.0,3.0,467.6666666666667,1.0,1,1
Plot Area,2nd Stage Nagarbhavi,8.0,3.0,451.0,3000.0,6.0,500.0,1.3333333333333333,1,0
Super built-up Area,Seegehalli,2.0,2.0,42.9,1150.0,3.0,383.3333333333333,0.6666666666666666,1,0
Built-up Area,Hebbal,4.0,2.0,410.0,3900.0,4.0,975.0,1.0,1,1
Super built-up Area,Kanakapura,2.0,1.0,46.0,929.0,2.0,464.5,1.0,0,0
Plot Area,2nd Stage Nagarbhavi,8.0,3.0,450.0,2400.0,6.0,400.0,1.3333333333333333,1,0
Plot Area,TC Palaya,2.0,1.0,75.0,1350.0,3.0,450.0,0.6666666666666666,1,0
Super built-up Area,Vasanthapura,2.0,1.0,39.73,1135.0,2.0,567.5,1.0,1,0
Built-up Area,Basava Nagar,2.0,2.0,70.0,1405.0,2.0,702.5,1.0,1,1
Plot Area,Whitefield,2.0,1.0,45.84,1200.0,2.0,600.0,1.0,0,0
Super built-up Area,Haralur Road,4.0,3.0,154.0,2805.0,4.0,701.25,1.0,0,1
Super built-up Area,Yeshwanthpur,2.0,2.0,64.08,1161.0,2.0,580.5,1.0,1,1
Super built-up Area,Kanakpura Road,2.0,3.0,74.0,1290.0,2.0,645.0,1.0,0,1
Super built-up Area,Yeshwanthpur,3.0,2.0,141.0,2557.0,3.0,852.3333333333334,1.0,1,1
Built-up Area,2nd Block Hrbr Layout,3.0,2.0,90.0,1480.0,3.0,493.3333333333333,1.0,1,1
Super built-up Area,Old Madras Road,3.0,0.0,54.54,1350.0,3.0,450.0,1.0,0,1
Super built-up Area,Kadugodi,2.0,2.0,65.0,1580.0,3.0,526.6666666666666,0.6666666666666666,1,1
Super built-up Area,Banashankari,2.0,1.0,88.64,1470.0,3.0,490.0,0.6666666666666666,0,0
Super built-up Area,Ananth Nagar,1.0,1.0,14.0,500.0,1.0,500.0,1.0,0,0
Super built-up Area,Sarjapur  Road,2.0,1.0,61.92,1346.0,2.0,673.0,1.0,0,1
Super built-up Area,Canara Bank Layout,3.0,3.0,90.0,1600.0,3.0,533.3333333333334,1.0,1,0
Super built-up Area,Naganathapura,2.0,1.0,120.0,720.0,2.0,360.0,1.0,1,0
Plot Area,Narasapura,2.0,2.0,29.5,1306800.0,2.0,653400.0,1.0,0,0
Plot Area,Manjunath Nagar,4.0,0.0,135.0,1200.0,4.0,300.0,1.0,1,0
Super built-up Area,Basapura,2.0,2.0,35.0,1200.0,2.0,600.0,1.0,1,1
Built-up Area,Channasandra,2.0,2.0,48.33,1340.0,3.0,446.6666666666667,0.6666666666666666,1,1
Plot Area,Devanahalli,4.0,,560.0,6136.0,4.0,1534.0,1.0,1,1
Super built-up Area,Jigani,2.0,2.0,48.0,918.0,2.0,459.0,1.0,1,1
Plot Area,Singena Agrahara,3.0,2.0,115.0,1500.0,3.0,500.0,1.0,1,1
Super built-up Area,Yelahanka,2.0,2.0,85.0,1315.0,2.0,657.5,1.0,1,1
Plot Area,Sector 1 HSR Layout,5.0,,775.0,2400.0,4.0,600.0,1.25,1,0
Super built-up Area,Uttarahalli,2.0,2.0,62.55,1390.0,3.0,463.3333333333333,0.6666666666666666,1,0
Super built-up Area,Uttarahalli,2.0,1.0,56.0,1330.0,3.0,443.3333333333333,0.6666666666666666,1,1
Built-up Area,Jalahalli,4.0,,265.0,3100.0,5.0,620.0,0.8,1,1
Super built-up Area,Mango Garden Layout,3.0,3.0,125.0,1824.0,3.0,608.0,1.0,0,1
Super built-up Area,7th Phase JP Nagar,2.0,2.0,96.0,1420.0,3.0,473.3333333333333,0.6666666666666666,1,1
Plot Area,Kacharakanahalli,1.0,0.0,56.25,750.0,1.0,750.0,1.0,1,0
Super built-up Area,Jalahalli East,2.0,1.0,60.0,1260.0,3.0,420.0,0.6666666666666666,1,1
Super built-up Area,Hennur Road,3.0,2.0,95.0,1561.0,3.0,520.3333333333334,1.0,0,1
Super built-up Area,"Bidere Agarahara, Behind Safal market",2.0,2.0,42.0,1060.0,2.0,530.0,1.0,1,0
Super built-up Area,Haralur Road,2.0,1.0,67.38,1225.0,2.0,612.5,1.0,0,1
Super built-up Area,Thanisandra,3.0,2.0,135.0,2144.0,3.0,714.6666666666666,1.0,1,1
Super built-up Area,Electronic City,2.0,2.0,29.0,880.0,2.0,440.0,1.0,1,1
Super built-up Area,Hoodi,3.0,2.0,110.0,1639.0,3.0,546.3333333333334,1.0,0,1
Built-up Area,Thanisandra,2.0,1.0,62.0,1240.0,3.0,413.3333333333333,0.6666666666666666,1,1
Super built-up Area,Kanakpura Road,2.0,2.0,69.0,1500.0,2.0,750.0,1.0,1,0
Super built-up Area,Haralur Road,2.0,1.0,46.0,1243.0,2.0,621.5,1.0,1,1
Super built-up Area,Marathahalli,3.0,,78.0,1575.0,3.0,525.0,1.0,1,1
Super built-up Area,Kambipura,2.0,1.0,56.0,1082.0,3.0,360.6666666666667,0.6666666666666666,1,1
Super built-up Area,Konanakunte,3.0,3.0,73.0,1637.0,3.0,545.6666666666666,1.0,1,0
Super built-up Area,Kanakpura Road,3.0,2.0,86.58,1665.0,3.0,555.0,1.0,1,1
Super built-up Area,Electronic City,2.0,0.0,56.93,1265.0,2.0,632.5,1.0,0,1
Super built-up Area,Electronic City,2.0,2.0,102.0,1691.0,3.0,563.6666666666666,0.6666666666666666,0,1
Super built-up Area,Thanisandra,2.0,1.0,38.0,1100.0,2.0,550.0,1.0,1,1
Plot Area,Gopalkrishna Nagar,3.0,2.0,62.0,1500.0,3.0,500.0,1.0,0,0
Built-up Area,Hosakerehalli,5.0,1.0,380.0,3205.0,4.0,801.25,1.25,1,1
Built-up Area,Kammanahalli,4.0,1.0,150.0,1666.0,5.0,333.2,0.8,1,0
Super built-up Area,Choodasandra,2.0,2.0,50.0,1115.0,2.0,557.5,1.0,1,1
Super built-up Area,Mysore Road,2.0,1.0,45.0,1070.0,2.0,535.0,1.0,1,1
Super built-up Area,Indira Nagar,2.0,2.0,105.0,1128.0,2.0,564.0,1.0,1,1
Super built-up Area,Budigere,2.0,1.0,57.0,1162.0,2.0,581.0,1.0,1,1
Super built-up Area,Sai Gardens,2.0,2.0,55.0,1339.0,2.0,669.5,1.0,1,1
Super built-up Area,Mahadevpura,2.0,2.0,75.0,1192.0,2.0,596.0,1.0,1,1
Super built-up Area,Haralur Road,3.0,1.0,115.0,1920.0,3.0,640.0,1.0,1,1
Super built-up Area,Hennur,2.0,1.0,52.32,1255.0,2.0,627.5,1.0,1,1
Super built-up Area,Rajaji Nagar,2.0,1.0,115.0,1357.0,2.0,678.5,1.0,0,1
Super built-up Area,Dodda Kempaiah Layout,3.0,2.0,75.0,1600.0,3.0,533.3333333333334,1.0,1,0
Super built-up Area,Hanumanth Nagar,2.0,2.0,55.11,1225.0,2.0,612.5,1.0,1,1
Plot Area,Whitefield,4.0,3.0,200.0,2400.0,4.0,600.0,1.0,1,1
Super built-up Area,Kasturi Nagar,3.0,3.0,80.0,1570.0,3.0,523.3333333333334,1.0,1,0
Super built-up Area,Thanisandra,2.0,2.0,70.0,1093.0,2.0,546.5,1.0,1,1
Built-up Area,Basaveshwara Nagar,3.0,3.0,145.0,1865.0,3.0,621.6666666666666,1.0,1,1
Super built-up Area,Kaikondrahalli,2.0,2.0,80.0,1039.0,2.0,519.5,1.0,1,1
Super built-up Area,Whitefield,3.0,2.0,75.0,1985.0,3.0,661.6666666666666,1.0,1,1
Super built-up Area,Hosakerehalli,3.0,3.0,49.0,1590.0,3.0,530.0,1.0,1,1
Plot Area,Hunasamaranahalli,4.0,2.0,675.0,4000.0,4.0,1000.0,1.0,1,1
Super built-up Area,Electronic City Phase II,2.0,2.0,38.0,775.0,2.0,387.5,1.0,1,1
Super built-up Area,RWF West Colony,2.0,1.0,50.0,1000.0,2.0,500.0,1.0,1,1
Super built-up Area,Hebbal Kempapura,3.0,2.0,175.0,1800.0,3.0,600.0,1.0,1,1
Super built-up Area,Bommasandra,2.0,1.0,41.0,1035.0,2.0,517.5,1.0,0,1
Super built-up Area,Dasarahalli,2.0,1.0,75.0,1520.0,3.0,506.6666666666667,0.6666666666666666,1,1
Super built-up Area,Whitefield,2.0,1.0,95.0,1360.0,2.0,680.0,1.0,1,1
Plot Area,Bileshivale,5.0,3.0,400.0,6000.0,4.0,1500.0,1.25,1,1
Super built-up Area,Kodigehaali,2.0,2.0,56.0,1117.0,2.0,558.5,1.0,1,1
Plot Area,KR Puram,4.0,3.0,120.0,1200.0,4.0,300.0,1.0,1,1
Super built-up Area,EPIP Zone,2.0,1.0,92.5,1330.0,2.0,665.0,1.0,1,1
Super built-up Area,Marathahalli,3.0,2.0,160.0,1937.0,3.0,645.6666666666666,1.0,1,1
Super built-up Area,Electronic City,2.0,1.0,65.49,1128.0,2.0,564.0,1.0,0,1
Super built-up Area,Neeladri Nagar,2.0,1.0,45.0,1053.0,2.0,526.5,1.0,1,1
Super built-up Area,Panathur,2.0,1.0,77.0,1198.0,2.0,599.0,1.0,0,1
Super built-up Area,Marathahalli,2.0,1.0,56.0,1152.0,2.0,576.0,1.0,0,1
Super built-up Area,Frazer Town,2.0,1.0,75.0,1625.0,2.0,812.5,1.0,1,1
Super built-up Area,Kundalahalli,3.0,3.0,105.0,1397.0,3.0,465.6666666666667,1.0,1,1
Super built-up Area,Yeshwanthpur,3.0,3.0,170.0,1523.0,3.0,507.6666666666667,1.0,1,1
Super built-up Area,Kambipura,2.0,1.0,45.0,883.0,2.0,441.5,1.0,1,1
Super built-up Area,Kaggalipura,1.0,0.0,38.0,700.0,1.0,700.0,1.0,1,1
Super built-up Area,Yelahanka,2.0,1.0,62.5,1170.0,2.0,585.0,1.0,1,1
Super built-up Area,Kanakpura Road,2.0,2.0,42.0,1200.0,3.0,400.0,0.6666666666666666,1,1
Built-up Area,Manayata Tech Park,3.0,2.0,170.0,2400.0,3.0,800.0,1.0,1,0
Super built-up Area,Kullappa Colony,2.0,2.0,65.0,1480.0,2.0,740.0,1.0,1,0
Super built-up Area,Akshaya Nagar,3.0,2.0,120.0,1897.0,3.0,632.3333333333334,1.0,1,1
Super built-up Area,Rachenahalli,2.0,1.0,67.0,996.0,2.0,498.0,1.0,1,0
Super built-up Area,Haralur Road,3.0,2.0,110.0,1875.0,3.0,625.0,1.0,0,1
Super built-up Area,Williams Town,2.0,2.0,98.0,1500.0,3.0,500.0,0.6666666666666666,1,0
Super built-up Area,Jaya Nagar East,3.0,3.0,350.0,3095.0,3.0,1031.6666666666667,1.0,1,1
Super built-up Area,Ambalipura,2.0,1.0,175.0,1390.0,3.0,463.3333333333333,0.6666666666666666,1,1
Super built-up Area,Yelahanka,3.0,0.0,65.255,1450.0,3.0,483.3333333333333,1.0,0,1
Super built-up Area,Yelahanka,1.0,0.0,45.0,697.0,1.0,697.0,1.0,0,1
Built-up Area,Sarjapur  Road,1.0,1.0,27.0,710.0,1.0,710.0,1.0,1,1
Carpet Area,Iggalur,2.0,1.0,30.5,910.0,2.0,455.0,1.0,1,1
Built-up Area,Sompura,2.0,1.0,48.0,1025.0,3.0,341.6666666666667,0.6666666666666666,1,1
Super built-up Area,Magadi Road,2.0,0.0,46.5,1000.0,2.0,500.0,1.0,0,1
Plot Area,Harlur,4.0,,244.0,1200.0,4.0,300.0,1.0,1,0
Super built-up Area,Horamavu Agara,2.0,1.0,46.48,1453.0,3.0,484.3333333333333,0.6666666666666666,0,0
Super built-up Area,Sarjapur  Road,5.0,2.0,300.0,3335.0,4.0,833.75,1.25,1,1
Super built-up Area,Thanisandra,2.0,0.0,36.435,971.5,2.0,485.75,1.0,0,1
Super built-up Area,Bellandur,2.0,1.0,74.0,1281.0,2.0,640.5,1.0,1,0
Built-up Area,Cooke Town,1.0,1.0,35.0,565.0,1.0,565.0,1.0,1,0
Built-up Area,Varthur,2.0,2.0,42.0,1024.0,2.0,512.0,1.0,1,1
Built-up Area,Electronic City,3.0,2.0,62.0,1620.0,3.0,540.0,1.0,1,1
Super built-up Area,Whitefield,2.0,2.0,40.0,1254.0,2.0,627.0,1.0,1,1
Built-up Area,Banashankari,2.0,2.0,75.0,1300.0,3.0,433.3333333333333,0.6666666666666666,1,1
Built-up Area,Doddakallasandra,2.0,2.0,43.0,1233.0,2.0,616.5,1.0,1,0
Plot Area,Chokkanahalli,1.0,1.0,28.0,1200.0,1.0,1200.0,1.0,1,0
Super built-up Area,Hosur Road,2.0,1.0,105.0,1510.0,3.0,503.3333333333333,0.6666666666666666,0,1
Super built-up Area,Kaggalipura,2.0,1.0,65.0,950.0,2.0,475.0,1.0,1,1
Super built-up Area,Battarahalli,3.0,2.0,97.42,1945.0,3.0,648.3333333333334,1.0,1,1
Super built-up Area,Uttarahalli,2.0,3.0,45.0,1008.0,2.0,504.0,1.0,1,1
Super built-up Area,Thanisandra,2.0,1.0,79.0,1265.0,3.0,421.6666666666667,0.6666666666666666,1,1
Super built-up Area,Hebbal,2.0,1.0,77.68,1255.0,3.0,418.3333333333333,0.6666666666666666,0,1
Built-up Area,Kanakpura Road,6.0,2.0,220.0,2689.0,4.0,672.25,1.5,0,1
Built-up Area,Yelenahalli,2.0,2.0,46.17,1200.0,2.0,600.0,1.0,1,0
Super built-up Area,Sarjapur  Road,3.0,3.0,51.63,1403.0,3.0,467.6666666666667,1.0,0,1
Super built-up Area,Kudlu Gate,3.0,2.0,85.0,1535.0,3.0,511.6666666666667,1.0,1,1
Plot Area,Chikkaballapur,3.0,3.0,100.0,1500.0,3.0,500.0,1.0,1,0
Super built-up Area,Chamrajpet,2.0,2.0,120.0,1475.0,3.0,491.6666666666667,0.6666666666666666,1,1
Super built-up Area,Uttarahalli,2.0,2.0,60.47,1390.0,3.0,463.3333333333333,0.6666666666666666,1,0
Super built-up Area,Raja Rajeshwari Nagar,2.0,1.0,53.76,1278.0,3.0,426.0,0.6666666666666666,1,0
Super built-up Area,VGP Layout,2.0,2.0,55.0,1133.0,2.0,566.5,1.0,1,1
Plot Area,Classic Paradise Layout,5.0,1.0,145.0,1560.0,5.0,312.0,1.0,1,0
Plot Area,Byappanahalli,5.0,2.0,90.0,2900.0,5.0,580.0,1.0,1,0
Super built-up Area,Kogilu,2.0,1.0,51.99,1170.0,2.0,585.0,1.0,1,0
Plot Area,Sahakara Nagar,3.0,3.0,200.0,1200.0,3.0,400.0,1.0,1,0
Super built-up Area,Whitefield,3.0,2.0,94.79,1697.0,3.0,565.6666666666666,1.0,0,1
Super built-up Area,Thanisandra,3.0,3.0,97.38,1651.0,3.0,550.3333333333334,1.0,1,0
Super built-up Area,Vasanth nagar,3.0,1.0,188.0,1560.0,3.0,520.0,1.0,1,1
Super built-up Area,Hennur Road,2.0,1.0,60.0,1192.0,3.0,397.3333333333333,0.6666666666666666,0,1
Built-up Area,OMBR Layout,2.0,3.0,65.0,1078.0,2.0,539.0,1.0,1,0
Super built-up Area,Kasavanhalli,2.0,2.0,78.0,1349.0,2.0,674.5,1.0,1,1
Super built-up Area,7th Phase JP Nagar,3.0,2.0,120.0,1680.0,3.0,560.0,1.0,1,1
Super built-up Area,Rayasandra,2.0,2.0,63.0,1314.0,3.0,438.0,0.6666666666666666,1,0
Super built-up Area,Garudachar Palya,2.0,1.0,48.7,1060.0,2.0,530.0,1.0,1,0
Built-up Area,Kalyan nagar,2.0,0.0,39.0,820.0,2.0,410.0,1.0,1,1
Plot Area,Whitefield,4.0,3.0,400.0,5000.0,4.0,1250.0,1.0,1,1
Super built-up Area,BEML Layout,3.0,2.0,85.0,2000.0,3.0,666.6666666666666,1.0,1,0
Super built-up Area,Kalkere,2.0,3.0,40.0,856.0,2.0,428.0,1.0,1,1
Super built-up Area,Rajaji Nagar,4.0,0.0,130.0,1621.0,3.0,540.3333333333334,1.3333333333333333,0,1
Plot Area,ITPL,3.0,1.0,68.4,1200.0,3.0,400.0,1.0,0,0
Super built-up Area,Bannerghatta Road,3.0,2.0,52.5,1484.0,3.0,494.6666666666667,1.0,1,1
Plot Area,Siddapura,3.0,2.0,800.0,14000.0,4.0,3500.0,0.75,1,1
Super built-up Area,Yelahanka New Town,1.0,1.0,20.0,500.0,1.0,500.0,1.0,1,1
Super built-up Area,Makali,1.0,1.0,15.0,485.0,1.0,485.0,1.0,1,0
Super built-up Area,7th Phase JP Nagar,2.0,1.0,42.0,1050.0,2.0,525.0,1.0,1,0
Super built-up Area,Uttarahalli,3.0,3.0,66.68,1617.0,3.0,539.0,1.0,1,0
Built-up Area,RWF West Colony,3.0,2.0,62.28,1384.0,3.0,461.3333333333333,1.0,1,1
Super built-up Area,Devanahalli,2.0,2.0,85.0,1408.0,2.0,704.0,1.0,0,0
Built-up Area,Uttarahalli,2.0,1.0,49.0,1150.0,2.0,575.0,1.0,1,1
Super built-up Area,Akshaya Nagar,2.0,2.0,75.0,1410.0,3.0,470.0,0.6666666666666666,1,0
Built-up Area,Kaggadasapura,4.0,1.0,100.0,2150.0,4.0,537.5,1.0,1,1
Super built-up Area,Koramangala,4.0,1.0,275.0,2292.0,3.0,764.0,1.3333333333333333,1,0
Built-up Area,Malleshwaram,3.0,,297.0,2006.0,3.0,668.6666666666666,1.0,1,1
Built-up Area,Maragondanahalli,3.0,2.0,70.25,1508.0,3.0,502.6666666666667,1.0,1,1
Built-up Area,Ramamurthy Nagar,2.0,2.0,50.0,1040.0,2.0,520.0,1.0,1,1
Plot Area,TC Palaya,2.0,1.0,60.0,1240.0,2.0,620.0,1.0,1,1
Super built-up Area,Kudlu Gate,3.0,1.0,78.0,1535.0,3.0,511.6666666666667,1.0,1,1
Built-up Area,Lakshminarayana Pura,2.0,2.0,75.0,1180.0,2.0,590.0,1.0,1,1
Built-up Area,Abbigere,6.0,2.0,68.0,2200.0,6.0,366.6666666666667,1.0,1,0
Super built-up Area,Bannerghatta Road,2.0,2.0,78.0,1400.0,2.0,700.0,1.0,1,1
Super built-up Area,Raja Rajeshwari Nagar,1.0,1.0,25.0,500.0,1.0,500.0,1.0,1,0
Plot Area,Whitefield,4.0,3.0,525.0,4800.0,4.0,1200.0,1.0,1,1
Super built-up Area,Sarjapur  Road,4.0,1.0,146.0,1984.0,3.0,661.3333333333334,1.3333333333333333,1,1
Plot Area,Whitefield,5.0,3.0,250.0,3000.0,4.0,750.0,1.25,1,1
Super built-up Area,Garudachar Palya,3.0,3.0,160.0,1960.0,3.0,653.3333333333334,1.0,1,1
Super built-up Area,Sarjapur  Road,2.0,1.0,45.0,1035.0,2.0,517.5,1.0,1,1
Built-up Area,Vibuthipura,4.0,1.0,80.0,2150.0,4.0,537.5,1.0,1,0
Built-up Area,Whitefield,3.0,2.0,115.0,1700.0,3.0,566.6666666666666,1.0,1,1
Super built-up Area,Hosakerehalli,5.0,1.0,248.0,3024.0,4.0,756.0,1.25,1,1
Super built-up Area,Tumkur Road,3.0,1.0,100.0,1586.0,3.0,528.6666666666666,1.0,0,1
Built-up Area,Hennur,,,155.0,2264.0,3.0,754.6666666666666,,0,1
Plot Area,Chikka Tirupathi,4.0,1.0,120.0,2325.0,4.0,581.25,1.0,1,1
Super built-up Area,Yelahanka,2.0,2.0,55.0,1120.0,2.0,560.0,1.0,1,1
Super built-up Area,Yelahanka,,,67.98,1662.0,3.0,554.0,,0,1
Super built-up Area,Sarjapur  Road,2.0,2.0,59.0,1128.0,2.0,564.0,1.0,1,1
Super built-up Area,Jigani,2.0,2.0,65.0,924.0,2.0,462.0,1.0,1,1
Super built-up Area,Suraksha Nagar,3.0,2.0,52.0,1600.0,3.0,533.3333333333334,1.0,1,1
Super built-up Area,Pai Layout,2.0,2.0,35.0,1006.0,2.0,503.0,1.0,1,0
Super built-up Area,Amruthahalli,2.0,2.0,55.0,1200.0,2.0,600.0,1.0,1,1
Super built-up Area,Jalahalli West,2.0,1.0,62.0,1250.0,2.0,625.0,1.0,0,0
Plot Area,Defence Layout,3.0,1.0,130.0,1200.0,3.0,400.0,1.0,1,0
Built-up Area,Kannamangala,2.0,1.0,56.0,957.0,2.0,478.5,1.0,1,1
Super built-up Area,Whitefield,2.0,2.0,41.0,1140.0,2.0,570.0,1.0,1,1
Super built-up Area,Roopena Agrahara,2.0,1.0,67.0,1050.0,2.0,525.0,1.0,1,1
Super built-up Area,Kasturi Nagar,3.0,2.0,88.5,1565.0,3.0,521.6666666666666,1.0,1,0
Super built-up Area,Whitefield,2.0,3.0,57.0,1190.0,2.0,595.0,1.0,1,1
Built-up Area,Whitefield,3.0,2.0,162.0,2842.0,3.0,947.3333333333334,1.0,0,0
Built-up Area,Kanakpura Road,2.0,2.0,65.0,1558.67,3.0,519.5566666666667,0.6666666666666666,1,1
Super built-up Area,Electronics City Phase 1,1.0,1.0,39.0,630.0,1.0,630.0,1.0,1,0
Super built-up Area,Whitefield,2.0,2.0,60.81,1403.0,3.0,467.6666666666667,0.6666666666666666,1,1
Super built-up Area,Kanakpura Road,2.0,3.0,85.0,1542.0,3.0,514.0,0.6666666666666666,1,1
Built-up Area,Haralur Road,4.0,0.0,220.0,2750.0,4.0,687.5,1.0,1,1
Super built-up Area,Iblur Village,5.0,1.0,290.0,3596.0,4.0,899.0,1.25,1,1
Super built-up Area,Kengeri Satellite Town,2.0,,78.0,1635.0,3.0,545.0,0.6666666666666666,1,0
Super built-up Area,Mysore Road,2.0,1.0,53.0,1239.0,2.0,619.5,1.0,1,0
Super built-up Area,Dooravani Nagar,3.0,1.0,105.0,1596.0,3.0,532.0,1.0,1,1
Super built-up Area,Channasandra,2.0,1.0,38.34,1009.0,2.0,504.5,1.0,0,1
Super built-up Area,Hosa Road,3.0,2.0,81.99,1726.0,3.0,575.3333333333334,1.0,0,1
Super built-up Area,Kudlu Gate,3.0,2.0,86.0,1535.0,3.0,511.6666666666667,1.0,1,1
Super built-up Area,Banashankari Stage V,2.0,1.0,58.5,1300.0,3.0,433.3333333333333,0.6666666666666666,1,0
Plot Area,Whitefield,4.0,2.0,465.0,3100.0,4.0,775.0,1.0,1,1
Super built-up Area,Coconut Garden,3.0,3.0,80.0,1800.0,3.0,600.0,1.0,1,0
Super built-up Area,Binny Pete,1.0,0.0,50.75,665.0,1.0,665.0,1.0,0,1
Plot Area,Chamrajpet,7.0,1.0,1200.0,4050.0,9.0,450.0,0.7777777777777778,1,0
Plot Area,TC Palaya,2.0,1.0,100.0,1500.0,3.0,500.0,0.6666666666666666,1,0
Built-up Area,Kalkere,2.0,2.0,48.0,925.0,2.0,462.5,1.0,1,1
Super built-up Area,Old Airport Road,4.0,,251.0,3356.0,4.0,839.0,1.0,0,1
Super built-up Area,Gollahalli,2.0,1.0,63.59,1395.0,2.0,697.5,1.0,1,1
Super built-up Area,Sonnenahalli,2.0,1.0,55.0,1415.0,3.0,471.6666666666667,0.6666666666666666,1,1
Super built-up Area,Begur,2.0,2.0,59.0,1419.0,3.0,473.0,0.6666666666666666,1,1
Super built-up Area,Kasavanhalli,2.0,2.0,78.0,1121.0,2.0,560.5,1.0,0,1
Super built-up Area,Kambipura,2.0,1.0,45.0,1082.0,3.0,360.6666666666667,0.6666666666666666,1,0
Super built-up Area,KR Puram,2.0,1.0,47.0,1100.0,2.0,550.0,1.0,0,1
Super built-up Area,Hoodi,3.0,3.0,89.55,1606.0,3.0,535.3333333333334,1.0,1,1
Built-up Area,Billekahalli,3.0,2.0,88.0,1650.0,3.0,550.0,1.0,1,0
Super built-up Area,D Souza Layout,4.0,3.0,1015.0,4634.0,3.0,1544.6666666666667,1.3333333333333333,1,1
Super built-up Area,Old Airport Road,2.0,3.0,75.0,1206.0,2.0,603.0,1.0,1,1
Built-up Area,Sarjapur  Road,2.0,0.0,64.0,1495.0,3.0,498.3333333333333,0.6666666666666666,1,1
Super built-up Area,Electronic City,2.0,2.0,16.0,710.0,2.0,355.0,1.0,1,1
Super built-up Area,Balagere,2.0,1.0,72.0,1210.0,2.0,605.0,1.0,1,0
Super built-up Area,Nagarbhavi,2.0,2.0,53.4,1523.0,3.0,507.6666666666667,0.6666666666666666,1,1
Super built-up Area,Whitefield,2.0,2.0,45.0,1232.0,2.0,616.0,1.0,1,1
Super built-up Area,Rachenahalli,1.0,1.0,44.0,680.0,1.0,680.0,1.0,0,1
Super built-up Area,Hebbal,3.0,1.0,83.87,1355.0,3.0,451.6666666666667,1.0,0,1
Super built-up Area,Thanisandra,2.0,2.0,51.46,1430.0,3.0,476.6666666666667,0.6666666666666666,1,1
Super built-up Area,Kothannur,2.0,2.0,43.85,1275.0,3.0,425.0,0.6666666666666666,0,0
Super built-up Area,Electronic City,2.0,1.0,56.1,1070.0,2.0,535.0,1.0,1,1
Plot Area,Bettahalsoor,3.0,1.0,85.0,1200.0,3.0,400.0,1.0,1,0
Plot Area,Electronic City,4.0,0.0,120.0,2000.0,4.0,500.0,1.0,1,0
Super built-up Area,Bommanahalli,2.0,2.0,40.0,1200.0,2.0,600.0,1.0,1,0
Super built-up Area,Marathahalli,3.0,1.0,90.0,1610.0,3.0,536.6666666666666,1.0,1,1
Super built-up Area,Haralur Road,2.0,2.0,43.0,1140.0,2.0,570.0,1.0,1,1
Super built-up Area,Raja Rajeshwari Nagar,2.0,2.0,38.65,1143.0,2.0,571.5,1.0,1,1
Super built-up Area,Jakkur,6.0,3.0,249.0,3467.86,4.0,866.965,1.5,0,1
Super built-up Area,Rachenahalli,2.0,2.0,74.4,1530.0,3.0,510.0,0.6666666666666666,1,1
Super built-up Area,7th Phase JP Nagar,2.0,2.0,69.0,980.0,2.0,490.0,1.0,1,1
Super built-up Area,Whitefield,3.0,2.0,65.0,1485.0,3.0,495.0,1.0,1,1
Plot Area,Whitefield,3.0,1.0,130.0,1500.0,3.0,500.0,1.0,0,1
Super built-up Area,Whitefield,2.0,1.0,75.0,1280.0,2.0,640.0,1.0,0,1
Super built-up Area,Thanisandra,2.0,2.0,85.0,1265.0,2.0,632.5,1.0,1,1
Built-up Area,"ECC Road, Whitefield,",2.0,1.0,67.0,1132.0,2.0,566.0,1.0,0,0
Super built-up Area,Ashwath Nagar,2.0,2.0,63.0,1262.0,2.0,631.0,1.0,1,1
Super built-up Area,JP Nagar,2.0,1.0,49.0,940.0,2.0,470.0,1.0,1,1
Super built-up Area,Seetharampalya,3.0,3.0,88.0,1515.0,3.0,505.0,1.0,1,0
Super built-up Area,Jigani,3.0,3.0,150.0,1300.0,3.0,433.3333333333333,1.0,1,1
Built-up Area,Kothanur,3.0,1.0,69.0,1840.0,3.0,613.3333333333334,1.0,1,0
Built-up Area,Electronic City,2.0,2.0,45.0,890.0,2.0,445.0,1.0,1,1
Super built-up Area,Rukmaiah Layout,3.0,2.0,86.06,1655.0,3.0,551.6666666666666,1.0,1,0
Super built-up Area,Hennur Road,3.0,1.0,149.0,2060.0,3.0,686.6666666666666,1.0,1,1
Super built-up Area,Bommanahalli,3.0,1.0,96.0,1730.0,3.0,576.6666666666666,1.0,1,1
Built-up Area,Yelahanka,4.0,2.0,127.0,2195.0,3.0,731.6666666666666,1.3333333333333333,1,1
Super built-up Area,Kathriguppe,3.0,2.0,125.0,1650.0,3.0,550.0,1.0,0,0
Plot Area,KR Puram,2.0,0.0,71.0,1200.0,2.0,600.0,1.0,1,0
Super built-up Area,Hosa Road,2.0,1.0,32.37,1079.0,2.0,539.5,1.0,0,0
Super built-up Area,Panathur,2.0,1.0,36.0,1085.0,2.0,542.5,1.0,0,1
Built-up Area,Maruthi Sevanagar,7.0,,299.0,5000.0,7.0,714.2857142857143,1.0,1,0
Super built-up Area,Yelahanka,2.0,1.0,51.5,1075.0,2.0,537.5,1.0,1,0
Super built-up Area,Devanahalli Int. Airport,2.0,1.0,80.0,1380.0,2.0,690.0,1.0,0,0
Super built-up Area,Puttanahalli,3.0,1.0,65.0,1450.0,3.0,483.3333333333333,1.0,1,0
Super built-up Area,Thubarahalli,2.0,2.0,78.0,1200.0,2.0,600.0,1.0,1,0
Super built-up Area,Benson Town,4.0,,350.0,3200.0,3.0,1066.6666666666667,1.3333333333333333,1,0
Super built-up Area,Hoodi,3.0,1.0,98.32,1639.0,3.0,546.3333333333334,1.0,0,1
Super built-up Area,Jakkuru Layout,2.0,1.0,54.0,1200.0,2.0,600.0,1.0,1,0
Super built-up Area,Vijayanagar,3.0,1.0,116.0,1739.0,3.0,579.6666666666666,1.0,0,1
Built-up Area,Palanahalli,5.0,,500.0,4346.0,4.0,1086.5,1.25,1,1
Super built-up Area,Old Madras Road,2.0,1.0,32.72,935.0,2.0,467.5,1.0,0,1
Super built-up Area,Thanisandra,1.0,1.0,25.25,510.0,1.0,510.0,1.0,0,1
Super built-up Area,Nagondanahalli,2.0,3.0,47.0,1178.0,2.0,589.0,1.0,1,1
Built-up Area,Chikkalasandra,2.0,1.0,50.0,1375.0,3.0,458.3333333333333,0.6666666666666666,1,1
Super built-up Area,Chandapura,2.0,1.0,33.0,1065.0,3.0,355.0,0.6666666666666666,1,1
Super built-up Area,2nd Phase Judicial Layout,2.0,1.0,50.75,1450.0,3.0,483.3333333333333,0.6666666666666666,1,0
Built-up Area,BEML Layout,2.0,3.0,45.0,999.0,2.0,499.5,1.0,1,0
Super built-up Area,Amruthahalli,3.0,2.0,475.0,4400.0,2.0,2200.0,1.5,1,0
Built-up Area,Kothannur,2.0,2.0,40.0,1100.0,2.0,550.0,1.0,1,0
Super built-up Area,Koramangala,2.0,3.0,155.0,1835.0,3.0,611.6666666666666,0.6666666666666666,1,1
Super built-up Area,Hoodi,4.0,0.0,95.1,2090.0,4.0,522.5,1.0,0,1
Super built-up Area,Lingadheeranahalli,3.0,1.0,93.0,1519.0,3.0,506.3333333333333,1.0,1,1
Built-up Area,Dommasandra,3.0,2.0,56.0,1267.0,3.0,422.3333333333333,1.0,1,1
Super built-up Area,Sanjay nagar,2.0,3.0,72.2,1150.0,2.0,575.0,1.0,1,1
Super built-up Area,Marathahalli,2.0,1.0,70.0,1146.0,2.0,573.0,1.0,0,1
Built-up Area,Kannamangala,3.0,3.0,65.0,1550.0,3.0,516.6666666666666,1.0,1,1
Built-up Area,Chandapura,1.0,1.0,18.5,850.0,2.0,425.0,0.5,1,1
Super built-up Area,Richmond Town,3.0,,187.0,2200.0,3.0,733.3333333333334,1.0,1,1
Built-up Area,"Sarjapur Road,",3.0,2.0,330.0,3329.0,3.0,1109.6666666666667,1.0,1,0
Carpet Area,Electronics City Phase 1,1.0,1.0,55.0,785.0,1.0,785.0,1.0,1,0
Super built-up Area,Hebbal Kempapura,4.0,,300.0,2900.0,3.0,966.6666666666666,1.3333333333333333,1,1
Built-up Area,Raja Rajeshwari Nagar,3.0,2.0,74.0,1610.0,3.0,536.6666666666666,1.0,1,1
Super built-up Area,Bellandur,2.0,2.0,40.0,921.0,2.0,460.5,1.0,1,1
Built-up Area,Bannerghatta Road,5.0,0.0,158.0,2700.0,5.0,540.0,1.0,1,0
Super built-up Area,Sarjapur  Road,3.0,3.0,110.0,1700.0,3.0,566.6666666666666,1.0,1,1
Built-up Area,Sarjapur,2.0,2.0,35.0,1020.0,2.0,510.0,1.0,1,1
Super built-up Area,Billekahalli,2.0,3.0,52.0,1090.0,2.0,545.0,1.0,1,1
Plot Area,Bagalur Main Road,4.0,,300.0,3600.0,4.0,900.0,1.0,1,0
Super built-up Area,Thanisandra,2.0,2.0,42.1,1185.0,2.0,592.5,1.0,1,1
Super built-up Area,Doddathoguru,2.0,1.0,25.0,850.0,2.0,425.0,1.0,1,1
Built-up Area,Harlur,2.0,1.0,84.0,1197.0,2.0,598.5,1.0,1,1
Super built-up Area,Byadarahalli,3.0,3.0,450.0,3500.0,4.0,875.0,0.75,1,1
Super built-up Area,Poorna Pragna Layout,2.0,2.0,39.55,920.0,2.0,460.0,1.0,1,0
Super built-up Area,Chamrajpet,9.0,1.0,296.0,7706.9524,9.0,856.3280444444445,1.0,1,0
Super built-up Area,Raja Rajeshwari Nagar,2.0,1.0,65.0,1105.0,2.0,552.5,1.0,1,1
Super built-up Area,Yeshwanthpur,3.0,3.0,100.0,1850.0,3.0,616.6666666666666,1.0,1,1
Super built-up Area,Judicial Layout,3.0,1.0,64.0,1300.0,3.0,433.3333333333333,1.0,0,1
Built-up Area,"Varthur Road,",3.0,2.0,76.0,1595.0,3.0,531.6666666666666,1.0,1,0
Super built-up Area,Kodihalli,5.0,2.0,696.0,3073.0,4.0,768.25,1.25,0,1
Built-up Area,Horamavu Agara,2.0,1.0,37.49,755.0,2.0,377.5,1.0,1,0
Built-up Area,Nagasandra,5.0,2.0,140.0,4050.0,5.0,810.0,1.0,1,0
Super built-up Area,Kanakpura Road,2.0,3.0,69.0,1300.0,3.0,433.3333333333333,0.6666666666666666,0,0
Built-up Area,Bannerghatta Road,2.0,0.0,50.0,1215.0,2.0,607.5,1.0,1,0
Super built-up Area,Kanakpura Road,2.0,1.0,46.0,900.0,2.0,450.0,1.0,0,1
Super built-up Area,Banashankari Stage III,2.0,3.0,58.4,1145.0,2.0,572.5,1.0,0,0
Super built-up Area,Chikka Banaswadi,2.0,2.0,65.0,1093.0,2.0,546.5,1.0,1,0
Super built-up Area,Babusapalaya,2.0,2.0,41.39,1213.0,3.0,404.3333333333333,0.6666666666666666,0,0
Super built-up Area,Bannerghatta Road,3.0,2.0,100.0,1654.0,3.0,551.3333333333334,1.0,1,1
Super built-up Area,NGR Layout,2.0,1.0,52.48,1105.0,2.0,552.5,1.0,1,0
Super built-up Area,Babusapalaya,2.0,2.0,66.0,1611.0,3.0,537.0,0.6666666666666666,1,0
Built-up Area,Outer Ring Road East,2.0,2.0,62.0,1367.0,2.0,683.5,1.0,1,1
Super built-up Area,Devanahalli,2.0,1.0,51.0,1010.0,2.0,505.0,1.0,1,1
Carpet Area,Vinayaka Nagar,3.0,1.0,95.0,1535.0,3.0,511.6666666666667,1.0,1,1
Super built-up Area,Anekal,2.0,1.0,22.0,620.0,2.0,310.0,1.0,1,0
Built-up Area,Horamavu Agara,2.0,1.0,47.65,982.0,2.0,491.0,1.0,1,0
Super built-up Area,Banashankari Stage II,2.0,2.0,150.0,1700.0,2.0,850.0,1.0,1,0
Super built-up Area,Whitefield,2.0,1.0,71.0,1330.0,2.0,665.0,1.0,0,1
Built-up Area,JP Nagar,3.0,2.0,135.0,2500.0,3.0,833.3333333333334,1.0,1,1
Super built-up Area,Poorna Pragna Layout,2.0,2.0,58.99,1475.0,3.0,491.6666666666667,0.6666666666666666,1,0
Super built-up Area,Bhoganhalli,3.0,1.0,65.0,1410.0,3.0,470.0,1.0,1,1
Super built-up Area,Yelahanka New Town,1.0,1.0,16.5,440.0,1.0,440.0,1.0,1,0
Super built-up Area,Yelahanka,3.0,2.0,95.0,1614.0,3.0,538.0,1.0,1,1
Super built-up Area,Neeladri Nagar,2.0,2.0,68.0,1363.0,2.0,681.5,1.0,1,1
Built-up Area,Kogilu,2.0,0.0,28.0,650.0,2.0,325.0,1.0,1,0
Super built-up Area,Dodda Kempaiah Layout,2.0,1.0,45.0,1015.0,2.0,507.5,1.0,1,0
Super built-up Area,Horamavu Banaswadi,2.0,2.0,46.0,1156.0,2.0,578.0,1.0,1,0
Super built-up Area,Hennur Busstop,2.0,1.0,62.7,1100.0,2.0,550.0,1.0,0,0
Super built-up Area,KR Puram,3.0,2.0,46.0,1455.0,3.0,485.0,1.0,0,0
Super built-up Area,GB Palya,2.0,1.0,45.0,930.0,2.0,465.0,1.0,1,1
Built-up Area,AMS Layout,2.0,2.0,80.0,1650.0,3.0,550.0,0.6666666666666666,1,0
Built-up Area,KR Puram,2.0,0.0,90.0,1200.0,2.0,600.0,1.0,1,0
Plot Area,9th Block Jayanagar,1.0,0.0,150.0,700.0,1.0,700.0,1.0,1,0
Super built-up Area,Karuna Nagar,3.0,,135.0,2900.0,4.0,725.0,0.75,1,1
Super built-up Area,Kadugodi,4.0,3.0,127.0,1890.0,3.0,630.0,1.3333333333333333,0,1
Super built-up Area,Ashwathnagar,4.0,3.0,280.0,2197.0,3.0,732.3333333333334,1.3333333333333333,1,1
Super built-up Area,Hebbal Kempapura,3.0,2.0,380.0,3522.0,3.0,1174.0,1.0,1,1
Super built-up Area,Gaurava Nagar,2.0,2.0,46.0,1240.0,3.0,413.3333333333333,0.6666666666666666,0,0
Built-up Area,HRBR Layout,2.0,2.0,98.0,1440.0,2.0,720.0,1.0,1,1
Super built-up Area,Kodichikkanahalli,1.0,2.0,38.0,650.0,1.0,650.0,1.0,1,0
Super built-up Area,Budigere,1.0,1.0,32.0,764.0,1.0,764.0,1.0,0,1
Built-up Area,Hoodi,3.0,2.0,65.0,1445.0,3.0,481.6666666666667,1.0,1,1
Super built-up Area,Kanakpura Road,1.0,0.0,45.0,900.0,2.0,450.0,0.5,0,1
Super built-up Area,Singasandra,2.0,,55.0,1030.0,2.0,515.0,1.0,1,0
Super built-up Area,Yelahanka,2.0,2.0,52.48,1381.0,3.0,460.3333333333333,0.6666666666666666,1,1
Built-up Area,Basapura,2.0,1.0,60.0,1100.0,2.0,550.0,1.0,1,1
Super built-up Area,Hoodi,3.0,2.0,66.39,1575.0,3.0,525.0,1.0,1,0
Plot Area,Thigalarapalya,2.0,1.0,65.0,1200.0,2.0,600.0,1.0,1,0
Super built-up Area,Begur Road,2.0,2.0,43.2,1200.0,2.0,600.0,1.0,1,1
Super built-up Area,Kasturi Nagar,2.0,2.0,80.0,1080.0,2.0,540.0,1.0,1,1
Plot Area,Hebbal Kempapura,5.0,,200.0,2280.0,5.0,456.0,1.0,1,0
Super built-up Area,Akshaya Nagar,2.0,2.0,85.0,1360.0,3.0,453.3333333333333,0.6666666666666666,0,0
Super built-up Area,Jakkur,3.0,1.0,124.0,1865.0,3.0,621.6666666666666,1.0,0,1
Super built-up Area,Sarjapur  Road,2.0,1.0,75.0,1157.0,3.0,385.6666666666667,0.6666666666666666,0,1
Super built-up Area,Kammasandra,2.0,1.0,29.0,674.0,2.0,337.0,1.0,1,1
Super built-up Area,Whitefield,2.0,1.0,78.0,1405.0,3.0,468.3333333333333,0.6666666666666666,1,1
Super built-up Area,Begur Road,2.0,2.0,44.08,1160.0,2.0,580.0,1.0,1,1
Plot Area,Kengeri Satellite Town ( BDA SITE),3.0,1.0,172.0,1600.0,4.0,400.0,0.75,1,0
Super built-up Area,Hebbal,3.0,2.0,127.0,1790.0,3.0,596.6666666666666,1.0,0,1
Super built-up Area,Electronic City,2.0,1.0,65.65,1128.0,2.0,564.0,1.0,0,1
Super built-up Area,Panathur,2.0,1.0,70.0,1180.0,2.0,590.0,1.0,1,1
Built-up Area,AGS Layout,2.0,2.0,85.0,1450.0,3.0,483.3333333333333,0.6666666666666666,1,0
Built-up Area,Kengeri,1.0,1.0,10.0,340.0,1.0,340.0,1.0,0,0
Built-up Area,Srinagar,3.0,1.0,166.0,2000.0,4.0,500.0,0.75,1,0
Super built-up Area,Rachenahalli,2.0,2.0,53.5,1050.0,2.0,525.0,1.0,1,0
Super built-up Area,Varthur,2.0,2.0,40.0,1125.0,2.0,562.5,1.0,1,1
Super built-up Area,Vittasandra,2.0,1.0,68.0,1246.0,2.0,623.0,1.0,1,1
Super built-up Area,HSR Layout,2.0,1.0,61.0,1372.0,2.0,686.0,1.0,1,1
Super built-up Area,Binny Pete,5.0,2.0,234.0,2465.0,3.0,821.6666666666666,1.6666666666666667,0,1
Super built-up Area,Dasarahalli,2.0,3.0,55.0,1300.0,2.0,650.0,1.0,1,0
Plot Area,Brigade Road,1.0,0.0,220.0,1420.0,2.0,710.0,0.5,1,0
Super built-up Area,Channasandra,2.0,1.0,35.0,1065.0,2.0,532.5,1.0,1,1
Built-up Area,Hessarghatta,2.0,0.0,27.0,700.0,2.0,350.0,1.0,1,0
Carpet Area,Hebbal,2.0,0.0,42.72,687.325,2.0,343.6625,1.0,0,1
Super built-up Area,Belathur,2.0,1.0,45.0,1050.0,2.0,525.0,1.0,1,1
Super built-up Area,Maruthi HBCS Layout,3.0,3.0,39.5,1250.0,3.0,416.6666666666667,1.0,0,0
Built-up Area,Electronic City,2.0,0.0,42.0,865.0,2.0,432.5,1.0,1,1
Super built-up Area,Uttarahalli,2.0,2.0,44.0,1200.0,2.0,600.0,1.0,1,0
Built-up Area,Srirampura,3.0,3.0,100.0,1756.0,3.0,585.3333333333334,1.0,1,1
Super built-up Area,Yelahanka,1.0,1.0,24.0,628.0,1.0,628.0,1.0,1,1
Super built-up Area,5th Phase JP Nagar,2.0,2.0,63.0,1207.0,2.0,603.5,1.0,1,0
Super built-up Area,Kalena Agrahara,3.0,1.0,125.0,1765.0,3.0,588.3333333333334,1.0,1,1
Built-up Area,Electronic City,2.0,1.0,32.64,1130.0,2.0,565.0,1.0,0,0
Super built-up Area,Devanahalli Road,3.0,3.0,92.0,1532.0,3.0,510.6666666666667,1.0,0,1
Built-up Area,Ejipura,3.0,0.0,110.0,1650.0,3.0,550.0,1.0,1,1
Built-up Area,Horamavu Banaswadi,4.0,2.0,105.0,1200.0,4.0,300.0,1.0,0,0
Carpet Area,Bhoganhalli,2.0,1.0,69.09,804.1,2.0,402.05,1.0,0,1
Super built-up Area,Doddathoguru,2.0,2.0,75.0,1200.0,2.0,600.0,1.0,0,0
Super built-up Area,Kengeri,2.0,2.0,50.0,1197.0,2.0,598.5,1.0,1,0
Built-up Area,Green Woods Layout,2.0,2.0,66.0,1200.0,2.0,600.0,1.0,1,1
Super built-up Area,Uttarahalli,2.0,2.0,48.48,1385.0,3.0,461.6666666666667,0.6666666666666666,1,1
Super built-up Area,Craig Park Layout,2.0,3.0,148.0,1010.0,2.0,505.0,1.0,1,1
Super built-up Area,Whitefield,3.0,3.0,115.0,2225.0,3.0,741.6666666666666,1.0,1,1
Super built-up Area,Immadihalli,2.0,2.0,48.0,1180.0,2.0,590.0,1.0,1,1
Super built-up Area,Banagiri Nagar,2.0,3.0,122.0,1525.0,3.0,508.3333333333333,0.6666666666666666,1,0
Super built-up Area,Ananth Nagar,2.0,2.0,31.5,1100.0,2.0,550.0,1.0,1,0
Super built-up Area,Hiremath Layout,3.0,3.0,70.0,1435.0,3.0,478.3333333333333,1.0,1,0
Built-up Area,Attibele,1.0,1.0,14.0,400.0,1.0,400.0,1.0,1,1
Super built-up Area,Dommasandra,2.0,2.0,50.0,1200.0,2.0,600.0,1.0,1,1
Super built-up Area,Whitefield,2.0,1.0,95.05,1272.0,2.0,636.0,1.0,0,1
Super built-up Area,Whitefield,2.0,1.0,39.0,1205.0,2.0,602.5,1.0,1,1
Built-up Area,Kalena Agrahara,2.0,1.0,40.0,980.0,2.0,490.0,1.0,1,1
Super built-up Area,Malleshpalya,2.0,2.0,46.86,1225.0,2.0,612.5,1.0,0,0
Built-up Area,Whitefield,3.0,1.0,72.0,1541.0,3.0,513.6666666666666,1.0,1,0
Super built-up Area,Ramagondanahalli,2.0,2.0,111.0,1610.0,3.0,536.6666666666666,0.6666666666666666,1,1
Super built-up Area,Jalahalli,2.0,2.0,125.0,1694.0,2.0,847.0,1.0,1,1
Super built-up Area,Kaggalipura,2.0,1.0,39.0,950.0,2.0,475.0,1.0,1,1
Super built-up Area,Muneshwara Nagar,2.0,3.0,66.0,1560.0,3.0,520.0,0.6666666666666666,1,1
Super built-up Area,Chandapura,2.0,2.0,27.0,1201.0,2.0,600.5,1.0,1,0
Plot Area,Chandapura,2.0,1.0,60.0,1500.0,2.0,750.0,1.0,1,0
Super built-up Area,Malleshpalya,3.0,2.0,75.0,1785.0,3.0,595.0,1.0,1,0
Built-up Area,Raja Rajeshwari Nagar,2.0,1.0,63.53,1258.0,2.0,629.0,1.0,1,0
Super built-up Area,Electronic City,2.0,2.0,42.0,910.0,2.0,455.0,1.0,1,1
Super built-up Area,Thigalarapalya,2.0,2.0,112.0,1297.0,2.0,648.5,1.0,1,0
Super built-up Area,Kundalahalli,2.0,3.0,49.0,1291.0,2.0,645.5,1.0,1,1
Built-up Area,Chikkasandra,2.0,2.0,42.0,1070.0,2.0,535.0,1.0,1,0
Super built-up Area,Varthur,2.0,1.0,66.5,1012.0,2.0,506.0,1.0,1,1
Super built-up Area,Mahadevpura,2.0,3.0,57.6,1260.0,2.0,630.0,1.0,1,0
Super built-up Area,Sarjapur  Road,2.0,2.0,72.0,1282.0,2.0,641.0,1.0,1,1
Super built-up Area,Kanakpura Road,3.0,2.0,92.15,1843.0,3.0,614.3333333333334,1.0,1,1
Plot Area,Bharath Housing Society Layout,3.0,,200.0,2400.0,4.0,600.0,0.75,1,0
Built-up Area,Chikka Tirupathi,5.0,2.0,105.0,3356.0,5.0,671.2,1.0,1,1
Super built-up Area,Hebbal,5.0,3.0,198.0,2790.0,4.0,697.5,1.25,0,1
Super built-up Area,EPIP Zone,2.0,1.0,86.98,1330.0,2.0,665.0,1.0,1,1
Super built-up Area,Konanakunte,2.0,1.0,73.0,1400.0,3.0,466.6666666666667,0.6666666666666666,1,1
Built-up Area,Whitefield,2.0,1.0,71.0,1192.0,2.0,596.0,1.0,0,0
Built-up Area,3rd Block Jayanagar,2.0,1.0,130.0,1000.0,2.0,500.0,1.0,1,0
Super built-up Area,Thigalarapalya,2.0,2.0,103.0,1297.0,2.0,648.5,1.0,1,1
Super built-up Area,Sarjapur  Road,1.0,0.0,17.835,615.0,1.0,615.0,1.0,0,1
Super built-up Area,Vijayanagar,3.0,2.0,100.0,1490.0,3.0,496.6666666666667,1.0,0,1
Super built-up Area,Rayasandra,3.0,2.0,72.0,1373.0,3.0,457.6666666666667,1.0,1,1
Super built-up Area,7th Phase JP Nagar,2.0,1.0,41.39,1035.0,2.0,517.5,1.0,1,0
Plot Area,Kadugodi,4.0,0.0,210.0,3750.0,4.0,937.5,1.0,1,0
Super built-up Area,Doddakallasandra,2.0,1.0,40.39,1010.0,2.0,505.0,1.0,1,0
Built-up Area,Sarjapur,2.0,1.0,42.0,1195.0,2.0,597.5,1.0,1,0
Super built-up Area,HSR Layout,3.0,2.0,95.0,1750.0,3.0,583.3333333333334,1.0,1,1
Super built-up Area,Malleshpalya,2.0,2.0,50.0,1052.0,2.0,526.0,1.0,1,1
Super built-up Area,Horamavu Banaswadi,2.0,2.0,58.0,1180.0,2.0,590.0,1.0,1,0
Built-up Area,Padmanabhanagar,4.0,2.0,440.0,3680.0,5.0,736.0,0.8,1,0
Built-up Area,Hormavu,3.0,2.0,73.0,2100.0,3.0,700.0,1.0,1,0
Built-up Area,Hoodi,4.0,1.0,140.0,2863.0,4.0,715.75,1.0,0,0
Super built-up Area,Raja Rajeshwari Nagar,2.0,2.0,38.24,1128.0,2.0,564.0,1.0,1,1
Built-up Area,Ulsoor,3.0,1.0,450.0,2700.0,3.0,900.0,1.0,1,0
Super built-up Area,JP Nagar,2.0,2.0,33.6,1120.0,2.0,560.0,1.0,0,1
Built-up Area,HSR Layout,3.0,2.0,90.0,2424.0,3.0,808.0,1.0,1,0
Built-up Area,Manjunatha Layout,2.0,1.0,60.0,1300.0,2.0,650.0,1.0,1,0
Super built-up Area,Kanakapura,2.0,2.0,32.69,1090.0,2.0,545.0,1.0,1,1
Built-up Area,Yelahanka,3.0,1.0,251.0,2710.0,3.0,903.3333333333334,1.0,1,0
Plot Area,Konanakunte Cross,1.0,1.0,180.0,3040.0,2.0,1520.0,0.5,1,0
Super built-up Area,Uttarahalli,2.0,2.0,46.55,1330.0,3.0,443.3333333333333,0.6666666666666666,1,1
Super built-up Area,Hosur Road,2.0,1.0,80.63,1427.0,3.0,475.6666666666667,0.6666666666666666,0,1
Super built-up Area,Banjara Layout,2.0,2.0,48.0,1294.0,3.0,431.3333333333333,0.6666666666666666,0,0
Built-up Area,Begur,3.0,2.0,75.0,1580.0,3.0,526.6666666666666,1.0,1,1
Plot Area,Chikka Tirupathi,4.0,2.0,80.27,1808.0,3.0,602.6666666666666,1.3333333333333333,1,1
Super built-up Area,Rajaji Nagar,4.0,3.0,540.0,3516.0,4.0,879.0,1.0,1,1
Super built-up Area,Parappana Agrahara,2.0,2.0,47.0,1194.0,2.0,597.0,1.0,1,1
Super built-up Area,Kanakpura Road,2.0,1.0,46.0,900.0,2.0,450.0,1.0,0,1
Super built-up Area,Abbaiah Reddy Layout,2.0,3.0,50.0,1310.0,3.0,436.6666666666667,0.6666666666666666,1,0
Super built-up Area,Kanakpura Road,2.0,1.0,46.0,900.0,2.0,450.0,1.0,0,1
Built-up Area,Singasandra,6.0,3.0,195.0,3850.0,4.0,962.5,1.5,1,0
Super built-up Area,Yelachenahalli,1.0,1.0,150.0,2400.0,2.0,1200.0,0.5,0,0
Super built-up Area,Koramangala,2.0,3.0,100.0,1290.0,2.0,645.0,1.0,1,0
Built-up Area,Yelahanka,6.0,3.0,110.0,3770.0,6.0,628.3333333333334,1.0,1,0
Super built-up Area,Lakshmi Layout,3.0,1.0,120.0,1390.0,3.0,463.3333333333333,1.0,1,1
Plot Area,Tavarekere,4.0,2.0,72.0,1200.0,4.0,300.0,1.0,1,0
Built-up Area,Bisuvanahalli,2.0,1.0,33.0,845.0,2.0,422.5,1.0,1,1
Super built-up Area,Yelahanka,3.0,3.0,120.0,1537.0,3.0,512.3333333333334,1.0,1,1
Super built-up Area,Immadihalli,2.0,2.0,68.0,1135.0,2.0,567.5,1.0,1,0
Super built-up Area,Hoodi,3.0,2.0,75.77,1512.0,3.0,504.0,1.0,0,1
Super built-up Area,Srinivasa Nagar,2.0,1.0,55.0,900.0,2.0,450.0,1.0,1,0
Super built-up Area,Jigani,3.0,3.0,54.0,1230.0,3.0,410.0,1.0,1,1
Super built-up Area,Thirumenahalli,2.0,3.0,42.33,1378.0,3.0,459.3333333333333,0.6666666666666666,0,1
Super built-up Area,Whitefield,2.0,1.0,61.3,1277.0,2.0,638.5,1.0,0,1
Super built-up Area,Hebbal,4.0,2.0,189.0,1985.0,3.0,661.6666666666666,1.3333333333333333,0,1
Plot Area,Kengeri,5.0,,500.0,8000.0,5.0,1600.0,1.0,1,0
Super built-up Area,KPC Layout,2.0,2.0,62.0,1210.0,2.0,605.0,1.0,1,1
Super built-up Area,Yelahanka,2.0,,40.0,890.0,2.0,445.0,1.0,1,0
Plot Area,Sarjapur,5.0,2.0,110.0,1200.0,4.0,300.0,1.25,1,0
Built-up Area,Ardendale,4.0,3.0,200.0,3198.0,4.0,799.5,1.0,1,1
Super built-up Area,HOSUR MAIN ROAD,3.0,2.0,56.0,1464.0,3.0,488.0,1.0,1,0
Super built-up Area,Hebbal,5.0,2.0,215.0,2483.0,4.0,620.75,1.25,1,1
Plot Area,Begur,4.0,2.0,130.0,1550.0,4.0,387.5,1.0,1,0
Super built-up Area,Sarjapur  Road,4.0,1.0,310.0,4111.0,4.0,1027.75,1.0,1,1
Super built-up Area,Electronic City,2.0,2.0,37.5,975.0,2.0,487.5,1.0,1,1
Super built-up Area,Nandi Durga Road,3.0,1.0,250.0,2500.0,3.0,833.3333333333334,1.0,1,0
Super built-up Area,Rajiv Nagar,3.0,1.0,125.0,1690.0,3.0,563.3333333333334,1.0,1,1
Super built-up Area,Hosa Road,2.0,1.0,31.89,1063.0,2.0,531.5,1.0,0,1
Plot Area,Cooke Town,3.0,3.0,390.0,2572.0,3.0,857.3333333333334,1.0,1,0
Carpet Area,Kumara Park,4.0,,350.0,2200.0,3.0,733.3333333333334,1.3333333333333333,1,0
Built-up Area,Daadys Gaarden Layout,3.0,0.0,80.0,1600.0,3.0,533.3333333333334,1.0,1,1
Super built-up Area,Maruthi Nagar,3.0,1.0,39.5,1250.0,3.0,416.6666666666667,1.0,0,0
Super built-up Area,Bommanahalli,1.0,0.0,19.5,520.0,1.0,520.0,1.0,1,1
Super built-up Area,Marathahalli,5.0,,212.0,4000.0,4.0,1000.0,1.25,1,1
Built-up Area,Munnekollal,3.0,2.0,68.0,1390.0,3.0,463.3333333333333,1.0,1,1
Super built-up Area,Whitefield,2.0,2.0,40.0,1185.0,2.0,592.5,1.0,0,1
Super built-up Area,Sahakara Nagar,2.0,2.0,48.0,1219.0,2.0,609.5,1.0,1,1
Super built-up Area,Kudlu Gate,2.0,1.0,92.0,1564.0,3.0,521.3333333333334,0.6666666666666666,0,1
Super built-up Area,Sarjapur  Road,6.0,0.0,228.5,3430.0,4.0,857.5,1.5,1,1
Super built-up Area,Hosa Road,2.0,2.0,37.1,1100.0,2.0,550.0,1.0,1,1
Built-up Area,Kothannur,2.0,0.0,60.0,1300.0,3.0,433.3333333333333,0.6666666666666666,1,1
Plot Area,Chikkabanavar,2.0,0.0,80.0,1600.0,3.0,533.3333333333334,0.6666666666666666,1,0
Built-up Area,Ramamurthy Nagar,3.0,2.0,75.0,1600.0,3.0,533.3333333333334,1.0,1,0
Super built-up Area,Hennur Road,2.0,1.0,92.0,1482.0,3.0,494.0,0.6666666666666666,0,1
Plot Area,Marsur,4.0,3.0,66.0,1000.0,3.0,333.3333333333333,1.3333333333333333,0,1
Super built-up Area,Shampura,2.0,3.0,53.0,1200.0,2.0,600.0,1.0,1,0
Super built-up Area,Kengeri,2.0,0.0,58.0,1200.0,2.0,600.0,1.0,1,0
Built-up Area,Nagarbhavi,3.0,0.0,160.0,2400.0,3.0,800.0,1.0,1,0
Super built-up Area,Marathahalli,3.0,1.0,89.0,1469.0,3.0,489.6666666666667,1.0,0,1
Super built-up Area,Kanakapura,1.0,1.0,30.0,551.0,1.0,551.0,1.0,0,0
Super built-up Area,Electronics City Phase 1,2.0,1.0,52.0,1160.0,2.0,580.0,1.0,0,0
Super built-up Area,Balagere,2.0,1.0,78.5,1205.0,2.0,602.5,1.0,1,1
Built-up Area,Kasavanhalli,2.0,3.0,52.0,1550.0,3.0,516.6666666666666,0.6666666666666666,1,0
Super built-up Area,Gubbalala,3.0,2.0,125.0,1745.0,3.0,581.6666666666666,1.0,1,1
Super built-up Area,AECS Layout,2.0,1.0,42.0,1028.0,2.0,514.0,1.0,1,1
Super built-up Area,Frazer Town,3.0,1.0,180.0,1700.0,3.0,566.6666666666666,1.0,1,1
Super built-up Area,Karuna Nagar,2.0,1.0,34.0,1200.0,3.0,400.0,0.6666666666666666,1,1
Super built-up Area,Kodihalli,4.0,1.0,270.0,2700.0,3.0,900.0,1.3333333333333333,1,1
Built-up Area,Kallumantapa,2.0,2.0,50.0,1100.0,2.0,550.0,1.0,1,1
Plot Area,Ramamurthy Nagar,3.0,1.0,72.0,1200.0,2.0,600.0,1.5,1,0
Super built-up Area,Kaverappa Layout,2.0,2.0,68.0,1269.72,2.0,634.86,1.0,1,1
Super built-up Area,Electronic City Phase II,2.0,2.0,59.0,1266.0,2.0,633.0,1.0,1,1
Super built-up Area,Mysore Road,2.0,1.0,62.0,1060.0,2.0,530.0,1.0,1,1
Plot Area,Malimakanapura,3.0,0.0,70.0,1168.0,3.0,389.3333333333333,1.0,1,1
Super built-up Area,Medahalli,2.0,1.0,51.0,1552.0,2.0,776.0,1.0,1,1
Super built-up Area,Talaghattapura,3.0,0.0,120.0,2038.5,3.0,679.5,1.0,0,1
Super built-up Area,Attibele,1.0,1.0,17.0,500.0,1.0,500.0,1.0,1,1
Super built-up Area,Hulimavu,2.0,2.0,43.2,1080.0,2.0,540.0,1.0,1,0
Plot Area,Kattigenahalli,4.0,,155.0,2100.0,4.0,525.0,1.0,1,0
Super built-up Area,Rustam Bagh Layout,2.0,2.0,65.0,1300.0,2.0,650.0,1.0,1,1
Built-up Area,Electronics City Phase 1,2.0,2.0,33.0,920.0,2.0,460.0,1.0,1,1
Built-up Area,Harlur,2.0,1.0,50.0,1310.0,2.0,655.0,1.0,1,1
Super built-up Area,Horamavu Agara,2.0,1.0,75.0,1650.0,3.0,550.0,0.6666666666666666,1,0
Super built-up Area,Garden Layout,3.0,3.0,93.93,1515.0,3.0,505.0,1.0,1,1
Super built-up Area,Raja Rajeshwari Nagar,2.0,1.0,53.8,1157.0,2.0,578.5,1.0,0,1
Super built-up Area,Viswapriyanagar.begur Road.bommanahalli.,5.0,1.0,85.0,2400.0,4.0,600.0,1.25,1,0
Super built-up Area,Konanakunte,4.0,3.0,160.0,3000.0,4.0,750.0,1.0,1,1
Super built-up Area,Basavangudi,2.0,1.0,162.0,2200.0,3.0,733.3333333333334,0.6666666666666666,1,0
Built-up Area,"Hoodi Circle,",2.0,1.0,58.0,1243.0,2.0,621.5,1.0,0,0
Super built-up Area,Rachenahalli,2.0,2.0,74.39,1530.0,3.0,510.0,0.6666666666666666,1,1
Super built-up Area,Judicial Layout,3.0,3.0,162.0,2070.0,3.0,690.0,1.0,1,1
Built-up Area,Yelahanka,3.0,2.0,82.0,1815.0,3.0,605.0,1.0,1,1
Super built-up Area,Sarjapur  Road,4.0,3.0,300.0,3900.0,4.0,975.0,1.0,1,1
Super built-up Area,Electronic City Phase II,2.0,1.0,28.88,1000.0,2.0,500.0,1.0,0,1
Super built-up Area,Ananth Nagar,2.0,2.0,24.55,982.0,2.0,491.0,1.0,0,0
Super built-up Area,Hennur Road,2.0,2.0,89.0,1232.0,2.0,616.0,1.0,1,1
Super built-up Area,Binny Pete,3.0,2.0,178.0,1282.0,3.0,427.3333333333333,1.0,0,1
Super built-up Area,Yelahanka,1.0,1.0,38.4,654.0,1.0,654.0,1.0,1,1
Built-up Area,Bannerghatta Road,2.0,0.0,55.0,1181.0,2.0,590.5,1.0,1,0
Plot Area,2nd Stage Nagarbhavi,4.0,2.0,245.0,1200.0,4.0,300.0,1.0,1,0
Super built-up Area,T K Reddy Layout,3.0,1.0,75.0,1616.0,3.0,538.6666666666666,1.0,1,1
Built-up Area,Herohalli,6.0,0.0,44.5,1800.0,5.0,360.0,1.2,1,0
Super built-up Area,Whitefield,3.0,2.0,54.65,1306.0,3.0,435.3333333333333,1.0,0,1
Super built-up Area,Whitefield,3.0,3.0,89.0,1626.0,3.0,542.0,1.0,1,1
Built-up Area,"Pai layout , Mahadevapura",4.0,2.0,214.0,2700.0,6.0,450.0,0.6666666666666666,1,0
Super built-up Area,Whitefield,3.0,2.0,88.0,1585.0,3.0,528.3333333333334,1.0,1,1
Super built-up Area,7th Phase JP Nagar,2.0,1.0,56.17,1370.0,2.0,685.0,1.0,1,0
Plot Area,Whitefield,5.0,3.0,900.0,3250.0,5.0,650.0,1.0,1,0
Super built-up Area,Kanakpura Road,2.0,2.0,90.0,1495.0,2.0,747.5,1.0,1,1
Super built-up Area,frazertown,3.0,2.0,210.0,2000.0,3.0,666.6666666666666,1.0,1,0
Plot Area,Akshayanagara East,4.0,1.0,300.0,2400.0,5.0,480.0,0.8,1,0
Plot Area,Bannerghatta,3.0,0.0,57.0,1375.0,3.0,458.3333333333333,1.0,1,0
Super built-up Area,Old Madras Road,6.0,0.0,224.5,3715.0,4.0,928.75,1.5,1,1
Built-up Area,Kereguddadahalli,2.0,2.0,48.0,1400.0,3.0,466.6666666666667,0.6666666666666666,1,0
Super built-up Area,Whitefield,,,28.585,665.0,1.0,665.0,,0,1
Plot Area,Hebbal Kempapura,4.0,2.0,215.0,1200.0,4.0,300.0,1.0,1,0
Super built-up Area,Yelahanka,2.0,2.0,46.0,1150.0,2.0,575.0,1.0,1,0
Super built-up Area,Hebbal,2.0,1.0,54.0,1080.0,2.0,540.0,1.0,1,0
Super built-up Area,Kaikondrahalli,3.0,2.0,100.0,1645.0,3.0,548.3333333333334,1.0,1,1
Super built-up Area,Doddanekundi,3.0,3.0,176.0,1760.0,3.0,586.6666666666666,1.0,1,1
Built-up Area,Venkatadri Layout,1.0,1.0,42.0,595.0,1.0,595.0,1.0,1,1
Plot Area,Bommenahalli,3.0,1.0,125.0,1200.0,3.0,400.0,1.0,1,1
Super built-up Area,JP Nagar,4.0,0.0,314.5,4624.5,4.0,1156.125,1.0,0,1
Built-up Area,Mahaganapathy Nagar,2.0,3.0,67.0,1410.0,2.0,705.0,1.0,1,1
Built-up Area,Huskur,2.0,1.0,31.48,1090.0,2.0,545.0,1.0,0,0
Plot Area,Ramagondanahalli,1.0,0.0,30.0,540.0,1.0,540.0,1.0,1,0
Super built-up Area,Sarjapur  Road,2.0,2.0,60.0,1300.0,2.0,650.0,1.0,1,1
Built-up Area,9th Phase JP Nagar,2.0,2.0,85.0,1890.0,3.0,630.0,0.6666666666666666,1,1
Super built-up Area,Belathur,2.0,1.0,53.0,1254.0,2.0,627.0,1.0,1,1
Built-up Area,Kattigenahalli,7.0,2.0,125.0,2800.0,7.0,400.0,1.0,1,0
Built-up Area,Ulsoor,2.0,,120.0,1275.0,2.0,637.5,1.0,1,0
Super built-up Area,Kathriguppe,2.0,2.0,68.48,1245.0,3.0,415.0,0.6666666666666666,1,0
Built-up Area,Rustam Bagh Layout,2.0,2.0,86.0,1170.0,2.0,585.0,1.0,1,1
Super built-up Area,Panathur,2.0,1.0,86.0,1193.0,2.0,596.5,1.0,0,1
Super built-up Area,Chandapura,2.0,1.0,25.4,850.0,2.0,425.0,1.0,0,0
Super built-up Area,Marathahalli,3.0,3.0,70.0,1678.0,3.0,559.3333333333334,1.0,1,1
Built-up Area,Gunjur,3.0,3.0,75.0,1600.0,3.0,533.3333333333334,1.0,1,1
Super built-up Area,Electronics City Phase 1,3.0,2.0,84.0,1750.0,3.0,583.3333333333334,1.0,1,1
Super built-up Area,Whitefield,2.0,2.0,62.0,1125.0,2.0,562.5,1.0,0,0
Plot Area,Andrahalli,4.0,3.0,235.0,2200.0,4.0,550.0,1.0,1,0
Plot Area,Singena Agrahara,3.0,1.0,95.0,16145.849999999999,3.0,5381.95,1.0,1,1
Built-up Area,HBR Layout,2.0,0.0,200.0,2800.0,3.0,933.3333333333334,0.6666666666666666,1,1
Plot Area,R.T. Nagar,2.0,1.0,120.0,1200.0,2.0,600.0,1.0,1,0
Built-up Area,Vittal Nagar,2.0,1.0,50.0,1000.0,2.0,500.0,1.0,1,1
Built-up Area,Sadashiva Nagar,5.0,2.0,480.0,2780.0,4.0,695.0,1.25,1,0
Built-up Area,Electronic City Phase II,2.0,1.0,38.13,1320.0,3.0,440.0,0.6666666666666666,0,1
Super built-up Area,Ardendale,4.0,2.0,160.0,2422.0,4.0,605.5,1.0,1,1
Built-up Area,Kasavanhalli,2.0,1.0,50.0,1100.0,2.0,550.0,1.0,1,1
Built-up Area,Uttarahalli,2.0,1.0,30.0,882.0,2.0,441.0,1.0,1,1
Super built-up Area,Bisuvanahalli,2.0,1.0,37.0,845.0,2.0,422.5,1.0,1,1
Super built-up Area,Kambipura,2.0,1.0,39.0,883.0,2.0,441.5,1.0,1,1
Super built-up Area,Thanisandra,,,48.145,776.5,1.0,776.5,,1,1
Super built-up Area,Brookefield,3.0,3.0,88.0,1595.0,3.0,531.6666666666666,1.0,1,1
Built-up Area,Whitefield,2.0,0.0,85.0,1280.0,2.0,640.0,1.0,1,1
Built-up Area,3rd Block Banashankari,2.0,1.0,550.0,1700.0,4.0,425.0,0.5,1,0
Super built-up Area,Bhuvaneshwari Nagar,2.0,0.0,35.0,920.0,2.0,460.0,1.0,1,1
Super built-up Area,Choodasandra,2.0,3.0,57.0,1300.0,2.0,650.0,1.0,1,1
Super built-up Area,Shanthala Nagar,1.0,0.0,230.0,1450.0,2.0,725.0,0.5,1,1
Super built-up Area,Harlur,3.0,2.0,132.0,1757.0,3.0,585.6666666666666,1.0,1,1
Super built-up Area,Anekal,1.0,1.0,16.5,600.0,1.0,600.0,1.0,1,0
Built-up Area,Jnanabharathi Layout,3.0,2.0,142.0,2400.0,4.0,600.0,0.75,1,0
Super built-up Area,Sarjapur,2.0,1.0,44.0,1240.0,2.0,620.0,1.0,1,0
Super built-up Area,EPIP Zone,2.0,1.0,93.36,1330.0,2.0,665.0,1.0,0,1
Super built-up Area,8th Phase JP Nagar,2.0,1.0,42.47,1062.0,2.0,531.0,1.0,1,1
Built-up Area,JP Nagar,2.0,2.0,45.0,1078.0,2.0,539.0,1.0,1,1
Super built-up Area,Bannerghatta Road,2.0,2.0,72.0,1460.0,3.0,486.6666666666667,0.6666666666666666,1,1
Plot Area,Whitefield,3.0,2.0,68.5,1200.0,3.0,400.0,1.0,0,0
Super built-up Area,Laggere,1.0,1.0,48.0,1200.0,1.0,1200.0,1.0,1,0
Super built-up Area,Kammasandra,2.0,1.0,39.0,912.0,3.0,304.0,0.6666666666666666,1,0
Super built-up Area,Hosa Road,3.0,1.0,115.0,1535.0397790000002,3.0,511.6799263333334,1.0,0,1
Plot Area,Victoria Layout,5.0,1.0,625.0,2400.0,5.0,480.0,1.0,1,0
Plot Area,Prithvi Layout,4.0,3.0,162.0,2028.0,4.0,507.0,1.0,1,1
Super built-up Area,Mysore Road,2.0,1.0,45.47,980.0,2.0,490.0,1.0,0,1
Built-up Area,Sarjapur  Road,2.0,2.0,40.0,1000.0,2.0,500.0,1.0,1,1
Super built-up Area,Sarjapur  Road,2.0,1.0,62.0,1050.0,2.0,525.0,1.0,1,1
Built-up Area,Bannerghatta,3.0,1.0,239.0,2611.0,3.0,870.3333333333334,1.0,0,0
Super built-up Area,Domlur,2.0,2.0,150.0,1875.0,3.0,625.0,0.6666666666666666,1,1
Super built-up Area,Hennur Road,2.0,1.0,42.6,1065.0,2.0,532.5,1.0,1,0
Built-up Area,Sanjay nagar,3.0,2.0,180.0,1800.0,3.0,600.0,1.0,1,0
Super built-up Area,Sector 7 HSR Layout,2.0,2.0,98.86,1163.0,2.0,581.5,1.0,1,0
Super built-up Area,Tumkur Road,2.0,1.0,72.0,1098.0,2.0,549.0,1.0,1,0
Built-up Area,5th Phase JP Nagar,2.0,2.0,100.0,1725.0,3.0,575.0,0.6666666666666666,1,1
Plot Area,Whitefield,4.0,2.0,330.0,4000.0,4.0,1000.0,1.0,1,0
Super built-up Area,Thubarahalli,2.0,2.0,75.0,1128.0,2.0,564.0,1.0,1,1
Super built-up Area,Yelahanka,3.0,1.0,74.16,1705.0,3.0,568.3333333333334,1.0,1,1
Super built-up Area,Thigalarapalya,2.0,2.0,95.0,1418.0,2.0,709.0,1.0,1,0
Built-up Area,Ramamurthy Nagar,3.0,1.0,160.0,1500.0,3.0,500.0,1.0,1,0
Built-up Area,Hebbal,2.0,2.0,50.0,1100.0,2.0,550.0,1.0,1,1
Super built-up Area,Hebbal,2.0,2.0,55.0,812.0,2.0,406.0,1.0,0,1
Super built-up Area,Binny Pete,,,204.0,2817.5,4.0,704.375,,0,1
Super built-up Area,Doddanekundi,2.0,2.0,40.0,1280.0,2.0,640.0,1.0,1,0
Super built-up Area,Whitefield,2.0,2.0,136.0,1420.0,2.0,710.0,1.0,1,1
Plot Area,Banashankari Stage II,2.0,1.0,150.0,1200.0,4.0,300.0,0.5,1,0
Super built-up Area,Old Airport Road,4.0,,207.0,2774.0,4.0,693.5,1.0,0,1
Super built-up Area,5th Stage BEML Layout,3.0,2.0,85.0,2000.0,3.0,666.6666666666666,1.0,1,0
Super built-up Area,HBR Layout,3.0,,95.0,1722.0,3.0,574.0,1.0,1,1
Super built-up Area,Indira Nagar,3.0,1.0,330.0,2800.0,3.0,933.3333333333334,1.0,1,1
Carpet Area,Jaya Mahal layout,3.0,3.0,175.0,1650.0,3.0,550.0,1.0,1,1
Built-up Area,BSM Extension,2.0,2.0,27.0,840.0,2.0,420.0,1.0,1,1
Built-up Area,Jigani,2.0,2.0,47.0,914.0,2.0,457.0,1.0,1,1
Super built-up Area,Hennur Road,2.0,2.0,83.73,1482.0,3.0,494.0,0.6666666666666666,0,1
Super built-up Area,Kundalahalli,3.0,2.0,127.0,1724.0,3.0,574.6666666666666,1.0,0,1
Super built-up Area,Vijinapura,3.0,3.0,91.86,1670.0,3.0,556.6666666666666,1.0,1,1
Super built-up Area,Banaswadi,2.0,3.0,53.0,1184.0,2.0,592.0,1.0,1,0
Super built-up Area,Kodigehaali,2.0,1.0,55.0,1200.0,2.0,600.0,1.0,1,0
Plot Area,TC Palaya,2.0,0.0,65.0,1200.0,2.0,600.0,1.0,1,0
Super built-up Area,Jigani,2.0,2.0,55.0,927.0,2.0,463.5,1.0,1,1
Super built-up Area,P&T Layout,2.0,3.0,39.7,1242.0,2.0,621.0,1.0,1,0
Built-up Area,Electronic City Phase II,3.0,1.0,35.23,1220.0,3.0,406.6666666666667,1.0,0,1
Built-up Area,Electronic City,2.0,1.0,75.0,1360.0,3.0,453.3333333333333,0.6666666666666666,1,1
Plot Area,Brookefield,4.0,2.0,240.0,2800.0,4.0,700.0,1.0,1,0
Super built-up Area,7th Phase JP Nagar,2.0,2.0,72.0,1180.0,2.0,590.0,1.0,1,1
Super built-up Area,Whitefield,3.0,2.0,108.0,1697.0,3.0,565.6666666666666,1.0,1,1
Super built-up Area,Hennur,2.0,1.0,57.0,1225.0,2.0,612.5,1.0,1,1
Super built-up Area,Byrasandra,2.0,2.0,55.0,1690.0,3.0,563.3333333333334,0.6666666666666666,1,1
Super built-up Area,Veerannapalya,3.0,,57.0,1488.0,3.0,496.0,1.0,1,0
Built-up Area,Chowdeshwari Layout,2.0,1.0,80.0,1250.0,3.0,416.6666666666667,0.6666666666666666,1,1
Super built-up Area,JP Nagar,1.0,1.0,44.0,1050.0,1.0,1050.0,1.0,1,1
Super built-up Area,HSR Layout,2.0,2.0,44.0,1027.0,2.0,513.5,1.0,1,0
Super built-up Area,Kanakpura Road,3.0,3.0,81.94,1699.0,3.0,566.3333333333334,1.0,0,1
Built-up Area,Whitefield,2.0,2.0,58.0,1205.0,2.0,602.5,1.0,1,1
Super built-up Area,Horamavu Agara,2.0,3.0,39.0,950.0,2.0,475.0,1.0,0,0
Plot Area,TC Palaya,2.0,0.0,70.0,1200.0,2.0,600.0,1.0,1,0
Super built-up Area,Akshaya Nagar,3.0,1.0,120.0,1476.0,3.0,492.0,1.0,1,1
Built-up Area,CV Raman Nagar,2.0,1.0,55.0,1070.0,2.0,535.0,1.0,1,0
Super built-up Area,EPIP Zone,4.0,2.0,172.0,2160.0,3.0,720.0,1.3333333333333333,1,1
Super built-up Area,Sector 2 HSR Layout,2.0,1.0,75.0,1296.0,2.0,648.0,1.0,1,1
Built-up Area,Chikkalasandra,1.0,1.0,128.0,1800.0,2.0,900.0,0.5,1,0
Super built-up Area,Kanakpura Road,3.0,3.0,64.5,1570.0,3.0,523.3333333333334,1.0,1,1
Super built-up Area,Koramangala,2.0,3.0,110.0,1300.0,2.0,650.0,1.0,1,1
Built-up Area,Sarjapur,2.0,2.0,65.0,1550.0,4.0,387.5,0.5,1,0
Super built-up Area,Electronic City,1.0,1.0,40.0,770.0,2.0,385.0,0.5,1,1
Built-up Area,Jalahalli,3.0,,110.0,1870.0,3.0,623.3333333333334,1.0,1,1
Plot Area,Anantapura,4.0,,160.0,1650.0,3.0,550.0,1.3333333333333333,1,1
Super built-up Area,Domlur,3.0,3.0,86.0,1429.0,3.0,476.3333333333333,1.0,1,1
Super built-up Area,Babusapalaya,2.0,2.0,39.98,1167.0,3.0,389.0,0.6666666666666666,0,0
Super built-up Area,Bommasandra,2.0,1.0,41.73,1035.0,2.0,517.5,1.0,0,1
Super built-up Area,Kengeri,2.0,2.0,38.0,1188.0,3.0,396.0,0.6666666666666666,1,0
Plot Area,Sarjapur,3.0,1.0,76.0,14166.0,3.0,4722.0,1.0,1,1
Super built-up Area,Nagarbhavi,2.0,2.0,36.0,884.0,1.0,884.0,2.0,1,1
Super built-up Area,Haralur Road,2.0,2.0,46.0,1194.0,2.0,597.0,1.0,1,0
Super built-up Area,Hoodi,2.0,1.0,60.87,1026.0,2.0,513.0,1.0,0,1
Super built-up Area,Kaikondrahalli,2.0,2.0,50.0,1115.0,2.0,557.5,1.0,1,0
Plot Area,Hebbal Kempapura,2.0,1.0,125.0,1200.0,2.0,600.0,1.0,1,0
Super built-up Area,Old Airport Road,4.0,3.0,191.0,2690.0,4.0,672.5,1.0,0,1
Super built-up Area,Subramanyapura,2.0,1.0,58.0,975.0,2.0,487.5,1.0,1,1
Super built-up Area,Chamrajpet,2.0,1.0,170.0,1900.0,4.0,475.0,0.5,1,0
Super built-up Area,OMBR Layout,2.0,2.0,65.5,1101.0,2.0,550.5,1.0,1,0
Super built-up Area,Sarjapur  Road,3.0,3.0,135.0,1700.0,3.0,566.6666666666666,1.0,1,1
Super built-up Area,Whitefield,4.0,2.0,312.0,3606.0,4.0,901.5,1.0,1,1
Super built-up Area,Padmanabhanagar,2.0,2.0,115.0,1258.0,2.0,629.0,1.0,1,1
Carpet Area,Kanakpura Road,3.0,,92.0,1560.0,3.0,520.0,1.0,1,1
Super built-up Area,Old Madras Road,6.0,1.0,195.0,3630.0,4.0,907.5,1.5,1,1
Built-up Area,JP Nagar,3.0,2.0,250.0,2000.0,3.0,666.6666666666666,1.0,1,1
Super built-up Area,Hebbal,4.0,3.0,198.0,2790.0,4.0,697.5,1.0,0,1
Super built-up Area,Badavala Nagar,2.0,2.0,94.55,1494.0,3.0,498.0,0.6666666666666666,0,1
Super built-up Area,Hennur Road,2.0,1.0,87.0,1482.0,3.0,494.0,0.6666666666666666,0,1
Super built-up Area,Rustam Bagh Layout,2.0,3.0,50.0,800.0,2.0,400.0,1.0,1,1
Super built-up Area,Raja Rajeshwari Nagar,2.0,2.0,47.39,1185.0,2.0,592.5,1.0,1,0
Super built-up Area,Hulimavu,2.0,2.0,71.5,1100.0,2.0,550.0,1.0,1,1
Built-up Area,NRI Layout,2.0,0.0,120.0,1300.0,2.0,650.0,1.0,1,0
Super built-up Area,4th Block Koramangala,2.0,2.0,150.0,1225.0,2.0,612.5,1.0,1,1
Super built-up Area,Hulimavu,3.0,2.0,65.0,1758.0,3.0,586.0,1.0,1,0
Super built-up Area,Banaswadi,2.0,2.0,55.0,1145.0,2.0,572.5,1.0,1,0
Built-up Area,Hormavu,2.0,2.0,50.0,1180.0,2.0,590.0,1.0,1,1
Super built-up Area,Belatur,2.0,2.0,58.0,1260.0,2.0,630.0,1.0,1,1
Super built-up Area,Yelahanka,,,173.0,3461.0,4.0,865.25,,0,1
Built-up Area,Arekere,2.0,2.0,55.0,1190.0,2.0,595.0,1.0,1,1
Super built-up Area,Sarjapur  Road,3.0,2.0,119.0,1691.0,3.0,563.6666666666666,1.0,1,1
Super built-up Area,Lalbagh Road,4.0,3.0,367.0,3675.0,4.0,918.75,1.0,0,0
Built-up Area,Frazer Town,3.0,,95.45,1305.0,3.0,435.0,1.0,1,1
Super built-up Area,Basavangudi,4.0,3.0,292.0,2337.0,3.0,779.0,1.3333333333333333,0,0
Plot Area,Kamakya Layout,2.0,2.0,150.0,1200.0,2.0,600.0,1.0,1,0
Super built-up Area,Domlur,2.0,1.0,217.0,1206.0,2.0,603.0,1.0,0,0
Super built-up Area,Kogilu,2.0,1.0,50.66,1140.0,2.0,570.0,1.0,1,0
Super built-up Area,Nallurhalli,2.0,2.0,65.0,1250.0,2.0,625.0,1.0,1,1
Super built-up Area,Chinnapanahalli,2.0,2.0,48.0,1225.0,2.0,612.5,1.0,0,0
Built-up Area,Kereguddadahalli,2.0,2.0,28.0,800.0,2.0,400.0,1.0,1,1
Super built-up Area,Jalahalli East,2.0,1.0,58.0,1020.0,2.0,510.0,1.0,1,1
Built-up Area,TC Palaya,2.0,1.0,50.0,2100.0,4.0,525.0,0.5,1,0
Plot Area,Lingarajapuram,2.0,1.0,80.0,1350.0,2.0,675.0,1.0,1,0
Super built-up Area,Anekal,2.0,1.0,40.0,925.0,2.0,462.5,1.0,1,0
Built-up Area,Yelachenahalli,3.0,1.0,220.0,1800.0,4.0,450.0,0.75,1,0
Built-up Area,3rd Block HBR Layout,3.0,1.0,100.0,2000.0,3.0,666.6666666666666,1.0,1,0
Built-up Area,Frazer Town,2.0,1.0,75.0,1510.0,3.0,503.3333333333333,0.6666666666666666,1,1
Plot Area,Kasavanhalli,7.0,,1200.0,5800.0,5.0,1160.0,1.4,1,0
Super built-up Area,Laxmi Sagar Layout,3.0,1.0,110.0,1614.0,3.0,538.0,1.0,1,1
Plot Area,Gottigere,2.0,0.0,95.0,1200.0,2.0,600.0,1.0,1,0
Plot Area,TC Palaya,2.0,0.0,55.0,900.0,2.0,450.0,1.0,1,0
Built-up Area,Bommenahalli,3.0,0.0,145.0,1632.0,4.0,408.0,0.75,1,1
Super built-up Area,OMBR Layout,2.0,2.0,65.5,1041.0,2.0,520.5,1.0,1,0
Built-up Area,7th Phase JP Nagar,7.0,,450.0,5080.0,6.0,846.6666666666666,1.1666666666666667,1,1
Super built-up Area,Bannerghatta,6.0,2.0,250.0,3012.0,4.0,753.0,1.5,0,1
Super built-up Area,Marathahalli,3.0,2.0,74.5,1530.0,3.0,510.0,1.0,1,0
Super built-up Area,Sector 2 HSR Layout,2.0,2.0,135.0,1450.0,3.0,483.3333333333333,0.6666666666666666,1,1
Super built-up Area,Bannerghatta Road,2.0,2.0,75.0,1200.0,2.0,600.0,1.0,1,1
Plot Area,Sahakara Nagar,4.0,,130.0,1200.0,4.0,300.0,1.0,1,0
Super built-up Area,Hosur Road,2.0,1.0,110.0,1508.0,3.0,502.6666666666667,0.6666666666666666,1,1
Super built-up Area,Dodda Nekkundi Extension,2.0,3.0,73.0,1188.0,2.0,594.0,1.0,1,1
Super built-up Area,Old Airport Road,4.0,3.0,199.0,2690.0,4.0,672.5,1.0,0,1
Super built-up Area,Harlur,2.0,1.0,76.0,1174.0,2.0,587.0,1.0,1,1
Super built-up Area,Old Madras Road,3.0,1.0,58.99,1350.0,3.0,450.0,1.0,0,1
Super built-up Area,Frazer Town,3.0,3.0,185.0,1870.0,3.0,623.3333333333334,1.0,1,1
Super built-up Area,Kengeri Satellite Town,2.0,1.0,25.0,1072.0,2.0,536.0,1.0,0,1
Plot Area,Nelamangala,2.0,1.0,140.0,52272.0,3.0,17424.0,0.6666666666666666,1,0
Super built-up Area,Kengeri,2.0,1.0,31.0,726.0,2.0,363.0,1.0,0,1
Super built-up Area,Hosur Road,2.0,2.0,106.0,1345.0,2.0,672.5,1.0,1,1
Super built-up Area,Begur Road,2.0,2.0,45.0,1200.0,2.0,600.0,1.0,1,1
Built-up Area,Nagavarapalya,2.0,0.0,37.0,980.0,2.0,490.0,1.0,1,0
Super built-up Area,Hormavu,2.0,1.0,77.0,1050.0,2.0,525.0,1.0,1,1
Super built-up Area,Uttarahalli,2.0,1.0,39.71,993.0,2.0,496.5,1.0,1,0
Super built-up Area,7th Phase JP Nagar,2.0,2.0,52.0,1300.0,3.0,433.3333333333333,0.6666666666666666,1,0
Super built-up Area,Vittasandra,3.0,2.0,85.0,1743.0,3.0,581.0,1.0,1,1
Plot Area,Whitefield,4.0,1.0,125.0,1204.0,4.0,301.0,1.0,1,0
Plot Area,Hormavu,2.0,0.0,67.0,1200.0,2.0,600.0,1.0,1,0
Super built-up Area,2nd Block Hrbr Layout,3.0,2.0,90.0,1480.0,3.0,493.3333333333333,1.0,1,0
Super built-up Area,Sarjapur,2.0,2.0,32.5,950.0,2.0,475.0,1.0,1,1
Built-up Area,Domlur,1.0,0.0,55.0,640.0,1.0,640.0,1.0,1,1
Super built-up Area,Electronic City Phase II,2.0,1.0,44.0,972.0,2.0,486.0,1.0,0,1
Super built-up Area,Marathahalli,3.0,3.0,98.0,1840.0,3.0,613.3333333333334,1.0,1,1
Super built-up Area,Electronic City,2.0,1.0,64.0,1128.0,2.0,564.0,1.0,1,1
Plot Area,Hongasandra,2.0,0.0,42.0,680.0,2.0,340.0,1.0,1,0
Plot Area,Harappanahalli,2.0,1.0,95.0,2400.0,2.0,1200.0,1.0,1,1
Built-up Area,Basapura,2.0,2.0,42.0,1045.0,2.0,522.5,1.0,1,0
Built-up Area,Roopena Agrahara,2.0,3.0,53.55,955.0,2.0,477.5,1.0,1,0
Super built-up Area,Doddakallasandra,2.0,2.0,54.39,1360.0,3.0,453.3333333333333,0.6666666666666666,1,0
Super built-up Area,BTM Layout,2.0,2.0,63.0,1150.0,2.0,575.0,1.0,1,1
Built-up Area,Hennur Road,4.0,3.0,294.0,3450.0,4.0,862.5,1.0,0,1
Super built-up Area,Chennammana Kere,2.0,2.0,56.87,1115.0,2.0,557.5,1.0,0,0
Super built-up Area,Jigani,2.0,2.0,46.0,920.0,2.0,460.0,1.0,1,1
Super built-up Area,Bommasandra Industrial Area,2.0,1.0,41.0,1030.0,2.0,515.0,1.0,0,0
Super built-up Area,Thanisandra,3.0,1.0,101.0,1564.0,3.0,521.3333333333334,1.0,1,1
Super built-up Area,Uttarahalli,2.0,1.0,45.0,1045.0,2.0,522.5,1.0,1,1
Plot Area,Hegde Nagar,4.0,1.0,83.0,1200.0,4.0,300.0,1.0,1,0
Built-up Area,Subramanyapura,2.0,2.0,55.0,1277.0,2.0,638.5,1.0,1,0
Super built-up Area,Kanaka Nagar,3.0,1.0,215.0,2479.13,3.0,826.3766666666667,1.0,1,1
Super built-up Area,Sarjapur  Road,3.0,2.0,140.0,1846.0,3.0,615.3333333333334,1.0,1,1
Built-up Area,Tasker Town,2.0,0.0,106.0,1100.0,2.0,550.0,1.0,1,0
Super built-up Area,Govindpura,3.0,,75.0,1690.0,3.0,563.3333333333334,1.0,1,1
Plot Area,Hormavu,3.0,0.0,70.0,1200.0,2.0,600.0,1.5,0,0
Built-up Area,Yelahanka,4.0,0.0,131.0,3042.0,4.0,760.5,1.0,1,1
Super built-up Area,Rajaji Nagar,3.0,3.0,223.0,1640.0,3.0,546.6666666666666,1.0,1,1
Built-up Area,NR Colony,2.0,1.0,40.05,1068.0,2.0,534.0,1.0,0,1
Super built-up Area,Kanakpura Road,2.0,2.0,58.0,1135.0,2.0,567.5,1.0,1,1
Super built-up Area,Agara Village,3.0,2.0,120.0,1925.0,3.0,641.6666666666666,1.0,1,0
Super built-up Area,Begur Road,3.0,2.0,60.0,1615.0,3.0,538.3333333333334,1.0,1,0
Super built-up Area,Shettigere,1.0,1.0,26.0,650.0,1.0,650.0,1.0,1,0
Super built-up Area,Kaggadasapura,2.0,3.0,42.0,1150.0,2.0,575.0,1.0,1,1
Super built-up Area,Kenchanehalli R R Nagar,2.0,2.0,45.12,1410.0,3.0,470.0,0.6666666666666666,0,0
Super built-up Area,Kumara Park,3.0,3.0,207.0,2000.0,3.0,666.6666666666666,1.0,0,0
Super built-up Area,Tumkur Road,3.0,1.0,90.0,1354.0,3.0,451.3333333333333,1.0,1,1
Plot Area,BEL Road,2.0,0.0,110.0,1050.0,2.0,525.0,1.0,1,0
Built-up Area,Arekere,1.0,1.0,28.0,600.0,1.0,600.0,1.0,1,0
Plot Area,Varthur,2.0,1.0,110.0,1320.0,4.0,330.0,0.5,1,1
Super built-up Area,Koramangala,3.0,2.0,88.0,1600.0,3.0,533.3333333333334,1.0,0,0
Built-up Area,Kanakpura Road,6.0,2.0,225.0,3500.0,4.0,875.0,1.5,1,1
Super built-up Area,GM Palaya,2.0,1.0,36.0,1000.0,2.0,500.0,1.0,1,1
Super built-up Area,Byagadadhenahalli,3.0,1.0,38.0,1130.0,3.0,376.6666666666667,1.0,1,1
Super built-up Area,Vittasandra,2.0,1.0,67.0,1238.0,2.0,619.0,1.0,1,0
Super built-up Area,Ashwathnagar,2.0,3.0,305.0,2204.0,3.0,734.6666666666666,0.6666666666666666,1,1
Super built-up Area,Kudlu Gate,2.0,3.0,46.38,1364.0,3.0,454.6666666666667,0.6666666666666666,0,0
Built-up Area,Srinivasa Nagar,2.0,1.0,45.0,900.0,2.0,450.0,1.0,1,0
Super built-up Area,Gubbalala,3.0,2.0,104.0,1745.0,3.0,581.6666666666666,1.0,1,1
Super built-up Area,Kogilu,2.0,1.0,53.33,1200.0,2.0,600.0,1.0,1,0
Super built-up Area,Kanakapura,2.0,1.0,42.83,1020.0,2.0,510.0,1.0,1,0
Super built-up Area,Banashankari Stage III,3.0,2.0,118.0,1650.0,3.0,550.0,1.0,0,0
Super built-up Area,Doddabommasandra,2.0,3.0,70.0,1550.0,3.0,516.6666666666666,0.6666666666666666,1,1
Super built-up Area,5th Phase JP Nagar,2.0,2.0,60.0,1440.0,2.0,720.0,1.0,1,0
Super built-up Area,Sarjapura - Attibele Road,2.0,2.0,45.95,1329.0,3.0,443.0,0.6666666666666666,1,1
Super built-up Area,Maruthi Layout,2.0,1.0,42.0,916.0,2.0,458.0,1.0,1,1
Super built-up Area,Hulimavu,1.0,2.0,50.0,688.0,1.0,688.0,1.0,1,1
Super built-up Area,Sree Narayana Nagar,3.0,3.0,50.0,1358.0,3.0,452.6666666666667,1.0,1,1
Super built-up Area,Kanakpura Road,2.0,1.0,107.0,1331.0,2.0,665.5,1.0,0,1
Super built-up Area,Malleshwaram,1.0,1.0,62.5,686.0,1.0,686.0,1.0,1,1
Super built-up Area,Hoodi,2.0,2.0,50.0,1050.0,2.0,525.0,1.0,1,1
Super built-up Area,Talaghattapura,3.0,2.0,126.0,2106.0,3.0,702.0,1.0,1,1
Super built-up Area,Bhoganhalli,3.0,2.0,90.2,1718.0,3.0,572.6666666666666,1.0,0,1
Super built-up Area,Raja Rajeshwari Nagar,3.0,2.0,57.0,1530.0,3.0,510.0,1.0,1,1
Super built-up Area,5th Block Hbr Layout,2.0,2.0,56.0,1206.0,2.0,603.0,1.0,1,0
Built-up Area,Hebbal,2.0,3.0,52.0,1075.0,2.0,537.5,1.0,1,1
Plot Area,Sarjapur  Road,3.0,1.0,95.0,1200.0,3.0,400.0,1.0,0,0
Super built-up Area,Tunganagara,2.0,2.0,54.21,1936.0,3.0,645.3333333333334,0.6666666666666666,0,1
Super built-up Area,Nagavara,3.0,3.0,120.0,2172.65,4.0,543.1625,0.75,1,1
Super built-up Area,Sahakara Nagar,2.0,2.0,75.0,1100.0,3.0,366.6666666666667,0.6666666666666666,1,0
Plot Area,BTM 2nd Stage,5.0,1.0,185.0,1260.0,3.0,420.0,1.6666666666666667,1,0
Super built-up Area,Sarjapur  Road,2.0,3.0,29.99,1117.0,2.0,558.5,1.0,1,1
Built-up Area,Remco Bhel Layout,2.0,1.0,110.0,1685.0,3.0,561.6666666666666,0.6666666666666666,1,1
Super built-up Area,CV Raman Nagar,2.0,1.0,37.0,740.0,2.0,370.0,1.0,1,1
Plot Area,Magadi Road,2.0,2.0,93.0,1500.0,4.0,375.0,0.5,1,0
Super built-up Area,Banashankari,3.0,2.0,115.0,1800.0,3.0,600.0,1.0,1,1
Super built-up Area,Yelachenahalli,3.0,2.0,130.0,1700.0,3.0,566.6666666666666,1.0,1,1
Built-up Area,Uttarahalli,2.0,2.0,37.93,850.0,2.0,425.0,1.0,1,1
Super built-up Area,Hennur Road,3.0,1.0,139.0,1891.0,3.0,630.3333333333334,1.0,1,1
Built-up Area,Jalahalli,1.0,1.0,80.0,1400.0,2.0,700.0,0.5,1,1
Super built-up Area,Lakshminarayana Pura,2.0,2.0,82.0,1172.0,2.0,586.0,1.0,1,0
Super built-up Area,Electronic City Phase II,2.0,2.0,40.43,1400.0,3.0,466.6666666666667,0.6666666666666666,0,0
Built-up Area,Sonnenahalli,2.0,1.0,43.75,896.0,2.0,448.0,1.0,1,1
Super built-up Area,Vijayanagar,2.0,2.0,65.0,1180.0,2.0,590.0,1.0,0,1
Plot Area,Basaveshwara Nagar,7.0,1.0,350.0,2460.0,7.0,351.42857142857144,1.0,1,0
Built-up Area,Chokkasandra,2.0,1.0,33.0,850.0,2.0,425.0,1.0,1,1
Super built-up Area,Anekal,1.0,1.0,18.0,530.0,1.0,530.0,1.0,0,0
Super built-up Area,2nd Block Hrbr Layout,3.0,3.0,110.0,1550.0,3.0,516.6666666666666,1.0,0,0
Super built-up Area,Kanakapura,3.0,3.0,97.0,1699.0,3.0,566.3333333333334,1.0,0,1
Super built-up Area,Bellandur,4.0,3.0,109.0,2025.0,4.0,506.25,1.0,0,1
Super built-up Area,Ananth Nagar,2.0,2.0,14.0,500.0,1.0,500.0,2.0,0,0
Built-up Area,Panduranga Nagar,1.0,0.0,20.0,500.0,1.0,500.0,1.0,1,1
Built-up Area,Sri Venkateshpura Layout,2.0,1.0,38.5,1146.0,2.0,573.0,1.0,1,0
Super built-up Area,Malleshwaram,4.0,3.0,332.0,2475.0,3.0,825.0,1.3333333333333333,1,1
Super built-up Area,Haralur Road,2.0,1.0,145.0,1455.0,2.0,727.5,1.0,1,1
Plot Area,Seegehalli,1.0,0.0,50.0,800.0,2.0,400.0,0.5,1,0
Super built-up Area,Abbigere,2.0,2.0,30.0,765.0,1.0,765.0,2.0,1,0
Super built-up Area,Lingadheeranahalli,3.0,1.0,94.99,1521.0,3.0,507.0,1.0,1,1
Super built-up Area,Gottigere,2.0,2.0,55.0,1600.0,3.0,533.3333333333334,0.6666666666666666,1,0
Super built-up Area,Byadarahalli,4.0,2.0,370.0,3155.0,3.0,1051.6666666666667,1.3333333333333333,1,1
Super built-up Area,Hebbal Kempapura,4.0,,240.0,2900.0,3.0,966.6666666666666,1.3333333333333333,1,1
Super built-up Area,Jakkur Plantation,3.0,3.0,105.0,1765.0,3.0,588.3333333333334,1.0,1,1
Super built-up Area,Kasavanhalli,3.0,2.0,88.0,1980.0,3.0,660.0,1.0,1,1
Built-up Area,Amruthahalli,3.0,1.0,135.0,1900.0,3.0,633.3333333333334,1.0,1,0
Super built-up Area,Kaverappa Layout,2.0,3.0,70.0,1265.0,2.0,632.5,1.0,1,1
Super built-up Area,Bommasandra,2.0,3.0,40.0,1034.0,2.0,517.0,1.0,1,1
Built-up Area,Kaverappa Layout,2.0,1.0,59.0,1012.0,2.0,506.0,1.0,1,0
Super built-up Area,Electronic City,2.0,1.0,54.0,1070.0,2.0,535.0,1.0,1,1
Built-up Area,Mahadevpura,4.0,1.0,230.0,3555.0,4.0,888.75,1.0,1,0
Super built-up Area,5th Block Hbr Layout,2.0,2.0,70.0,1270.0,3.0,423.3333333333333,0.6666666666666666,1,0
Super built-up Area,Doddanekundi,4.0,3.0,154.0,2045.0,3.0,681.6666666666666,1.3333333333333333,1,1
Super built-up Area,Bellandur,2.0,2.0,98.0,1490.0,3.0,496.6666666666667,0.6666666666666666,1,1
Built-up Area,Banaswadi,6.0,1.0,830.0,6150.0,7.0,878.5714285714286,0.8571428571428571,1,0
Super built-up Area,Mysore Road,2.0,1.0,40.0,883.0,2.0,441.5,1.0,1,0
Super built-up Area,Yeshwanthpur,1.0,1.0,36.85,671.0,1.0,671.0,1.0,1,1
Super built-up Area,Kammasandra,2.0,2.0,32.0,1156.0,2.0,578.0,1.0,1,1
Super built-up Area,Haralur Road,3.0,2.0,125.0,2017.0,3.0,672.3333333333334,1.0,1,1
Super built-up Area,Thigalarapalya,6.0,2.0,235.0,3122.0,4.0,780.5,1.5,1,1
Super built-up Area,Ramagondanahalli,3.0,1.0,62.0,1635.0,3.0,545.0,1.0,0,1
Built-up Area,Sir M V Nagar,9.0,,120.0,4400.0,7.0,628.5714285714286,1.2857142857142858,1,0
Super built-up Area,Kanakpura Road,2.0,1.0,89.0,1296.0,2.0,648.0,1.0,0,1
Plot Area,Bikasipura,4.0,2.0,280.0,2400.0,6.0,400.0,0.6666666666666666,1,0
Super built-up Area,Budigere,2.0,2.0,62.0,1139.0,2.0,569.5,1.0,1,1
Super built-up Area,CV Raman Nagar,3.0,2.0,47.0,1230.0,2.0,615.0,1.5,0,0
Super built-up Area,Basaveshwara Nagar Yelahanka,2.0,1.0,25.0,581.91,1.0,581.91,2.0,1,0
Super built-up Area,Binny Pete,2.0,1.0,86.28,1245.0,2.0,622.5,1.0,0,1
Plot Area,Sidedahalli,2.0,2.0,85.0,1158.0,3.0,386.0,0.6666666666666666,1,0
Built-up Area,Marathahalli,4.0,2.0,220.0,3951.0,4.0,987.75,1.0,1,1
Super built-up Area,Ramamurthy Nagar,1.0,1.0,26.0,360.0,1.0,360.0,1.0,1,1
Super built-up Area,Electronics City Phase 1,3.0,1.0,55.0,1350.0,3.0,450.0,1.0,1,0
Built-up Area,Green Glen Layout,3.0,2.0,120.0,1670.0,3.0,556.6666666666666,1.0,1,1
Super built-up Area,Akshaya Nagar,2.0,2.0,65.0,1600.0,3.0,533.3333333333334,0.6666666666666666,1,0
Super built-up Area,Horamavu Banaswadi,2.0,2.0,51.6,1307.0,2.0,653.5,1.0,1,0
Built-up Area,7th Phase JP Nagar,2.0,1.0,57.0,1050.0,3.0,350.0,0.6666666666666666,1,1
Super built-up Area,Hennur Road,3.0,,101.0,1703.0,3.0,567.6666666666666,1.0,1,1
Super built-up Area,Kaggalipura,2.0,1.0,58.0,1210.0,3.0,403.3333333333333,0.6666666666666666,1,1
Built-up Area,Electronic City,2.0,1.0,29.6,1025.0,2.0,512.5,1.0,0,0
Super built-up Area,7th Phase JP Nagar,2.0,2.0,56.41,1343.0,3.0,447.6666666666667,0.6666666666666666,1,1
Super built-up Area,R.T. Nagar,3.0,2.0,85.0,1560.0,3.0,520.0,1.0,1,0
Super built-up Area,Kalkere,2.0,2.0,51.0,925.0,2.0,462.5,1.0,0,1
Super built-up Area,Kanakpura Road,2.0,2.0,75.0,1420.0,3.0,473.3333333333333,0.6666666666666666,1,1
Built-up Area,1st Block Koramangala,2.0,3.0,110.0,1415.0,2.0,707.5,1.0,1,1
Super built-up Area,Shree Ananth Nagar Layout,2.0,2.0,60.0,1210.0,2.0,605.0,1.0,1,1
Super built-up Area,Yeshwanthpur,3.0,2.0,160.0,1852.0,3.0,617.3333333333334,1.0,1,1
Super built-up Area,Hoskote,3.0,2.0,50.0,1250.0,3.0,416.6666666666667,1.0,1,1
Super built-up Area,9th Phase JP Nagar,2.0,1.0,65.0,1100.0,2.0,550.0,1.0,0,1
Super built-up Area,2nd Phase Judicial Layout,2.0,1.0,40.25,1150.0,2.0,575.0,1.0,1,0
Super built-up Area,Jakkur,2.0,1.0,53.35,1100.0,2.0,550.0,1.0,0,1
Plot Area,Magadi Road,1.0,0.0,100.0,1350.0,2.0,675.0,0.5,1,1
Super built-up Area,Panathur,3.0,2.0,99.0,1546.0,3.0,515.3333333333334,1.0,1,1
Super built-up Area,Ambedkar Nagar,2.0,2.0,90.0,1424.0,2.0,712.0,1.0,1,1
Built-up Area,Bellandur,3.0,1.0,68.0,1398.0,3.0,466.0,1.0,1,1
Super built-up Area,Indira Nagar,3.0,2.0,200.0,1650.0,3.0,550.0,1.0,1,1
Plot Area,HBR Layout,4.0,0.0,120.0,1200.0,4.0,300.0,1.0,1,0
Super built-up Area,Brookefield,3.0,2.0,105.0,1476.0,3.0,492.0,1.0,1,1
Super built-up Area,Magadi Road,2.0,2.0,58.82,1322.0,3.0,440.6666666666667,0.6666666666666666,0,1
Built-up Area,Yemlur,2.0,2.0,55.0,1100.0,2.0,550.0,1.0,1,0
Super built-up Area,Race Course Road,5.0,,600.0,4750.0,4.0,1187.5,1.25,1,0
Built-up Area,Sarjapur,2.0,2.0,68.0,1285.0,3.0,428.3333333333333,0.6666666666666666,1,1
Built-up Area,Ambalipura,2.0,2.0,80.0,1150.0,2.0,575.0,1.0,1,1
Super built-up Area,Thanisandra,2.0,2.0,56.0,1430.0,3.0,476.6666666666667,0.6666666666666666,1,1
Super built-up Area,Marathahalli,2.0,2.0,62.0,1350.0,3.0,450.0,0.6666666666666666,1,0
Plot Area,Gkvk Layout,3.0,3.0,195.0,1350.0,3.0,450.0,1.0,1,0
Built-up Area,Thubarahalli,2.0,2.0,65.0,1185.0,2.0,592.5,1.0,1,1
Super built-up Area,Bannerghatta Road,3.0,2.0,67.0,1760.0,3.0,586.6666666666666,1.0,1,1
Plot Area,Bank Of Baroda Colony,5.0,2.0,350.0,2400.0,4.0,600.0,1.25,1,0
Super built-up Area,Kanakpura Road,2.0,1.0,41.0,900.0,2.0,450.0,1.0,0,0
Super built-up Area,Kanakpura Road,2.0,1.0,105.0,1297.0,2.0,648.5,1.0,0,1
Super built-up Area,Sector 1 HSR Layout,3.0,2.0,155.0,1840.0,3.0,613.3333333333334,1.0,1,1
Built-up Area,Ramamurthy Nagar,2.0,1.0,50.79,950.0,2.0,475.0,1.0,1,0
Carpet Area,BTM 2nd Stage,2.0,1.0,52.0,950.0,2.0,475.0,1.0,1,1
Super built-up Area,Yeshwanthpur,2.0,0.0,95.815,1277.5,2.0,638.75,1.0,1,1
Super built-up Area,Electronic City,3.0,2.0,89.0,1571.0,3.0,523.6666666666666,1.0,0,1
Super built-up Area,Electronic City Phase II,2.0,1.0,55.0,1031.0,2.0,515.5,1.0,1,1
Super built-up Area,Whitefield,2.0,1.0,90.0,1485.0,2.0,742.5,1.0,0,1
Super built-up Area,Ananth Nagar,2.0,1.0,60.0,1109.0,2.0,554.5,1.0,0,1
Super built-up Area,Koramangala,3.0,2.0,180.0,2200.0,3.0,733.3333333333334,1.0,1,0
Super built-up Area,Whitefield,1.0,1.0,50.0,950.0,1.0,950.0,1.0,0,1
Plot Area,Laggere,2.0,0.0,150.0,1200.0,3.0,400.0,0.6666666666666666,1,0
Super built-up Area,Basavangudi,3.0,3.0,300.0,2350.0,3.0,783.3333333333334,1.0,1,0
Super built-up Area,Electronic City Phase II,2.0,1.0,40.6,1003.0,2.0,501.5,1.0,0,1
Plot Area,Bank Of Baroda Colony,2.0,1.0,185.0,1350.0,2.0,675.0,1.0,1,0
Super built-up Area,9th Phase JP Nagar,2.0,2.0,37.0,1080.0,2.0,540.0,1.0,0,0
Super built-up Area,Hulimavu,2.0,2.0,73.0,1255.0,2.0,627.5,1.0,1,1
Super built-up Area,Banaswadi,2.0,0.0,60.0,1250.0,2.0,625.0,1.0,1,0
Plot Area,Brookefield,4.0,1.0,152.0,1700.0,4.0,425.0,1.0,1,0
Plot Area,Ramamurthy Nagar,2.0,0.0,66.0,1200.0,3.0,400.0,0.6666666666666666,1,0
Built-up Area,St. John's Road,2.0,0.0,60.0,824.0,2.0,412.0,1.0,1,0
Super built-up Area,1st Phase JP Nagar,3.0,1.0,167.0,1875.0,3.0,625.0,1.0,1,1
Built-up Area,Bommasandra Industrial Area,2.0,1.0,38.12,1320.0,3.0,440.0,0.6666666666666666,0,0
Plot Area,Kothanur,5.0,2.0,550.0,9600.0,5.0,1920.0,1.0,1,0
Super built-up Area,Uttarahalli,2.0,1.0,47.0,1330.0,3.0,443.3333333333333,0.6666666666666666,1,1
Super built-up Area,Kaikondrahalli,3.0,2.0,56.0,1220.0,3.0,406.6666666666667,1.0,1,0
Super built-up Area,Electronic City,3.0,1.0,50.0,1111.0,3.0,370.3333333333333,1.0,0,0
Super built-up Area,Kothannur,2.0,1.0,47.88,1197.0,2.0,598.5,1.0,1,0
Super built-up Area,Marathahalli,5.0,2.0,185.0,2519.0,4.0,629.75,1.25,1,1
Super built-up Area,Doopanahalli,2.0,1.0,100.0,1340.0,3.0,446.6666666666667,0.6666666666666666,0,0
Plot Area,Old Madras Road,3.0,3.0,132.0,1450.0,4.0,362.5,0.75,1,1
Super built-up Area,Hoodi,3.0,3.0,145.0,1837.0,3.0,612.3333333333334,1.0,0,1
Plot Area,Haralur Road,4.0,,245.0,1200.0,4.0,300.0,1.0,1,0
Super built-up Area,Kudlu Gate,2.0,3.0,55.0,1238.0,2.0,619.0,1.0,1,1
Super built-up Area,7th Phase JP Nagar,2.0,2.0,59.01,1405.0,3.0,468.3333333333333,0.6666666666666666,1,1
Super built-up Area,Doddaballapur,3.0,2.0,80.0,1690.0,4.0,422.5,0.75,1,0
Built-up Area,Sathanur,2.0,1.0,110.0,1620.0,3.0,540.0,0.6666666666666666,1,0
Super built-up Area,Kanakpura Road,3.0,2.0,115.0,1673.0,3.0,557.6666666666666,1.0,1,1
Plot Area,Margondanahalli,2.0,0.0,58.0,1090.0,2.0,545.0,1.0,1,0
Super built-up Area,Varthur,2.0,2.0,40.0,1112.0,2.0,556.0,1.0,1,1
Super built-up Area,Marathahalli,2.0,2.0,66.65,1385.0,3.0,461.6666666666667,0.6666666666666666,1,0
Super built-up Area,Subramanyapura,2.0,1.0,58.0,985.0,2.0,492.5,1.0,1,1
Super built-up Area,Kanakpura Road,1.0,0.0,36.29,825.0,1.0,825.0,1.0,0,1
Super built-up Area,Kanakpura Road,2.0,1.0,37.8,1080.0,2.0,540.0,1.0,1,0
Super built-up Area,Hosa Road,2.0,1.0,97.52,1430.0,2.0,715.0,1.0,0,1
Super built-up Area,Kengeri Satellite Town,2.0,2.0,43.0,1050.0,2.0,525.0,1.0,1,1
Plot Area,Kumaraswami Layout,4.0,1.0,139.0,2000.0,4.0,500.0,1.0,1,0
Built-up Area,Banashankari Stage VI,4.0,3.0,190.0,4800.0,4.0,1200.0,1.0,1,0
Built-up Area,ITI Layout,3.0,2.0,115.0,1533.0,3.0,511.0,1.0,1,1
Plot Area,Ramamohanapuram,3.0,2.0,500.0,2800.0,4.0,700.0,0.75,1,0
Super built-up Area,Malleshwaram,3.0,,399.0,2610.0,3.0,870.0,1.0,1,1
Super built-up Area,Lakshminarayana Pura,3.0,2.0,150.0,1750.0,3.0,583.3333333333334,1.0,1,1
Super built-up Area,Prithvi Layout,2.0,2.0,87.5,1352.0,2.0,676.0,1.0,1,1
Super built-up Area,Harlur,3.0,2.0,125.0,1754.0,3.0,584.6666666666666,1.0,1,1
Built-up Area,Tejaswini Nagar,3.0,2.0,85.0,1560.0,3.0,520.0,1.0,1,1
Super built-up Area,Bannerghatta,6.0,2.0,268.0,3012.0,4.0,753.0,1.5,0,1
Super built-up Area,Whitefield,4.0,,199.0,3584.0,4.0,896.0,1.0,1,0
Super built-up Area,Channasandra,2.0,1.0,90.0,1470.0,3.0,490.0,0.6666666666666666,1,1
Built-up Area,9th Phase JP Nagar,2.0,1.0,45.0,1035.0,2.0,517.5,1.0,1,1
Plot Area,Whitefield,5.0,,329.0,2400.0,4.0,600.0,1.25,1,1
Built-up Area,Kammanahalli,2.0,1.0,52.0,1160.0,2.0,580.0,1.0,1,0
Super built-up Area,Jakkur,2.0,2.0,52.0,1100.0,2.0,550.0,1.0,1,1
Super built-up Area,Horamavu Agara,2.0,,38.0,1170.0,2.0,585.0,1.0,1,0
Super built-up Area,Bannerghatta Road,1.0,1.0,31.83,595.0,1.0,595.0,1.0,0,1
Super built-up Area,HSR Layout,3.0,2.0,110.0,1650.0,3.0,550.0,1.0,1,1
Super built-up Area,1st Block Jayanagar,2.0,3.0,235.0,1875.0,3.0,625.0,0.6666666666666666,1,0
Super built-up Area,kanakapura road,2.0,3.0,48.06,1375.0,3.0,458.3333333333333,0.6666666666666666,1,0
Super built-up Area,Ramagondanahalli,2.0,1.0,46.8,1235.0,2.0,617.5,1.0,0,1
Super built-up Area,Kaveri Nagar,1.0,2.0,25.0,750.0,1.0,750.0,1.0,1,0
Built-up Area,7th Phase JP Nagar,3.0,1.0,115.0,1400.0,3.0,466.6666666666667,1.0,1,1
Super built-up Area,Poorna Pragna Layout,2.0,2.0,50.79,1270.0,3.0,423.3333333333333,0.6666666666666666,1,0
Super built-up Area,Bannerghatta Road,2.0,1.0,51.0,1105.0,2.0,552.5,1.0,0,0
Super built-up Area,Sundar Ram Shetty Nagar,2.0,3.0,85.0,1375.0,3.0,458.3333333333333,0.6666666666666666,1,1
Plot Area,Attibele,4.0,2.0,95.0,2168.0,4.0,542.0,1.0,1,0
Super built-up Area,Yelahanka,2.0,1.0,40.84,1065.0,2.0,532.5,1.0,1,1
Plot Area,Sector 6 HSR Layout,3.0,0.0,580.0,3800.0,3.0,1266.6666666666667,1.0,1,0
Plot Area,Raja Rajeshwari Nagar,9.0,,350.0,3125.0,9.0,347.22222222222223,1.0,1,0
Super built-up Area,Whitefield,1.0,1.0,45.0,825.0,1.0,825.0,1.0,1,1
Built-up Area,Nelamangala,2.0,0.0,40.0,1095.0,2.0,547.5,1.0,1,0
Super built-up Area,Udayapur Village,2.0,2.0,60.33,1440.0,3.0,480.0,0.6666666666666666,0,1
Super built-up Area,Electronic City,2.0,1.0,39.5,870.0,2.0,435.0,1.0,1,1
Super built-up Area,Panathur,2.0,1.0,84.0,1195.0,2.0,597.5,1.0,1,1
Super built-up Area,"Kirloskar layout, Basaveshwarnagar",2.0,1.0,49.5,1200.0,2.0,600.0,1.0,1,0
Super built-up Area,Raja Rajeshwari Nagar,3.0,3.0,61.2,1530.0,3.0,510.0,1.0,1,1
Super built-up Area,Padmanabhanagar,2.0,1.0,90.5,1708.0,3.0,569.3333333333334,0.6666666666666666,0,0
Super built-up Area,Alfa Garden Layout,2.0,1.0,43.0,975.0,2.0,487.5,1.0,1,1
Built-up Area,KR Puram,2.0,1.0,25.0,750.0,2.0,375.0,1.0,1,0
Super built-up Area,Iblur Village,3.0,2.0,130.0,1920.0,3.0,640.0,1.0,0,1
Super built-up Area,Thanisandra,2.0,1.0,58.56,1183.0,2.0,591.5,1.0,0,1
Super built-up Area,Mico Layout,2.0,2.0,65.0,1550.0,3.0,516.6666666666666,0.6666666666666666,1,1
Super built-up Area,Kaggadasapura,2.0,3.0,53.0,1110.0,2.0,555.0,1.0,1,1
Super built-up Area,Kaggadasapura,2.0,1.0,38.67,1105.0,2.0,552.5,1.0,1,1
Plot Area,Anekal,3.0,2.0,68.0,1800.0,3.0,600.0,1.0,1,0
Super built-up Area,2nd Phase JP Nagar,4.0,2.0,200.0,2800.0,5.0,560.0,0.8,1,0
Super built-up Area,Bommanahalli,2.0,2.0,29.9,1000.0,2.0,500.0,1.0,0,0
Built-up Area,Prithvi Layout,2.0,2.0,68.0,1190.0,2.0,595.0,1.0,1,0
Plot Area,2nd Stage Nagarbhavi,4.0,1.0,200.0,1350.0,4.0,337.5,1.0,1,0
Super built-up Area,Hebbal,4.0,2.0,230.0,3067.0,4.0,766.75,1.0,0,1
Super built-up Area,Sarjapur  Road,4.0,1.0,103.0,1929.0,3.0,643.0,1.3333333333333333,0,1
Built-up Area,Ramamurthy Nagar,3.0,1.0,100.0,1525.0,3.0,508.3333333333333,1.0,1,1
Super built-up Area,Nehru Nagar,3.0,3.0,110.0,1775.0,3.0,591.6666666666666,1.0,1,1
Built-up Area,Banashankari,2.0,1.0,63.0,1125.0,2.0,562.5,1.0,1,1
Super built-up Area,Hessarghatta,2.0,2.0,42.0,900.0,2.0,450.0,1.0,1,0
Super built-up Area,Sarjapur  Road,2.0,1.0,58.0,1155.0,2.0,577.5,1.0,0,0
Built-up Area,Hulimavu,4.0,0.0,75.0,1200.0,4.0,300.0,1.0,1,0
Super built-up Area,Sonnenahalli,2.0,1.0,73.0,1268.0,2.0,634.0,1.0,1,1
Built-up Area,Hoodi Layout,3.0,2.0,88.0,1500.0,3.0,500.0,1.0,1,1
Super built-up Area,Electronic City,1.0,1.0,47.0,630.0,1.0,630.0,1.0,0,1
Super built-up Area,Seegehalli,3.0,2.0,65.0,1525.0,3.0,508.3333333333333,1.0,1,1
Super built-up Area,Kaggadasapura,2.0,2.0,48.0,1060.0,2.0,530.0,1.0,1,1
Super built-up Area,Lingadheeranahalli,3.0,3.0,127.0,1687.0,3.0,562.3333333333334,1.0,1,1
Super built-up Area,Thanisandra,3.0,2.0,123.0,1847.0,3.0,615.6666666666666,1.0,1,1
Super built-up Area,Begur Road,2.0,3.0,53.0,1410.0,3.0,470.0,0.6666666666666666,1,1
Super built-up Area,7th Phase JP Nagar,2.0,1.0,42.99,1075.0,2.0,537.5,1.0,1,1
Super built-up Area,Rajaji Nagar,4.0,,492.0,3526.0,4.0,881.5,1.0,1,1
Built-up Area,BTM Layout,3.0,0.0,338.0,3000.0,3.0,1000.0,1.0,1,0
Built-up Area,Basavangudi,2.0,1.0,143.0,1500.0,3.0,500.0,0.6666666666666666,0,0
Built-up Area,Gaundanapalya,2.0,2.0,46.0,1010.0,2.0,505.0,1.0,1,1
Super built-up Area,Haralur Road,3.0,3.0,110.0,1875.0,3.0,625.0,1.0,0,1
Super built-up Area,Kanakpura Road,2.0,1.0,50.6,983.0,2.0,491.5,1.0,0,1
Super built-up Area,Kasturi Nagar,2.0,2.0,65.0,1101.0,2.0,550.5,1.0,1,0
Super built-up Area,Laxmi Sagar Layout,2.0,1.0,76.0,1140.0,2.0,570.0,1.0,1,1
Super built-up Area,Sarjapur  Road,2.0,2.0,110.0,1215.0,2.0,607.5,1.0,1,1
Super built-up Area,Kengeri Satellite Town,2.0,3.0,42.0,1007.0,2.0,503.5,1.0,1,0
Super built-up Area,Bellandur,3.0,2.0,168.0,2039.0,3.0,679.6666666666666,1.0,1,1
Built-up Area,Ulsoor,3.0,2.0,110.0,1020.0,3.0,340.0,1.0,1,0
Super built-up Area,Outer Ring Road East,2.0,1.0,84.0,1198.0,2.0,599.0,1.0,1,0
Built-up Area,5th block Koramangala,4.0,1.0,520.0,4000.0,4.0,1000.0,1.0,1,0
Plot Area,Nelamangala,4.0,2.0,34.5,1470.0,4.0,367.5,1.0,1,0
Built-up Area,JakkurYelahanka,2.0,2.0,75.0,1370.0,2.0,685.0,1.0,1,0
Super built-up Area,Yemlur,2.0,3.0,55.5,1316.0,2.0,658.0,1.0,1,0
Super built-up Area,Kaggadasapura,3.0,1.0,55.5,1350.0,3.0,450.0,1.0,1,1
Super built-up Area,Gunjur Palya,2.0,1.0,43.0,1050.0,2.0,525.0,1.0,0,0
Carpet Area,KR Puram,3.0,0.0,47.405,1128.76,3.0,376.25333333333333,1.0,1,1
Super built-up Area,Electronic City,2.0,1.0,34.0,921.0,2.0,460.5,1.0,1,1
Super built-up Area,Kundalahalli,2.0,1.0,49.27,1010.0,2.0,505.0,1.0,1,1
Super built-up Area,KR Puram,2.0,1.0,43.0,1015.0,2.0,507.5,1.0,0,1
Plot Area,TC Palaya,2.0,0.0,66.5,1200.0,3.0,400.0,0.6666666666666666,1,0
Built-up Area,Lakshminarayana Pura,2.0,1.0,75.0,1179.0,2.0,589.5,1.0,1,1
Built-up Area,Anjanapura,4.0,2.0,86.0,1850.0,4.0,462.5,1.0,1,0
Super built-up Area,Kammasandra,2.0,1.0,24.0,870.0,2.0,435.0,1.0,1,1
Super built-up Area,Bellandur,3.0,2.0,85.0,1605.0,3.0,535.0,1.0,1,0
Plot Area,Banashankari Stage VI,4.0,2.0,89.0,2800.0,4.0,700.0,1.0,1,0
Super built-up Area,Malleshwaram,4.0,3.0,320.0,2475.0,3.0,825.0,1.3333333333333333,1,1
Plot Area,Ngef Layout,2.0,0.0,510.0,3000.0,2.0,1500.0,1.0,1,0
Plot Area,Bileshivale,7.0,2.0,110.0,2400.0,6.0,400.0,1.1666666666666667,1,0
Super built-up Area,2nd Phase JP Nagar,1.0,1.0,55.0,1000.0,2.0,500.0,0.5,1,1
Plot Area,Ramamurthy Nagar,2.0,0.0,80.0,1200.0,2.0,600.0,1.0,1,0
Plot Area,Manjunatha Layout,2.0,2.0,125.0,1200.0,2.0,600.0,1.0,1,0
Plot Area,Kammasandra,2.0,1.0,66.0,1200.0,2.0,600.0,1.0,0,1
Built-up Area,Kashi Nagar,2.0,2.0,50.0,1200.0,2.0,600.0,1.0,1,0
Super built-up Area,Hennur,2.0,1.0,57.5,1255.0,2.0,627.5,1.0,1,1
Super built-up Area,Hosur Road,2.0,2.0,30.38,1085.0,2.0,542.5,1.0,1,1
Super built-up Area,Kanakpura Road,3.0,,125.0,1592.0,3.0,530.6666666666666,1.0,0,1
Super built-up Area,B Narayanapura,2.0,1.0,58.27,1313.0,2.0,656.5,1.0,0,0
Super built-up Area,Kogilu,3.0,2.0,150.0,1934.0,3.0,644.6666666666666,1.0,0,1
Super built-up Area,Harlur,2.0,1.0,49.5,1200.0,2.0,600.0,1.0,1,1
Super built-up Area,Uttarahalli,6.0,2.0,120.0,3600.0,6.0,600.0,1.0,1,1
Super built-up Area,Old Madras Road,2.0,1.0,45.0,935.0,2.0,467.5,1.0,0,1
Built-up Area,Bommasandra,2.0,2.0,30.0,877.0,2.0,438.5,1.0,1,1
Super built-up Area,Ashwathnagar,2.0,2.0,42.0,936.0,2.0,468.0,1.0,1,1
Super built-up Area,Nagasandra,2.0,2.0,110.0,1470.0,3.0,490.0,0.6666666666666666,1,0
Built-up Area,Upkar Layout,1.0,1.0,70.0,1050.0,1.0,1050.0,1.0,1,0
Super built-up Area,Hennur Road,2.0,0.0,69.61,1232.0,2.0,616.0,1.0,0,1
Super built-up Area,Ambedkar Nagar,4.0,2.0,169.0,2225.0,3.0,741.6666666666666,1.3333333333333333,1,1
Plot Area,Sunkadakatte,2.0,0.0,80.0,1200.0,3.0,400.0,0.6666666666666666,1,0
Super built-up Area,Dasarahalli,3.0,2.0,119.0,1901.0,3.0,633.6666666666666,1.0,1,1
Super built-up Area,Sarjapur  Road,3.0,2.0,100.0,1819.0,3.0,606.3333333333334,1.0,0,1
Super built-up Area,Old Madras Road,6.0,0.0,200.5,3715.0,4.0,928.75,1.5,1,1
Built-up Area,9th Phase JP Nagar,4.0,3.0,290.0,5000.0,4.0,1250.0,1.0,1,1
Super built-up Area,Someshwara Layout,4.0,3.0,169.0,1200.0,4.0,300.0,1.0,1,0
Super built-up Area,Kacharakanahalli,2.0,1.0,60.0,1256.0,2.0,628.0,1.0,1,0
Super built-up Area,7th Phase JP Nagar,2.0,2.0,44.0,1100.0,2.0,550.0,1.0,1,0
Plot Area,TC Palaya,3.0,3.0,302.0,4800.0,4.0,1200.0,0.75,1,0
Super built-up Area,Kothanur,3.0,3.0,70.0,1435.0,3.0,478.3333333333333,1.0,1,0
Super built-up Area,6th Phase JP Nagar,4.0,,250.0,3245.0,4.0,811.25,1.0,1,0
Super built-up Area,Sarjapur  Road,4.0,1.0,110.0,1845.0,3.0,615.0,1.3333333333333333,1,1
Plot Area,Jigani,4.0,1.0,130.0,2400.0,3.0,800.0,1.3333333333333333,1,0
Super built-up Area,Ulsoor,2.0,0.0,60.0,1200.0,2.0,600.0,1.0,0,0
Super built-up Area,Talaghattapura,3.0,2.0,170.0,2254.0,3.0,751.3333333333334,1.0,0,1
Super built-up Area,Frazer Town,3.0,2.0,150.0,1750.0,3.0,583.3333333333334,1.0,1,1
Built-up Area,Jalahalli West,2.0,1.0,37.0,1020.0,2.0,510.0,1.0,1,1
Built-up Area,Bommanahalli,1.0,1.0,25.0,515.0,1.0,515.0,1.0,1,0
Super built-up Area,Lingadheeranahalli,3.0,2.0,140.0,1893.0,3.0,631.0,1.0,1,1
Super built-up Area,Vasanth nagar,3.0,0.0,500.0,3025.0,3.0,1008.3333333333334,1.0,1,1
Built-up Area,Suddaguntepalya,2.0,0.0,34.0,830.0,2.0,415.0,1.0,1,0
Built-up Area,Singasandra,2.0,1.0,36.5,600.0,2.0,300.0,1.0,1,0
Super built-up Area,Bisuvanahalli,2.0,1.0,90.0,1075.0,3.0,358.3333333333333,0.6666666666666666,1,1
Plot Area,Kathreguppe,4.0,2.0,1200.0,3200.0,4.0,800.0,1.0,1,0
Super built-up Area,Kasavanhalli,2.0,1.0,78.0,1200.0,2.0,600.0,1.0,1,1
Super built-up Area,Sarjapur  Road,2.0,2.0,77.65,1233.0,2.0,616.5,1.0,0,1
Super built-up Area,Bannerghatta Road,2.0,2.0,65.26,1255.0,2.0,627.5,1.0,1,1
Super built-up Area,Begur Road,2.0,2.0,37.8,1200.0,2.0,600.0,1.0,1,0
Super built-up Area,Varthur,3.0,2.0,175.0,2145.0,3.0,715.0,1.0,1,0
Built-up Area,1st Phase JP Nagar,5.0,,85.0,1500.0,5.0,300.0,1.0,1,0
Built-up Area,Kothannur,2.0,1.0,34.0,740.0,2.0,370.0,1.0,1,0
Super built-up Area,Kengeri,3.0,3.0,48.0,1250.0,3.0,416.6666666666667,1.0,1,0
Super built-up Area,Channasandra Layout,2.0,2.0,40.0,1210.0,2.0,605.0,1.0,1,0
Super built-up Area,Sarjapur  Road,2.0,2.0,60.0,1525.0,3.0,508.3333333333333,0.6666666666666666,1,1
Built-up Area,Kogilu,1.0,0.0,36.0,540.0,1.0,540.0,1.0,1,0
Super built-up Area,Tumkur Road,2.0,1.0,84.0,1240.0,3.0,413.3333333333333,0.6666666666666666,1,1
Super built-up Area,Subramanyapura,2.0,1.0,68.0,1245.0,3.0,415.0,0.6666666666666666,1,1
Plot Area,HAL 3rd Stage,3.0,3.0,350.0,1865.0,3.0,621.6666666666666,1.0,1,0
Super built-up Area,Hosa Road,2.0,0.0,36.43,1104.0,2.0,552.0,1.0,0,1
Super built-up Area,Bisuvanahalli,2.0,1.0,35.99,1075.0,3.0,358.3333333333333,0.6666666666666666,1,1
Built-up Area,Nagavara,2.0,1.0,55.0,2200.0,2.0,1100.0,1.0,0,0
Super built-up Area,Whitefield,2.0,1.0,60.0,1155.0,2.0,577.5,1.0,1,1
Super built-up Area,Doctors Layout,2.0,3.0,62.0,1520.0,2.0,760.0,1.0,1,1
Super built-up Area,Thigalarapalya,6.0,2.0,245.0,3122.0,4.0,780.5,1.5,1,1
Super built-up Area,Harlur,2.0,1.0,85.0,1290.0,2.0,645.0,1.0,1,1
Built-up Area,1st Block HRBR Layout,3.0,,80.0,2300.0,3.0,766.6666666666666,1.0,1,0
Built-up Area,Kannamangala,4.0,0.0,200.0,3000.0,4.0,750.0,1.0,1,0
Super built-up Area,Whitefield,4.0,,270.0,3251.97,4.0,812.9925,1.0,1,1
Built-up Area,Austin Town,1.0,0.0,14.0,400.0,1.0,400.0,1.0,1,0
Super built-up Area,Banashankari,2.0,3.0,53.6,1340.0,3.0,446.6666666666667,0.6666666666666666,1,0
Super built-up Area,Malleshwaram,2.0,1.0,95.0,900.0,2.0,450.0,1.0,1,1
Plot Area,Rajaji Nagar,4.0,,324.0,1800.0,6.0,300.0,0.6666666666666666,1,0
Super built-up Area,Hennur Road,2.0,1.0,49.0,987.0,2.0,493.5,1.0,1,1
Super built-up Area,Old Madras Road,3.0,2.0,100.0,1720.0,3.0,573.3333333333334,1.0,1,1
Super built-up Area,Hebbal,2.0,1.0,50.0,1040.0,2.0,520.0,1.0,1,1
Built-up Area,Anandapura,2.0,0.0,64.0,900.0,2.0,450.0,1.0,1,0
Built-up Area,Raja Rajeshwari Nagar,2.0,1.0,50.0,1030.0,2.0,515.0,1.0,1,1
Super built-up Area,Neeladri Nagar,3.0,2.0,133.0,2556.0,3.0,852.0,1.0,1,1
Super built-up Area,Basavangudi,3.0,1.0,168.0,1850.0,3.0,616.6666666666666,1.0,1,1
Super built-up Area,Balagere,2.0,1.0,31.86,1028.0,2.0,514.0,1.0,0,0
Super built-up Area,7th Phase JP Nagar,2.0,1.0,83.0,1270.0,2.0,635.0,1.0,1,1
Built-up Area,Sahakara Nagar,3.0,1.0,115.0,1655.0,3.0,551.6666666666666,1.0,0,0
Built-up Area,Electronics City Phase 1,2.0,1.0,40.0,940.0,2.0,470.0,1.0,1,0
Super built-up Area,Domlur,2.0,2.0,85.0,1050.0,2.0,525.0,1.0,1,1
Super built-up Area,Vishwapriya Nagar,2.0,1.0,38.0,946.0,2.0,473.0,1.0,0,1
Built-up Area,CV Raman Nagar,3.0,3.0,145.0,1726.0,3.0,575.3333333333334,1.0,1,1
Super built-up Area,Sarakki Nagar,4.0,3.0,253.0,2121.0,3.0,707.0,1.3333333333333333,1,1
Super built-up Area,Vittasandra,2.0,1.0,75.0,1404.0,2.0,702.0,1.0,1,1
Super built-up Area,Sarjapur,2.0,2.0,48.0,1525.0,3.0,508.3333333333333,0.6666666666666666,1,0
Super built-up Area,Kengeri,2.0,2.0,57.0,1025.0,2.0,512.5,1.0,1,1
Plot Area,Bahubali Nagar,4.0,0.0,150.0,1575.0,5.0,315.0,0.8,1,0
Built-up Area,RMV 2nd Stage,1.0,1.0,43.0,860.0,2.0,430.0,0.5,1,0
Super built-up Area,Talaghattapura,2.0,1.0,42.81,1223.0,3.0,407.6666666666667,0.6666666666666666,1,0
Super built-up Area,Lottegolla Halli,3.0,,550.0,3750.0,4.0,937.5,0.75,1,1
Super built-up Area,Kothannur,2.0,1.0,47.8,1197.0,2.0,598.5,1.0,1,0
Super built-up Area,Garudachar Palya,2.0,1.0,52.75,1150.0,2.0,575.0,1.0,1,0
Built-up Area,Kodbisanhalli,5.0,3.0,629.0,4800.0,4.0,1200.0,1.25,1,1
Super built-up Area,R.T. Nagar,2.0,2.0,46.0,1040.0,2.0,520.0,1.0,1,1
Super built-up Area,Banashankari,2.0,2.0,80.0,1310.0,2.0,655.0,1.0,0,1
Super built-up Area,Uttarahalli,3.0,2.0,98.34,1788.0,3.0,596.0,1.0,1,1
Super built-up Area,Raja Rajeshwari Nagar,2.0,2.0,38.55,1144.0,2.0,572.0,1.0,1,1
Super built-up Area,Anjanapura,2.0,2.0,39.0,1070.0,2.0,535.0,1.0,0,0
Super built-up Area,Nandini Layout,2.0,2.0,70.0,1200.0,2.0,600.0,1.0,1,0
Super built-up Area,Ambedkar Nagar,3.0,2.0,120.0,1862.0,3.0,620.6666666666666,1.0,1,0
Plot Area,Margondanahalli,2.0,1.0,58.5,1200.0,2.0,600.0,1.0,1,0
Super built-up Area,Begur Road,2.0,2.0,27.0,970.0,2.0,485.0,1.0,1,0
Super built-up Area,Kasavanhalli,3.0,2.0,79.5,1646.0,3.0,548.6666666666666,1.0,0,1
Super built-up Area,Sarjapur  Road,4.0,2.0,242.0,4395.0,4.0,1098.75,1.0,1,1
Super built-up Area,Iblur Village,3.0,2.0,135.0,1995.0,3.0,665.0,1.0,0,1
Plot Area,1st Block Jayanagar,4.0,2.0,450.0,2400.0,4.0,600.0,1.0,1,0
Super built-up Area,Hosakerehalli,2.0,1.0,47.74,1085.0,2.0,542.5,1.0,0,1
Super built-up Area,Budigere,2.0,2.0,56.8,1139.0,2.0,569.5,1.0,1,1
Super built-up Area,Haralur Road,2.0,2.0,44.0,1092.0,2.0,546.0,1.0,1,0
Super built-up Area,Pattandur Agrahara,3.0,2.0,98.0,1767.0,3.0,589.0,1.0,1,1
Built-up Area,HMT Layout,3.0,,80.0,1700.0,3.0,566.6666666666666,1.0,1,0
Super built-up Area,Bellandur,3.0,2.0,88.0,1692.0,3.0,564.0,1.0,1,1
Built-up Area,6th Phase JP Nagar,3.0,3.0,100.0,1645.0,3.0,548.3333333333334,1.0,1,0
Super built-up Area,Uttarahalli,2.0,1.0,57.0,1345.0,3.0,448.3333333333333,0.6666666666666666,1,1
Super built-up Area,Basapura,2.0,1.0,60.0,1100.0,2.0,550.0,1.0,1,1
Super built-up Area,Gollarapalya Hosahalli,3.0,3.0,62.0,1408.0,3.0,469.3333333333333,1.0,1,1
Plot Area,Banashankari Stage III,4.0,1.0,240.0,2400.0,4.0,600.0,1.0,1,0
Plot Area,Kadugodi,4.0,2.0,200.0,1920.0,4.0,480.0,1.0,1,0
Plot Area,Bileshivale,4.0,,170.0,6040.0,5.0,1208.0,0.8,1,1
Super built-up Area,Thigalarapalya,4.0,2.0,150.0,2072.0,3.0,690.6666666666666,1.3333333333333333,1,1
Super built-up Area,Malleshwaram,2.0,1.0,158.0,1420.0,2.0,710.0,1.0,1,1
Plot Area,Electronics City Phase 1,3.0,2.0,137.0,2040.0,3.0,680.0,1.0,1,0
Super built-up Area,Sarjapur  Road,3.0,2.0,56.0,1220.0,3.0,406.6666666666667,1.0,1,0
Plot Area,8th Phase JP Nagar,4.0,2.0,145.0,1200.0,4.0,300.0,1.0,1,0
Super built-up Area,B Channasandra,2.0,1.0,79.0,1300.0,2.0,650.0,1.0,1,0
Super built-up Area,Electronics City Phase 1,2.0,2.0,39.0,1150.0,2.0,575.0,1.0,0,0
Super built-up Area,KR Puram,2.0,2.0,86.0,1470.0,2.0,735.0,1.0,1,0
Super built-up Area,Hosa Road,2.0,1.0,31.9,1063.0,2.0,531.5,1.0,0,1
Super built-up Area,Harappanahalli,2.0,2.0,48.0,1311.0,2.0,655.5,1.0,1,0
Super built-up Area,Dollars Colony,4.0,3.0,350.0,3500.0,4.0,875.0,1.0,1,0
Super built-up Area,Arehalli,2.0,2.0,55.0,1400.0,3.0,466.6666666666667,0.6666666666666666,1,0
Built-up Area,Kanakpura Road,2.0,0.0,62.0,2200.0,2.0,1100.0,1.0,0,0
Built-up Area,Vidyaranyapura,2.0,2.0,55.0,1060.0,2.0,530.0,1.0,1,0
Built-up Area,Cambridge  road,2.0,0.0,110.0,1000.0,3.0,333.3333333333333,0.6666666666666666,1,0
Super built-up Area,Sector 7 HSR Layout,3.0,2.0,145.0,1760.0,3.0,586.6666666666666,1.0,1,1
Super built-up Area,Whitefield,3.0,3.0,92.0,2010.0,3.0,670.0,1.0,1,1
Super built-up Area,Kanakpura Road,2.0,2.0,64.23,1480.0,3.0,493.3333333333333,0.6666666666666666,1,1
Super built-up Area,8th Phase JP Nagar,2.0,2.0,43.5,1230.0,3.0,410.0,0.6666666666666666,0,0
Super built-up Area,Gottigere,3.0,3.0,65.0,1300.0,3.0,433.3333333333333,1.0,1,0
Super built-up Area,Frazer Town,6.0,2.0,385.0,4850.0,4.0,1212.5,1.5,1,1
Super built-up Area,Singasandra,2.0,1.0,52.0,1100.0,2.0,550.0,1.0,1,1
Super built-up Area,Harlur,3.0,2.0,116.0,1752.12,3.0,584.04,1.0,1,1
Super built-up Area,Marathahalli,2.0,1.0,46.9,957.0,2.0,478.5,1.0,1,0
Super built-up Area,Balagere,1.0,0.0,41.9,790.5,1.0,790.5,1.0,0,1
Built-up Area,Hennur Gardens,3.0,2.0,102.0,1942.0,3.0,647.3333333333334,1.0,1,1
Built-up Area,Ashirvad Colony,2.0,2.0,53.0,1000.0,2.0,500.0,1.0,1,1
Super built-up Area,Yeshwanthpur,1.0,1.0,36.85,668.0,1.0,668.0,1.0,1,1
Plot Area,Cholanayakanahalli,6.0,3.0,1000.0,3000.0,5.0,600.0,1.2,1,0
Super built-up Area,Uttarahalli,2.0,1.0,43.55,1089.0,2.0,544.5,1.0,1,0
Super built-up Area,Thanisandra,3.0,3.0,90.0,1800.0,3.0,600.0,1.0,1,1
Super built-up Area,Yelahanka New Town,2.0,1.0,18.0,960.0,1.0,960.0,2.0,1,0
Super built-up Area,Yelahanka,2.0,3.0,39.35,1036.0,2.0,518.0,1.0,1,1
Super built-up Area,Marathahalli,3.0,3.0,105.0,1583.0,3.0,527.6666666666666,1.0,1,1
Built-up Area,7th Phase JP Nagar,4.0,0.0,150.0,3300.0,4.0,825.0,1.0,1,0
Super built-up Area,Padmanabhanagar,2.0,2.0,65.0,1100.0,2.0,550.0,1.0,1,1
Plot Area,Thyagaraja Nagar,1.0,1.0,100.0,800.0,1.0,800.0,1.0,1,0
Super built-up Area,Vittasandra,2.0,1.0,65.0,1246.0,2.0,623.0,1.0,1,1
Super built-up Area,Dodda Nekkundi,2.0,3.0,28.0,850.0,2.0,425.0,1.0,1,1
Super built-up Area,Raja Rajeshwari Nagar,2.0,2.0,51.51,1196.0,2.0,598.0,1.0,1,1
Super built-up Area,Thanisandra,3.0,2.0,114.0,1697.0,3.0,565.6666666666666,1.0,1,1
Built-up Area,TC Palaya,2.0,0.0,64.0,1000.0,2.0,500.0,1.0,1,0
Super built-up Area,HRBR Layout,3.0,3.0,90.0,1567.0,3.0,522.3333333333334,1.0,1,0
Plot Area,Sarjapur  Road,6.0,3.0,290.0,3750.0,4.0,937.5,1.5,1,1
Super built-up Area,Veerannapalya,2.0,2.0,45.0,950.0,2.0,475.0,1.0,1,0
Super built-up Area,Howthinarayanappa Garden,2.0,2.0,52.0,1022.0,2.0,511.0,1.0,1,1
Super built-up Area,Kammasandra,2.0,0.0,23.45,1018.0,2.0,509.0,1.0,1,1
Plot Area,Basavanagara,3.0,2.0,25.0,2000.0,4.0,500.0,0.75,1,0
Super built-up Area,Bharathi Nagar,2.0,2.0,68.0,1322.0,2.0,661.0,1.0,1,1
Plot Area,Marsur,4.0,2.0,145.0,1800.0,4.0,450.0,1.0,1,1
Super built-up Area,Doddakallasandra,2.0,2.0,58.39,1460.0,3.0,486.6666666666667,0.6666666666666666,1,0
Super built-up Area,SRINIVASAPURA,2.0,1.0,44.55,990.0,2.0,495.0,1.0,0,0
Built-up Area,Cambridge Layout,3.0,1.0,260.0,2400.0,3.0,800.0,1.0,1,1
Super built-up Area,Whitefield,2.0,2.0,85.0,1635.0,3.0,545.0,0.6666666666666666,1,1
Super built-up Area,Rajaji Nagar,4.0,1.0,558.0,3526.0,4.0,881.5,1.0,1,1
Built-up Area,Padmanabhanagar,3.0,1.0,210.0,3400.0,4.0,850.0,0.75,1,0
Built-up Area,Ramakrishnappa Layout,3.0,1.0,460.0,2770.0,3.0,923.3333333333334,1.0,1,1
Super built-up Area,EPIP Zone,5.0,0.0,200.0,3035.0,4.0,758.75,1.25,1,1
Super built-up Area,Maragondanahalli,3.0,2.0,85.0,1533.0,3.0,511.0,1.0,1,1
Super built-up Area,Akshaya Nagar,3.0,1.0,134.0,1720.0,3.0,573.3333333333334,1.0,1,1
Super built-up Area,Frazer Town,3.0,1.0,200.0,2000.0,3.0,666.6666666666666,1.0,1,0
Super built-up Area,Yeshwanthpur,2.0,2.0,75.84,1185.0,2.0,592.5,1.0,0,1
Super built-up Area,Varthur Road,2.0,1.0,27.0,900.0,2.0,450.0,1.0,0,0
Built-up Area,Attibele,1.0,1.0,10.25,395.0,1.0,395.0,1.0,1,1
Super built-up Area,Electronic City Phase II,2.0,1.0,56.35,1031.0,2.0,515.5,1.0,1,1
Plot Area,3rd Block Banashankari,8.0,2.0,650.0,2400.0,6.0,400.0,1.3333333333333333,1,0
Super built-up Area,Thanisandra,4.0,2.0,240.0,2650.0,4.0,662.5,1.0,1,1
Plot Area,Basaveshwara Nagar,5.0,1.0,415.0,2400.0,5.0,480.0,1.0,1,0
Super built-up Area,Hennur,2.0,2.0,57.0,1259.0,2.0,629.5,1.0,1,1
Built-up Area,Raja Rajeshwari Nagar,3.0,2.0,88.0,1570.0,3.0,523.3333333333334,1.0,1,1
Built-up Area,Bisuvanahalli,2.0,1.0,36.0,1075.0,3.0,358.3333333333333,0.6666666666666666,1,1
Super built-up Area,Whitefield,2.0,1.0,79.0,1216.0,2.0,608.0,1.0,0,1
Super built-up Area,Sarjapur  Road,2.0,2.0,66.0,1428.0,3.0,476.0,0.6666666666666666,1,1
Super built-up Area,Begur Road,2.0,2.0,40.59,1160.0,2.0,580.0,1.0,1,0
Super built-up Area,Doddakannelli,3.0,2.0,70.0,1475.0,3.0,491.6666666666667,1.0,1,1
Super built-up Area,Harlur,3.0,2.0,135.0,1754.0,3.0,584.6666666666666,1.0,1,0
Super built-up Area,Rayasandra,3.0,1.0,83.0,1639.0,3.0,546.3333333333334,1.0,0,0
Super built-up Area,Hennur Road,3.0,2.0,102.0,1804.0,3.0,601.3333333333334,1.0,0,1
Plot Area,Whitefield,3.0,2.0,56.2,1200.0,3.0,400.0,1.0,0,0
Built-up Area,Anand Nagar,2.0,3.0,55.0,1135.0,2.0,567.5,1.0,1,0
Super built-up Area,Begur Road,2.0,2.0,46.62,1260.0,2.0,630.0,1.0,1,1
Built-up Area,Hennur Road,3.0,2.0,160.0,2160.0,3.0,720.0,1.0,1,1
Super built-up Area,Rachenahalli,2.0,2.0,59.5,1220.0,2.0,610.0,1.0,1,0
Plot Area,Margondanahalli,2.0,0.0,67.0,1200.0,2.0,600.0,1.0,1,0
Super built-up Area,Yelahanka,2.0,3.0,65.0,1300.0,2.0,650.0,1.0,1,1
Super built-up Area,Cox Town,1.0,1.0,29.0,605.0,1.0,605.0,1.0,1,1
Super built-up Area,Bhoganhalli,2.0,1.0,75.97,1444.0,2.0,722.0,1.0,0,1
Built-up Area,Amruthahalli,2.0,1.0,45.0,924.0,2.0,462.0,1.0,1,0
Super built-up Area,Kaikondrahalli,2.0,1.0,30.0,1000.0,2.0,500.0,1.0,0,0
Plot Area,Patelappa Layout,3.0,3.0,225.0,1200.0,3.0,400.0,1.0,1,0
Super built-up Area,Bisuvanahalli,2.0,1.0,29.0,845.0,2.0,422.5,1.0,1,1
Super built-up Area,Kanakpura Road,2.0,1.0,35.0,700.0,2.0,350.0,1.0,0,1
Super built-up Area,Kothanur,2.0,2.0,58.0,1187.0,2.0,593.5,1.0,1,0
Super built-up Area,Kaggadasapura,3.0,2.0,55.0,1625.0,3.0,541.6666666666666,1.0,1,1
Plot Area,Devarachikkanahalli,2.0,2.0,83.0,1200.0,2.0,600.0,1.0,1,0
Super built-up Area,Pulkeshi Nagar,2.0,3.0,110.0,1452.55,2.0,726.275,1.0,1,1
Built-up Area,"Thanisandra Main Road,",3.0,2.0,151.0,2357.0,3.0,785.6666666666666,1.0,1,0
Super built-up Area,Kaval Byrasandra,2.0,1.0,49.5,1200.0,2.0,600.0,1.0,1,0
Super built-up Area,Budigere,2.0,2.0,56.85,1139.0,2.0,569.5,1.0,1,1
Built-up Area,Basavangudi,1.0,0.0,97.5,600.0,1.0,600.0,1.0,1,0
Super built-up Area,Kanakpura Road,3.0,3.0,75.0,1660.0,3.0,553.3333333333334,1.0,1,1
Super built-up Area,Jayanagar,2.0,3.0,105.0,1170.0,2.0,585.0,1.0,1,1
Super built-up Area,Somasundara Palya,2.0,2.0,68.0,1448.0,2.0,724.0,1.0,1,1
Super built-up Area,Kadugodi,3.0,3.0,110.0,1762.0,3.0,587.3333333333334,1.0,0,1
Super built-up Area,Kaggadasapura,2.0,1.0,38.65,1105.0,2.0,552.5,1.0,1,1
Super built-up Area,Yelahanka,3.0,1.0,105.0,1825.0,3.0,608.3333333333334,1.0,0,1
Super built-up Area,Thanisandra,2.0,2.0,43.0,1185.0,2.0,592.5,1.0,1,1
Built-up Area,Electronic City Phase II,2.0,1.0,38.12,1320.0,3.0,440.0,0.6666666666666666,0,1
Super built-up Area,Hulimavu,2.0,1.0,48.0,1058.0,2.0,529.0,1.0,1,1
Super built-up Area,Bellandur,2.0,2.0,60.0,1220.0,2.0,610.0,1.0,1,0
Super built-up Area,Sarjapur,2.0,1.0,25.0,925.0,2.0,462.5,1.0,0,0
Super built-up Area,Old Madras Road,2.0,1.0,72.0,1200.0,2.0,600.0,1.0,0,1
Super built-up Area,Kengeri,2.0,2.0,40.6,1160.0,3.0,386.6666666666667,0.6666666666666666,1,0
Super built-up Area,banashankari stage iii sa,3.0,2.0,91.72,1411.0,3.0,470.3333333333333,1.0,0,0
Super built-up Area,Bannerghatta Road,3.0,2.0,78.0,1550.0,3.0,516.6666666666666,1.0,1,1
Super built-up Area,Green Glen Layout,4.0,3.0,230.0,3250.0,4.0,812.5,1.0,1,0
Super built-up Area,Haralur Road,4.0,,130.0,2475.0,3.0,825.0,1.3333333333333333,1,1
Super built-up Area,Jakkur,,,260.5,3181.0,4.0,795.25,,0,1
Super built-up Area,7th Phase JP Nagar,4.0,0.0,188.0,2503.0,4.0,625.75,1.0,0,1
Super built-up Area,Marathahalli,5.0,2.0,190.0,2524.0,4.0,631.0,1.25,1,1
Super built-up Area,Kaggadasapura,2.0,2.0,42.0,1063.0,2.0,531.5,1.0,1,0
Super built-up Area,Kanakpura Road,2.0,1.0,37.7,1077.0,2.0,538.5,1.0,1,0
Super built-up Area,Manayata Tech Park,3.0,2.0,44.0,1200.0,2.0,600.0,1.5,1,0
Built-up Area,Hosakerehalli,3.0,2.0,70.0,1500.0,4.0,375.0,0.75,1,0
Super built-up Area,Jalahalli,2.0,2.0,76.77,1045.0,2.0,522.5,1.0,1,1
Super built-up Area,Kanakapura,2.0,3.0,45.15,1290.0,3.0,430.0,0.6666666666666666,1,1
Super built-up Area,Hoodi,2.0,1.0,78.0,1400.0,2.0,700.0,1.0,1,1
Built-up Area,Begur Road,3.0,2.0,58.14,1600.0,3.0,533.3333333333334,1.0,1,0
Super built-up Area,Jayanagar,3.0,3.0,375.0,3095.0,3.0,1031.6666666666667,1.0,1,0
Super built-up Area,Nagavara,2.0,1.0,58.0,1545.0,3.0,515.0,0.6666666666666666,1,0
Super built-up Area,Sarjapur  Road,3.0,1.0,112.0,1680.0,3.0,560.0,1.0,1,1
Built-up Area,Amruthnagar,2.0,1.0,67.5,1350.0,2.0,675.0,1.0,1,0
Super built-up Area,Gottigere,2.0,1.0,38.0,950.0,2.0,475.0,1.0,1,0
Super built-up Area,Thanisandra,2.0,2.0,45.0,1050.0,2.0,525.0,1.0,1,0
Super built-up Area,Banashankari Stage V,2.0,2.0,49.0,1305.0,3.0,435.0,0.6666666666666666,1,0
Built-up Area,Kodichikkanahalli,7.0,2.0,125.0,2700.0,5.0,540.0,1.4,0,0
Plot Area,MS Pallya,3.0,1.0,78.0,1100.0,3.0,366.6666666666667,1.0,1,0
Built-up Area,Thanisandra,5.0,0.0,160.0,3500.0,6.0,583.3333333333334,0.8333333333333334,1,0
Super built-up Area,Begur Road,3.0,1.0,83.33,1634.0,3.0,544.6666666666666,1.0,0,1
Super built-up Area,Prithvi Layout,2.0,2.0,85.0,1352.0,2.0,676.0,1.0,1,1
Super built-up Area,Balagere,2.0,2.0,65.0,1145.0,2.0,572.5,1.0,0,1
Super built-up Area,Alfa Garden Layout,2.0,,43.79,1240.0,2.0,620.0,1.0,0,0
Super built-up Area,7th Phase JP Nagar,3.0,2.0,190.0,2200.0,3.0,733.3333333333334,1.0,1,1
Super built-up Area,Bommasandra Industrial Area,2.0,1.0,39.0,1020.0,2.0,510.0,1.0,0,0
Super built-up Area,Palace Guttahalli,4.0,,365.0,3600.0,4.0,900.0,1.0,1,0
Super built-up Area,Raja Rajeshwari Nagar,2.0,1.0,61.0,1168.0,2.0,584.0,1.0,0,1
Super built-up Area,Electronic City Phase II,2.0,1.0,75.0,1205.0,2.0,602.5,1.0,0,1
Super built-up Area,Yeshwanthpur,2.0,2.0,100.0,1195.0,2.0,597.5,1.0,1,1
Built-up Area,CV Raman Nagar,2.0,1.0,49.0,1028.0,2.0,514.0,1.0,1,0
Super built-up Area,Akshya Nagar,2.0,2.0,48.27,1175.0,2.0,587.5,1.0,1,0
Super built-up Area,Pai Layout,2.0,2.0,90.0,1550.0,3.0,516.6666666666666,0.6666666666666666,1,1
Super built-up Area,Yeshwanthpur,3.0,2.0,165.0,1826.0,3.0,608.6666666666666,1.0,1,0
Plot Area,Hoodi,5.0,2.0,160.0,2400.0,5.0,480.0,1.0,1,0
Super built-up Area,Yelahanka,3.0,2.0,96.0,1603.0,3.0,534.3333333333334,1.0,1,1
Built-up Area,Marathahalli,3.0,1.0,72.0,1350.0,3.0,450.0,1.0,1,0
Built-up Area,KR Puram,1.0,1.0,28.0,714.0,1.0,714.0,1.0,1,0
Super built-up Area,Whitefield,2.0,3.0,65.0,1215.0,2.0,607.5,1.0,0,0
Built-up Area,Malleshpalya,2.0,2.0,77.0,1405.0,3.0,468.3333333333333,0.6666666666666666,1,1
Super built-up Area,KR Puram,2.0,1.0,51.0,1142.0,2.0,571.0,1.0,1,1
Built-up Area,Akshaya Vana,4.0,3.0,170.0,4000.0,4.0,1000.0,1.0,1,0
Super built-up Area,Whitefield,3.0,2.0,90.0,1870.0,3.0,623.3333333333334,1.0,1,1
Super built-up Area,Subramanyapura,2.0,2.0,73.0,1313.0,2.0,656.5,1.0,1,1
Built-up Area,Hennur Gardens,3.0,3.0,120.0,1945.0,3.0,648.3333333333334,1.0,1,1
Super built-up Area,Thanisandra,3.0,2.0,95.0,1573.0,3.0,524.3333333333334,1.0,0,1
Super built-up Area,Sarjapur  Road,2.0,1.0,92.0,1255.0,2.0,627.5,1.0,1,1
Super built-up Area,Benson Town,3.0,2.0,91.15,1400.0,4.0,350.0,0.75,1,0
Super built-up Area,Kannamangala,2.0,2.0,43.63,1235.0,2.0,617.5,1.0,0,0
Super built-up Area,Sarjapur  Road,2.0,1.0,52.0,1380.0,3.0,460.0,0.6666666666666666,1,1
Super built-up Area,Chennammana Kere,2.0,3.0,74.72,1465.0,3.0,488.3333333333333,0.6666666666666666,0,0
Super built-up Area,Thigalarapalya,2.0,2.0,103.0,1418.0,2.0,709.0,1.0,1,0
Super built-up Area,Victoria Layout,3.0,1.0,165.0,1650.0,3.0,550.0,1.0,1,0
Built-up Area,Anekal,1.0,1.0,16.0,351.0,1.0,351.0,1.0,1,0
Super built-up Area,Uttarahalli,2.0,2.0,48.0,1279.0,2.0,639.5,1.0,1,1
Built-up Area,Kasavanhalli,3.0,1.0,200.0,1870.0,3.0,623.3333333333334,1.0,1,0
Plot Area,BCC Layout,5.0,1.0,230.0,1500.0,4.0,375.0,1.25,1,0
Super built-up Area,Hebbal,2.0,2.0,250.0,2526.0,3.0,842.0,0.6666666666666666,0,1
Plot Area,Mathikere,2.0,1.0,150.0,1550.0,3.0,516.6666666666666,0.6666666666666666,1,0
Super built-up Area,Rajaji Nagar,,,424.5,3539.5,4.0,884.875,,1,1
Super built-up Area,Uttarahalli,2.0,1.0,68.27,1845.0,3.0,615.0,0.6666666666666666,0,1
Super built-up Area,Motappa Layout,2.0,1.0,59.27,1360.0,3.0,453.3333333333333,0.6666666666666666,1,1
Built-up Area,Friends Colony,2.0,1.0,75.0,1150.0,3.0,383.3333333333333,0.6666666666666666,1,0
Super built-up Area,Whitefield,2.0,2.0,49.5,1260.0,2.0,630.0,1.0,1,1
Plot Area,Doddabidrakallu,3.0,1.0,74.0,1200.0,3.0,400.0,1.0,1,0
Built-up Area,Dasanapura,2.0,1.0,42.5,965.0,2.0,482.5,1.0,1,1
Built-up Area,Hoodi,2.0,3.0,48.0,1350.0,3.0,450.0,0.6666666666666666,1,1
Super built-up Area,Bhoganhalli,2.0,1.0,75.97,1447.0,2.0,723.5,1.0,0,1
Super built-up Area,Arehalli,3.0,1.0,86.03,1229.0,3.0,409.6666666666667,1.0,1,0
Super built-up Area,Kudlu,2.0,2.0,43.0,1027.0,2.0,513.5,1.0,1,0
Super built-up Area,Gottigere,2.0,1.0,48.5,1153.0,2.0,576.5,1.0,1,1
Super built-up Area,Whitefield,5.0,0.0,145.5,2856.0,4.0,714.0,1.25,0,1
Super built-up Area,Malleshpalya,2.0,2.0,50.0,1065.0,2.0,532.5,1.0,1,1
Built-up Area,Tala Cauvery Layout,2.0,3.0,61.0,1030.0,2.0,515.0,1.0,1,1
Super built-up Area,Mallasandra,2.0,2.0,61.0,1340.0,2.0,670.0,1.0,1,0
Built-up Area,Sri Balaji Krupa Layout,1.0,0.0,32.0,600.0,1.0,600.0,1.0,1,0
Super built-up Area,Begur Road,2.0,3.0,44.42,1410.0,3.0,470.0,0.6666666666666666,1,1
Super built-up Area,Varthur,2.0,2.0,45.35,1055.0,2.0,527.5,1.0,0,1
Super built-up Area,Yelahanka,2.0,1.0,79.0,1304.0,2.0,652.0,1.0,0,1
Super built-up Area,Sadashiva Nagar,4.0,1.0,485.0,2720.0,4.0,680.0,1.0,0,0
Built-up Area,Kammasandra,2.0,1.0,31.5,990.0,2.0,495.0,1.0,1,1
Super built-up Area,7th Phase JP Nagar,2.0,1.0,39.33,1035.0,2.0,517.5,1.0,1,0
Super built-up Area,Tumkur Road,1.0,0.0,30.09,700.0,1.0,700.0,1.0,0,1
Super built-up Area,Sonnenahalli,2.0,2.0,43.0,1120.0,2.0,560.0,1.0,1,0
Super built-up Area,Haralur Road,2.0,2.0,73.0,1300.0,2.0,650.0,1.0,1,1
Super built-up Area,Tumkur Road,2.0,1.0,82.0,1239.0,2.0,619.5,1.0,0,1
Super built-up Area,Hosa Road,2.0,1.0,92.0,1365.0,2.0,682.5,1.0,1,1
Super built-up Area,8th block Koramangala,2.0,1.0,135.0,1165.0,2.0,582.5,1.0,1,1
Super built-up Area,Subramanyapura,2.0,3.0,45.19,1130.0,3.0,376.6666666666667,0.6666666666666666,1,0
Super built-up Area,Green Glen Layout,3.0,2.0,105.0,1776.42,3.0,592.14,1.0,1,1
Super built-up Area,Bidadi,2.0,2.0,33.0,1107.0,2.0,553.5,1.0,1,1
Super built-up Area,Nagavara,3.0,2.0,180.0,2319.0,3.0,773.0,1.0,1,0
Super built-up Area,Nallurhalli,3.0,3.0,80.0,1520.0,3.0,506.6666666666667,1.0,1,1
Super built-up Area,Kannamangala,3.0,1.0,89.0,1536.0,3.0,512.0,1.0,0,1
Built-up Area,Teachers Colony,4.0,2.0,240.0,3000.0,4.0,750.0,1.0,1,0
Super built-up Area,Belathur,2.0,1.0,38.0,1050.0,2.0,525.0,1.0,1,1
Super built-up Area,Hoodi,3.0,2.0,146.0,1850.0,3.0,616.6666666666666,1.0,0,1
Super built-up Area,Billekahalli,2.0,2.0,62.0,1112.0,2.0,556.0,1.0,1,1
Super built-up Area,Marathahalli,3.0,2.0,72.5,1535.0,3.0,511.6666666666667,1.0,1,0
Built-up Area,Kanakpura Road,2.0,1.0,35.0,1050.0,2.0,525.0,1.0,1,0
Plot Area,Banashankari,3.0,2.0,370.0,2400.0,4.0,600.0,0.75,1,0
Super built-up Area,7th Phase JP Nagar,3.0,2.0,65.0,1250.0,3.0,416.6666666666667,1.0,1,1
Super built-up Area,Kalena Agrahara,2.0,3.0,52.0,1187.0,2.0,593.5,1.0,1,1
Built-up Area,9th Phase JP Nagar,2.0,1.0,56.0,1164.0,2.0,582.0,1.0,1,0
Super built-up Area,Electronic City Phase II,2.0,1.0,62.78,1395.0,3.0,465.0,0.6666666666666666,0,1
Super built-up Area,Arekere,3.0,2.0,108.0,2072.0,3.0,690.6666666666666,1.0,0,1
Super built-up Area,Kanakpura Road,3.0,3.0,60.91,1450.0,3.0,483.3333333333333,1.0,1,1
Super built-up Area,Bannerghatta Road,3.0,2.0,82.0,1550.0,3.0,516.6666666666666,1.0,1,1
Super built-up Area,Sampige Layout,2.0,2.0,90.0,1315.0,2.0,657.5,1.0,1,0
Super built-up Area,Hebbal,4.0,3.0,230.0,3067.0,4.0,766.75,1.0,0,1
Super built-up Area,Amruthnagar,2.0,2.0,72.0,1210.0,2.0,605.0,1.0,1,1
Super built-up Area,Bisuvanahalli,2.0,1.0,47.0,1075.0,3.0,358.3333333333333,0.6666666666666666,1,1
Super built-up Area,Virgonagar,3.0,1.0,42.2,1215.0,3.0,405.0,1.0,0,0
Built-up Area,Kaggadasapura,2.0,2.0,75.0,1470.0,3.0,490.0,0.6666666666666666,1,1
Plot Area,Dodsworth Layout,4.0,,2100.0,30000.0,4.0,7500.0,1.0,0,0
Built-up Area,Hosur Road,2.0,2.0,125.0,1590.0,3.0,530.0,0.6666666666666666,1,1
Super built-up Area,Kanakpura Road,2.0,1.0,36.75,1050.0,2.0,525.0,1.0,1,1
Super built-up Area,Raja Rajeshwari Nagar,2.0,1.0,55.91,1306.0,2.0,653.0,1.0,1,1
Built-up Area,Malleshwaram,3.0,2.0,250.0,2000.0,3.0,666.6666666666666,1.0,1,1
Built-up Area,"Kudlu Village,",3.0,2.0,64.0,1445.0,3.0,481.6666666666667,1.0,1,0
Super built-up Area,Sarjapur  Road,3.0,2.0,58.0,1220.0,3.0,406.6666666666667,1.0,1,0
Plot Area,Sarjapur,3.0,1.0,160.0,3190.0,4.0,797.5,0.75,1,1
Super built-up Area,Ramagondanahalli,2.0,1.0,51.26,1215.0,2.0,607.5,1.0,0,1
Built-up Area,Budigere,2.0,1.0,88.0,1920.0,3.0,640.0,0.6666666666666666,1,1
Super built-up Area,Dodda Nekkundi,2.0,2.0,60.0,1390.0,2.0,695.0,1.0,1,0
Super built-up Area,Hoodi,2.0,0.0,71.74,1196.0,2.0,598.0,1.0,0,1
Super built-up Area,Bannerghatta Road,2.0,2.0,75.0,1550.0,3.0,516.6666666666666,0.6666666666666666,1,1
Super built-up Area,Thigalarapalya,2.0,2.0,101.0,1418.0,2.0,709.0,1.0,1,1
Super built-up Area,Varthur Road,3.0,2.0,115.0,1655.0,3.0,551.6666666666666,1.0,0,0
Built-up Area,KR Puram,2.0,2.0,33.45,1115.0,2.0,557.5,1.0,1,1
Super built-up Area,Rajiv Gandhi Nagar,2.0,2.0,68.0,1170.0,2.0,585.0,1.0,1,1
Super built-up Area,Anekal,2.0,2.0,38.3,1035.0,2.0,517.5,1.0,1,1
Super built-up Area,Singasandra,2.0,2.0,58.0,1306.0,3.0,435.3333333333333,0.6666666666666666,1,0
Super built-up Area,Kengeri,2.0,2.0,22.0,750.0,2.0,375.0,1.0,0,1
Super built-up Area,Thanisandra,3.0,3.0,122.0,1917.0,3.0,639.0,1.0,1,1
Super built-up Area,Kaggadasapura,3.0,3.0,58.0,1615.0,3.0,538.3333333333334,1.0,1,1
Super built-up Area,Marathahalli,2.0,2.0,52.25,1071.0,2.0,535.5,1.0,1,0
Super built-up Area,Koramangala,2.0,2.0,119.0,1325.0,2.0,662.5,1.0,1,1
Plot Area,Malleshwaram,4.0,2.0,900.0,3000.0,7.0,428.57142857142856,0.5714285714285714,1,0
Super built-up Area,5th Phase JP Nagar,2.0,1.0,88.0,1400.0,3.0,466.6666666666667,0.6666666666666666,1,0
Super built-up Area,Tumkur Road,2.0,1.0,82.0,1246.0,2.0,623.0,1.0,0,1
Built-up Area,Sarjapur,2.0,0.0,40.0,1215.0,2.0,607.5,1.0,1,1
Super built-up Area,Munnekollal,2.0,2.0,49.5,1200.0,2.0,600.0,1.0,1,1
Super built-up Area,Kodigehaali,2.0,2.0,60.0,1200.0,2.0,600.0,1.0,1,1
Built-up Area,Kaval Byrasandra,2.0,2.0,50.0,945.0,2.0,472.5,1.0,1,0
Super built-up Area,Benson Town,5.0,,650.0,4460.0,4.0,1115.0,1.25,1,0
Super built-up Area,Hormavu,2.0,1.0,52.0,1175.0,2.0,587.5,1.0,1,1
Super built-up Area,Whitefield,2.0,1.0,63.0,920.0,2.0,460.0,1.0,1,1
Super built-up Area,Hosakerehalli,5.0,1.0,350.0,3024.0,4.0,756.0,1.25,1,1
Plot Area,Bidadi,2.0,2.0,110.0,1600.0,2.0,800.0,1.0,1,0
Plot Area,Sector 4 HSR Layout,4.0,,700.0,2400.0,4.0,600.0,1.0,1,0
Built-up Area,Bhagyalakshmi Avenue,1.0,2.0,34.01,955.0,2.0,477.5,0.5,1,1
Super built-up Area,Ardendale,3.0,3.0,100.0,1750.0,3.0,583.3333333333334,1.0,1,1
Super built-up Area,Uttarahalli,2.0,2.0,64.0,1425.0,3.0,475.0,0.6666666666666666,1,1
Super built-up Area,Basavangudi,3.0,2.0,265.0,2150.0,3.0,716.6666666666666,1.0,1,1
Super built-up Area,Whitefield,2.0,1.0,40.5,1165.0,2.0,582.5,1.0,0,0
Super built-up Area,Kaggadasapura,2.0,2.0,48.0,1050.0,2.0,525.0,1.0,1,1
Super built-up Area,Cholanayakanahalli,2.0,2.0,75.0,1370.0,3.0,456.6666666666667,0.6666666666666666,1,1
Super built-up Area,Electronic City,2.0,1.0,72.0,1374.0,3.0,458.0,0.6666666666666666,0,1
Super built-up Area,Harlur,3.0,2.0,124.0,1754.0,3.0,584.6666666666666,1.0,1,1
Super built-up Area,Kothanur,3.0,2.0,110.0,1847.0,3.0,615.6666666666666,1.0,1,1
Super built-up Area,Ambedkar Nagar,4.0,3.0,139.0,1850.0,3.0,616.6666666666666,1.3333333333333333,1,1
Plot Area,Chikka Tirupathi,3.0,1.0,135.0,3297.0,3.0,1099.0,1.0,0,1
Super built-up Area,Doddakannelli,2.0,2.0,45.0,1187.0,2.0,593.5,1.0,1,1
Built-up Area,Bommasandra Industrial Area,2.0,1.0,40.44,1400.0,3.0,466.6666666666667,0.6666666666666666,0,0
Super built-up Area,Chamrajpet,2.0,3.0,180.0,1350.0,2.0,675.0,1.0,1,0
Plot Area,Doddaballapur,2.0,2.0,120.0,3000.0,3.0,1000.0,0.6666666666666666,1,1
Super built-up Area,Thanisandra,1.0,1.0,34.3,693.0,1.0,693.0,1.0,0,1
Super built-up Area,Dairy Circle,3.0,2.0,224.0,1980.0,3.0,660.0,1.0,0,1
Super built-up Area,KR Puram,2.0,1.0,48.0,1021.0,2.0,510.5,1.0,1,1
Super built-up Area,Thigalarapalya,2.0,2.0,95.0,1165.0,2.0,582.5,1.0,1,1
Super built-up Area,Horamavu Agara,3.0,2.0,92.0,1756.0,3.0,585.3333333333334,1.0,0,1
Super built-up Area,Bharathi Nagar,3.0,1.0,105.0,1739.0,3.0,579.6666666666666,1.0,1,1
Super built-up Area,Varthur,2.0,,65.0,1280.0,2.0,640.0,1.0,1,1
Super built-up Area,Marathahalli,2.0,2.0,58.86,1215.0,2.0,607.5,1.0,1,0
Super built-up Area,Munnekollal,2.0,1.0,46.5,950.0,2.0,475.0,1.0,0,1
Built-up Area,Kengeri,2.0,1.0,49.0,1082.0,3.0,360.6666666666667,0.6666666666666666,1,0
Super built-up Area,Devanahalli,2.0,0.0,53.35,1080.0,2.0,540.0,1.0,1,1
Super built-up Area,Arekere,2.0,2.0,55.0,1100.0,2.0,550.0,1.0,1,1
Plot Area,Ardendale,4.0,1.0,205.0,3200.0,4.0,800.0,1.0,1,1
Super built-up Area,Sarjapur  Road,2.0,1.0,78.0,1311.0,2.0,655.5,1.0,1,1
Super built-up Area,Raja Rajeshwari Nagar,3.0,1.0,67.98,1608.0,3.0,536.0,1.0,1,1
Super built-up Area,Begur Road,2.0,2.0,36.0,1160.0,2.0,580.0,1.0,1,0
Super built-up Area,Whitefield,2.0,1.0,71.0,1170.0,2.0,585.0,1.0,1,1
Super built-up Area,Kengeri,2.0,2.0,40.6,1155.0,2.0,577.5,1.0,1,0
Super built-up Area,Hebbal,2.0,1.0,77.68,1255.0,3.0,418.3333333333333,0.6666666666666666,0,1
Super built-up Area,Rayasandra,2.0,2.0,44.95,1065.0,2.0,532.5,1.0,1,0
Super built-up Area,Neeladri Nagar,1.0,1.0,21.0,674.0,1.0,674.0,1.0,1,1
Super built-up Area,Ambedkar Nagar,4.0,2.0,126.0,1936.0,3.0,645.3333333333334,1.3333333333333333,1,0
Super built-up Area,Sarakki Nagar,3.0,2.0,260.0,2289.0,3.0,763.0,1.0,0,0
Super built-up Area,Abbaiah Reddy Layout,2.0,1.0,38.45,1100.0,2.0,550.0,1.0,1,0
Super built-up Area,Ramagondanahalli,4.0,2.0,157.0,2257.0,3.0,752.3333333333334,1.3333333333333333,1,1
Super built-up Area,Nagarbhavi,2.0,2.0,55.0,1055.0,2.0,527.5,1.0,1,0
Super built-up Area,Raja Rajeshwari Nagar,3.0,3.0,51.87,1530.0,3.0,510.0,1.0,1,1
Super built-up Area,Dinnur,3.0,1.0,97.0,1700.0,3.0,566.6666666666666,1.0,1,0
Super built-up Area,Raja Rajeshwari Nagar,2.0,2.0,78.0,1575.0,3.0,525.0,0.6666666666666666,1,1
Built-up Area,Frazer Town,4.0,2.0,330.0,3500.0,3.0,1166.6666666666667,1.3333333333333333,1,1
Super built-up Area,Rajiv Nagar,2.0,1.0,93.32,1263.0,2.0,631.5,1.0,1,1
Super built-up Area,KR Puram,3.0,0.0,69.315,1559.0,3.0,519.6666666666666,1.0,1,1
Super built-up Area,Kengeri Satellite Town,2.0,2.0,65.0,1043.0,2.0,521.5,1.0,1,1
Super built-up Area,Hennur,2.0,2.0,53.5,1255.0,2.0,627.5,1.0,1,1
Super built-up Area,JP Nagar,2.0,0.0,93.865,1352.5,2.0,676.25,1.0,0,1
Super built-up Area,Chandapura,1.0,0.0,13.57,590.0,1.0,590.0,1.0,0,1
Plot Area,Yelahanka,3.0,1.0,120.0,1550.0,3.0,516.6666666666666,1.0,1,1
Super built-up Area,Sarjapur  Road,3.0,3.0,56.0,1220.0,3.0,406.6666666666667,1.0,1,0
Super built-up Area,Rustam Bagh Layout,3.0,3.0,160.0,1900.0,3.0,633.3333333333334,1.0,1,1
Super built-up Area,Vasantha Vallabha Nagar,3.0,3.0,55.0,1360.0,3.0,453.3333333333333,1.0,1,0
Built-up Area,Vyalikaval,2.0,1.0,75.0,1100.0,2.0,550.0,1.0,1,0
Super built-up Area,8th Phase JP Nagar,3.0,2.0,73.31,1455.0,3.0,485.0,1.0,0,1
Built-up Area,KR Puram,2.0,1.0,40.5,1035.0,2.0,517.5,1.0,1,1
Super built-up Area,Harlur,2.0,2.0,69.0,1152.0,2.0,576.0,1.0,1,0
Super built-up Area,Bellandur,2.0,2.0,82.0,1299.0,2.0,649.5,1.0,1,1
Super built-up Area,Rachenahalli,2.0,2.0,52.5,1050.0,2.0,525.0,1.0,1,1
Super built-up Area,Pai Layout,2.0,2.0,40.0,1050.0,2.0,525.0,1.0,1,0
Super built-up Area,Vittasandra,2.0,1.0,67.4,1246.0,2.0,623.0,1.0,1,0
Built-up Area,"Sarjapur Road,",3.0,2.0,115.0,1929.0,3.0,643.0,1.0,1,0
Super built-up Area,Hennur,2.0,1.0,60.0,1285.0,2.0,642.5,1.0,1,0
Plot Area,Margondanahalli,2.0,0.0,65.0,1200.0,3.0,400.0,0.6666666666666666,1,0
Built-up Area,"Banaswadi,",4.0,3.0,214.0,3161.0,4.0,790.25,1.0,1,0
Built-up Area,BTM 2nd Stage,3.0,,170.0,1850.0,3.0,616.6666666666666,1.0,1,1
Built-up Area,Sompura,2.0,0.0,37.0,1025.0,3.0,341.6666666666667,0.6666666666666666,1,1
Built-up Area,Malleshwaram,3.0,2.0,80.0,1124.0,2.0,562.0,1.5,1,1
Super built-up Area,Balagere,2.0,1.0,54.59,1012.0,2.0,506.0,1.0,0,1
Super built-up Area,Giri Nagar,5.0,3.0,250.0,4500.0,7.0,642.8571428571429,0.7142857142857143,1,1
Super built-up Area,8th Phase JP Nagar,2.0,2.0,55.0,871.0,2.0,435.5,1.0,1,1
Built-up Area,Chinnapanahalli,2.0,2.0,40.0,1020.0,2.0,510.0,1.0,1,1
Super built-up Area,Rachenahalli,3.0,3.0,73.5,1550.0,3.0,516.6666666666666,1.0,1,1
Plot Area,Anand Nagar,3.0,1.0,420.0,3515.0,3.0,1171.6666666666667,1.0,1,0
Super built-up Area,Akshaya Nagar,2.0,2.0,80.0,1410.0,3.0,470.0,0.6666666666666666,1,1
Plot Area,Chikka Tirupathi,5.0,3.0,150.0,3500.0,4.0,875.0,1.25,0,1
Super built-up Area,Whitefield,2.0,1.0,75.0,1118.0,2.0,559.0,1.0,0,1
Super built-up Area,Thanisandra,2.0,1.0,68.0,1098.0,2.0,549.0,1.0,1,1
Super built-up Area,Kanakapura,2.0,1.0,45.2,1130.0,2.0,565.0,1.0,1,0
Super built-up Area,Sarjapur  Road,2.0,2.0,75.0,1145.0,2.0,572.5,1.0,1,1
Plot Area,Kadugodi,3.0,1.0,80.0,950.0,3.0,316.6666666666667,1.0,1,0
Super built-up Area,Balaji Gardens Layout,2.0,1.0,33.0,1051.0,2.0,525.5,1.0,1,1
Super built-up Area,Marathahalli,2.0,2.0,53.67,1102.0,2.0,551.0,1.0,0,0
Super built-up Area,Jalahalli,2.0,2.0,125.0,1478.0,2.0,739.0,1.0,1,1
Carpet Area,Hebbal,2.0,1.0,50.63,823.0,2.0,411.5,1.0,0,1
Super built-up Area,Abbigere,2.0,1.0,35.0,880.0,2.0,440.0,1.0,0,0
Super built-up Area,Budigere,4.0,2.0,100.0,1991.0,3.0,663.6666666666666,1.3333333333333333,1,1
Built-up Area,TC Palaya,3.0,1.0,50.0,1100.0,3.0,366.6666666666667,1.0,1,0
Super built-up Area,Gubbalala,3.0,2.0,115.0,1745.0,3.0,581.6666666666666,1.0,1,1
Built-up Area,HAL 2nd Stage,3.0,1.0,135.0,1226.0,2.0,613.0,1.5,0,0
Super built-up Area,Devarabeesana Halli,2.0,1.0,70.0,1100.0,2.0,550.0,1.0,1,0
Plot Area,Banashankari Stage VI,4.0,3.0,195.0,1200.0,4.0,300.0,1.0,1,0
Super built-up Area,5th Phase JP Nagar,2.0,1.0,58.0,1450.0,2.0,725.0,1.0,1,1
Super built-up Area,Singasandra,4.0,,120.0,3366.0,4.0,841.5,1.0,1,0
Built-up Area,Sahakara Nagar,2.0,1.0,54.0,1150.0,2.0,575.0,1.0,1,0
Plot Area,Banashankari Stage VI,4.0,2.0,195.0,2200.0,4.0,550.0,1.0,1,0
Built-up Area,Bommanahalli,3.0,2.0,44.0,1090.0,2.0,545.0,1.5,1,0
Super built-up Area,Kaggadasapura,2.0,2.0,42.0,1132.0,2.0,566.0,1.0,1,1
Super built-up Area,Hulimavu,2.0,2.0,80.0,1375.0,2.0,687.5,1.0,1,1
Plot Area,7th Phase JP Nagar,5.0,3.0,220.0,1500.0,4.0,375.0,1.25,1,0
Super built-up Area,Thanisandra,1.0,2.0,50.3,760.0,1.0,760.0,1.0,1,1
Super built-up Area,Kaggadasapura,2.0,2.0,65.0,1180.0,2.0,590.0,1.0,1,0
Super built-up Area,Jigani,2.0,2.0,45.0,918.0,2.0,459.0,1.0,1,1
Built-up Area,Margondanahalli,1.0,0.0,53.0,1200.0,2.0,600.0,0.5,1,0
Plot Area,1st Block HRBR Layout,7.0,3.0,355.0,2400.0,7.0,342.85714285714283,1.0,1,0
Super built-up Area,Ardendale,3.0,2.0,95.0,1728.0,3.0,576.0,1.0,1,1
Super built-up Area,Malleshwaram,3.0,1.0,275.0,2215.0,3.0,738.3333333333334,1.0,1,1
Super built-up Area,BTM 2nd Stage,2.0,2.0,80.0,1200.0,2.0,600.0,1.0,1,1
Super built-up Area,6th Phase JP Nagar,2.0,,56.0,1280.0,2.0,640.0,1.0,1,1
Super built-up Area,Byrasandra,2.0,2.0,56.0,1455.0,3.0,485.0,0.6666666666666666,1,1
Super built-up Area,Rachenahalli,1.0,0.0,28.0,440.0,1.0,440.0,1.0,0,1
Plot Area,Kanakpura Road,3.0,2.0,97.0,1500.0,3.0,500.0,1.0,1,1
Super built-up Area,Whitefield,3.0,,110.0,1800.0,3.0,600.0,1.0,1,1
Super built-up Area,Mysore Road,3.0,2.0,96.0,1525.0,3.0,508.3333333333333,1.0,1,0
Super built-up Area,Rachenahalli,2.0,3.0,38.5,1204.0,2.0,602.0,1.0,1,0
Super built-up Area,Old Madras Road,2.0,1.0,53.55,1225.0,2.0,612.5,1.0,0,1
Super built-up Area,Bannerghatta Road,3.0,,122.0,1650.0,3.0,550.0,1.0,1,1
Built-up Area,Bikasipura,4.0,2.0,255.0,4200.0,4.0,1050.0,1.0,1,0
Plot Area,Tippenahalli,2.0,0.0,55.0,1200.0,2.0,600.0,1.0,1,0
Super built-up Area,9th Phase JP Nagar,2.0,1.0,42.0,1005.0,2.0,502.5,1.0,1,1
Super built-up Area,Whitefield,3.0,2.0,103.0,1562.0,3.0,520.6666666666666,1.0,0,1
Built-up Area,Devanahalli,5.0,2.0,395.0,5000.0,4.0,1250.0,1.25,1,1
Super built-up Area,Ramamurthy Nagar,2.0,3.0,42.0,1200.0,2.0,600.0,1.0,1,0
Super built-up Area,Kasavanhalli,3.0,2.0,82.5,1555.0,3.0,518.3333333333334,1.0,1,0
Plot Area,KR Puram,2.0,1.0,71.0,1550.0,2.0,775.0,1.0,1,0
Super built-up Area,Whitefield,2.0,2.0,67.0,1190.0,2.0,595.0,1.0,1,1
Built-up Area,Chikkalasandra,2.0,2.0,50.0,1070.0,2.0,535.0,1.0,1,1
Super built-up Area,Jalahalli East,2.0,1.0,42.48,1020.0,2.0,510.0,1.0,1,1
Super built-up Area,Yelahanka,3.0,1.0,115.0,1610.0,3.0,536.6666666666666,1.0,1,0
Super built-up Area,Prestige Sunrise,1.0,1.0,41.0,700.0,1.0,700.0,1.0,1,0
Super built-up Area,Akshaya Vana,2.0,1.0,49.0,1300.0,3.0,433.3333333333333,0.6666666666666666,1,1
Super built-up Area,Hebbal,2.0,1.0,123.0,1420.0,2.0,710.0,1.0,1,1
Carpet Area,Hebbal,3.0,2.0,65.4,1069.0,3.0,356.3333333333333,1.0,0,1
Super built-up Area,Marathahalli,3.0,3.0,123.0,1900.0,3.0,633.3333333333334,1.0,1,1
Super built-up Area,Old Airport Road,2.0,1.0,97.65,1655.0,2.0,827.5,1.0,0,1
Super built-up Area,Uttarahalli,2.0,2.0,40.42,1155.0,2.0,577.5,1.0,1,1
Built-up Area,Sarjapur  Road,2.0,2.0,70.0,1300.0,3.0,433.3333333333333,0.6666666666666666,1,1
Super built-up Area,Electronic City,2.0,2.0,45.0,1100.0,2.0,550.0,1.0,1,1
Super built-up Area,Doddathoguru,2.0,2.0,42.0,1030.0,2.0,515.0,1.0,1,1
Super built-up Area,Vittasandra,2.0,1.0,70.2,2105.0,2.0,1052.5,1.0,1,1
Built-up Area,Bhoganhalli,3.0,2.0,126.0,1700.0,3.0,566.6666666666666,1.0,1,1
Super built-up Area,Jakkur,3.0,2.0,139.0,1760.0,3.0,586.6666666666666,1.0,1,1
Built-up Area,Kadugodi,9.0,0.0,200.0,6200.0,9.0,688.8888888888889,1.0,1,0
Built-up Area,1st Stage Indira Nagar,2.0,1.0,67.0,1400.0,2.0,700.0,1.0,1,0
Super built-up Area,Srigandada Kaval,2.0,0.0,53.0,1200.0,2.0,600.0,1.0,1,0
Built-up Area,Bannerghatta Road,2.0,1.0,55.0,912.0,2.0,456.0,1.0,1,1
Super built-up Area,Whitefield,2.0,1.0,48.0,1102.0,2.0,551.0,1.0,1,0
Super built-up Area,Channasandra Layout,3.0,1.0,55.0,1535.0,3.0,511.6666666666667,1.0,1,1
Super built-up Area,Haralur Road,2.0,2.0,46.0,1243.0,2.0,621.5,1.0,1,1
Super built-up Area,Jigani,2.0,2.0,63.2,918.0,2.0,459.0,1.0,1,1
Super built-up Area,Begur Road,2.0,3.0,70.0,1500.0,3.0,500.0,0.6666666666666666,1,1
Plot Area,Mathikere Extension,3.0,0.0,250.0,3000.0,3.0,1000.0,1.0,1,0
Super built-up Area,Kasavanhalli,3.0,0.0,89.0,1476.0,3.0,492.0,1.0,1,1
Super built-up Area,Mysore Road,2.0,3.0,65.0,1200.0,2.0,600.0,1.0,0,0
Super built-up Area,Vijayanagar,1.0,0.0,34.78,606.0,1.0,606.0,1.0,0,1
Super built-up Area,Viswajit Layout,2.0,3.0,61.0,1100.0,2.0,550.0,1.0,1,0
Super built-up Area,Garudachar Palya,2.0,1.0,59.5,1295.0,3.0,431.6666666666667,0.6666666666666666,1,0
Built-up Area,Neeladri Nagar,1.0,0.0,26.0,527.0,1.0,527.0,1.0,1,1
Super built-up Area,OMBR Layout,2.0,2.0,80.0,1300.0,2.0,650.0,1.0,1,1
Plot Area,Adityanagar,1.0,0.0,41.0,1260.0,1.0,1260.0,1.0,1,0
Built-up Area,Koramangala,2.0,1.0,75.2,1140.0,2.0,570.0,1.0,1,1
Plot Area,BDS Layout,1.0,0.0,37.5,1500.0,1.0,1500.0,1.0,1,0
Super built-up Area,Whitefield,4.0,1.0,128.0,2321.0,3.0,773.6666666666666,1.3333333333333333,0,1
Super built-up Area,Sarjapur  Road,2.0,2.0,62.0,1390.0,2.0,695.0,1.0,1,0
Super built-up Area,Sarjapur  Road,3.0,3.0,90.0,1725.0,3.0,575.0,1.0,1,1
Super built-up Area,Hebbal,4.0,1.0,310.0,3067.0,4.0,766.75,1.0,0,1
Super built-up Area,Hennur Road,2.0,1.0,63.0,1186.0,3.0,395.3333333333333,0.6666666666666666,0,1
Super built-up Area,Kanakpura Road,2.0,1.0,85.0,1230.0,2.0,615.0,1.0,0,1
Built-up Area,Mysore Highway,1.0,1.0,17.0,600.0,1.0,600.0,1.0,1,0
Super built-up Area,Yeshwanthpur,3.0,1.0,96.0,1313.0,3.0,437.6666666666667,1.0,0,0
Super built-up Area,Ambalipura,2.0,2.0,66.25,1250.0,2.0,625.0,1.0,1,0
Super built-up Area,Binny Pete,1.0,1.0,54.0,660.0,1.0,660.0,1.0,0,1
Super built-up Area,Basavangudi,2.0,2.0,105.0,1036.0,2.0,518.0,1.0,1,1
Built-up Area,Koramangala,4.0,3.0,450.0,2700.0,4.0,675.0,1.0,1,0
Super built-up Area,Old Madras Road,2.0,1.0,70.0,1100.0,2.0,550.0,1.0,1,1
Plot Area,BTM 2nd Stage,2.0,1.0,450.0,1500.0,4.0,375.0,0.5,1,0
Built-up Area,Electronics City Phase 1,2.0,1.0,56.0,1015.0,2.0,507.5,1.0,1,1
Plot Area,Gottigere,1.0,0.0,26.0,812.0,1.0,812.0,1.0,1,0
Built-up Area,Narayana Nagar 1st Block,2.0,2.0,65.0,1360.0,3.0,453.3333333333333,0.6666666666666666,1,0
Super built-up Area,Nehru Nagar,3.0,3.0,170.0,2167.0,3.0,722.3333333333334,1.0,1,1
Super built-up Area,Raja Rajeshwari Nagar,2.0,1.0,35.0,1200.0,2.0,600.0,1.0,1,0
Super built-up Area,Gopalkrishna Nagar,2.0,2.0,75.0,1165.0,2.0,582.5,1.0,1,1
Super built-up Area,BTM 2nd Stage,2.0,2.0,70.0,1274.0,2.0,637.0,1.0,1,1
Super built-up Area,Raja Rajeshwari Nagar,2.0,2.0,39.02,1151.0,2.0,575.5,1.0,1,1
Super built-up Area,Thubarahalli,2.0,2.0,120.0,1626.0,3.0,542.0,0.6666666666666666,1,1
Super built-up Area,Banashankari Stage V,2.0,2.0,35.77,1035.0,2.0,517.5,1.0,1,0
Plot Area,Shanthi Layout,4.0,0.0,75.0,1272.0,3.0,424.0,1.3333333333333333,1,0
Built-up Area,Jeevan bima nagar,2.0,1.0,45.0,965.0,2.0,482.5,1.0,1,0
Plot Area,Esther Enclave Layout,5.0,2.0,140.0,1600.0,5.0,320.0,1.0,1,0
Super built-up Area,Kothannur,2.0,1.0,42.79,1070.0,2.0,535.0,1.0,1,0
Built-up Area,Raja Rajeshwari Nagar,2.0,2.0,65.0,1570.0,3.0,523.3333333333334,0.6666666666666666,1,1
Built-up Area,Volagerekallahalli,2.0,2.0,38.0,1053.0,2.0,526.5,1.0,1,1
Super built-up Area,Keerthi Layout,2.0,2.0,25.0,780.0,2.0,390.0,1.0,1,1
Super built-up Area,Ganga Nagar Extension,2.0,1.0,65.0,1000.0,3.0,333.3333333333333,0.6666666666666666,1,0
Plot Area,9th Phase JP Nagar,3.0,2.0,188.0,1200.0,4.0,300.0,0.75,1,0
Built-up Area,Tindlu,7.0,2.0,400.0,7500.0,7.0,1071.4285714285713,1.0,1,0
Built-up Area,5th Phase JP Nagar,2.0,3.0,100.0,1700.0,3.0,566.6666666666666,0.6666666666666666,1,0
Super built-up Area,Haralur Road,3.0,,110.0,1850.0,3.0,616.6666666666666,1.0,1,1
Built-up Area,Kereguddadahalli,2.0,1.0,30.0,904.0,2.0,452.0,1.0,1,1
Super built-up Area,Shikaripalya,2.0,1.0,43.72,1121.0,2.0,560.5,1.0,1,1
Super built-up Area,7th Phase JP Nagar,2.0,2.0,58.17,1385.0,3.0,461.6666666666667,0.6666666666666666,1,1
Super built-up Area,Sahakara Nagar,2.0,1.0,69.85,1270.0,2.0,635.0,1.0,1,1
Super built-up Area,Kanakpura Road,3.0,3.0,56.0,1450.0,3.0,483.3333333333333,1.0,1,1
Plot Area,Huttanahalli,4.0,2.0,325.0,2400.0,3.0,800.0,1.3333333333333333,1,0
Super built-up Area,Mahadevpura,1.0,1.0,35.0,730.0,1.0,730.0,1.0,1,0
Super built-up Area,Raja Rajeshwari Nagar,3.0,3.0,53.56,1580.0,3.0,526.6666666666666,1.0,1,1
Super built-up Area,Thanisandra,2.0,1.0,50.0,1111.0,2.0,555.5,1.0,1,1
Super built-up Area,Varthur,2.0,2.0,36.0,977.0,2.0,488.5,1.0,1,1
Super built-up Area,Gunjur Palya,1.0,1.0,19.9,674.0,2.0,337.0,0.5,0,0
Plot Area,Sarjapur,4.0,1.0,115.0,2540.0,4.0,635.0,1.0,1,1
Super built-up Area,Jakkur,2.0,1.0,100.0,1290.0,2.0,645.0,1.0,0,1
Super built-up Area,Abbigere,2.0,1.0,32.54,795.0,2.0,397.5,1.0,1,1
Super built-up Area,Kanakpura Road,1.0,1.0,35.0,700.0,2.0,350.0,0.5,0,1
Built-up Area,Ambedkar Colony,1.0,1.0,142.0,1463.0,2.0,731.5,0.5,1,1
Built-up Area,Vijayanagar,3.0,0.0,140.0,1000.0,3.0,333.3333333333333,1.0,1,0
Super built-up Area,Reliable Woods Layout,2.0,2.0,58.0,1306.0,3.0,435.3333333333333,0.6666666666666666,1,0
Super built-up Area,4th T block Jayanagar,3.0,2.0,185.0,2401.0,3.0,800.3333333333334,1.0,1,0
Plot Area,Bommenahalli,3.0,0.0,135.0,1670.0,4.0,417.5,0.75,1,1
Built-up Area,Jayanagar,2.0,3.0,235.0,1875.0,3.0,625.0,0.6666666666666666,1,1
Plot Area,Marsur,3.0,1.0,90.0,1200.0,3.0,400.0,1.0,1,1
Super built-up Area,Dodda Nekkundi,3.0,2.0,121.0,1804.0,3.0,601.3333333333334,1.0,1,0
Super built-up Area,1st Phase JP Nagar,4.0,1.0,210.0,2065.0,3.0,688.3333333333334,1.3333333333333333,1,1
Super built-up Area,Hoskote,3.0,1.0,40.0,1225.0,3.0,408.3333333333333,1.0,1,1
Super built-up Area,Thanisandra,2.0,0.0,58.68,1185.5,2.0,592.75,1.0,0,1
Super built-up Area,Bellandur,2.0,2.0,56.0,900.0,2.0,450.0,1.0,1,1
Super built-up Area,Binny Pete,2.0,1.0,91.0,1350.0,2.0,675.0,1.0,0,1
Super built-up Area,Kaggalipura,1.0,0.0,36.0,700.0,1.0,700.0,1.0,1,1
Super built-up Area,Mysore Road,2.0,0.0,35.175,1005.0,2.0,502.5,1.0,0,1
Super built-up Area,Poorna Pragna Layout,2.0,1.0,46.39,1160.0,2.0,580.0,1.0,1,0
Super built-up Area,Hennur Road,3.0,,99.27,1680.0,3.0,560.0,1.0,1,1
Carpet Area,LB Shastri Nagar,2.0,2.0,55.0,1043.0,2.0,521.5,1.0,1,1
Plot Area,Hoskote,4.0,1.0,120.0,1200.0,4.0,300.0,1.0,1,0
Super built-up Area,Hebbal,2.0,2.0,46.0,1040.0,2.0,520.0,1.0,1,1
Super built-up Area,Tindlu,2.0,2.0,65.0,1357.0,3.0,452.3333333333333,0.6666666666666666,1,1
Super built-up Area,Vibhutipura Extension,2.0,2.0,47.0,1225.0,2.0,612.5,1.0,0,0
Super built-up Area,Yelachenahalli,2.0,2.0,40.0,1130.0,2.0,565.0,1.0,1,0
Built-up Area,Basavangudi,4.0,1.0,150.0,2500.0,4.0,625.0,1.0,1,0
Carpet Area,Sultan Palaya,3.0,3.0,120.0,1700.0,3.0,566.6666666666666,1.0,1,0
Super built-up Area,Doddathoguru,3.0,2.0,65.0,1549.0,3.0,516.3333333333334,1.0,1,1
Super built-up Area,Yeshwanthpur,2.0,2.0,100.0,1400.0,2.0,700.0,1.0,1,1
Super built-up Area,Dodda Nekkundi,2.0,2.0,50.0,1080.0,2.0,540.0,1.0,1,1
Built-up Area,Ulsoor,2.0,2.0,100.0,1180.0,2.0,590.0,1.0,1,1
Super built-up Area,Domlur,3.0,2.0,150.0,1800.0,3.0,600.0,1.0,1,1
Super built-up Area,Haralur Road,2.0,1.0,67.38,1225.0,2.0,612.5,1.0,0,1
Built-up Area,Chandra Layout,1.0,1.0,75.0,890.0,1.0,890.0,1.0,1,0
Super built-up Area,Abbigere,2.0,1.0,39.59,1005.0,2.0,502.5,1.0,1,1
Super built-up Area,Whitefield,2.0,1.0,95.0,1320.0,2.0,660.0,1.0,1,1
Built-up Area,Anandapura,2.0,1.0,50.0,1475.0,4.0,368.75,0.5,1,0
Super built-up Area,Kudlu Gate,,,99.745,1707.0,3.0,569.0,,0,1
Super built-up Area,Hagadur,2.0,2.0,51.0,1110.0,2.0,555.0,1.0,1,1
Plot Area,Popular Colony,2.0,0.0,54.0,1300.0,2.0,650.0,1.0,0,0
Super built-up Area,Electronic City,2.0,1.0,65.35,1128.0,2.0,564.0,1.0,0,1
Super built-up Area,Jakkur,2.0,1.0,100.0,1452.19,2.0,726.095,1.0,0,1
Plot Area,8th block Koramangala,3.0,2.0,290.0,2400.0,3.0,800.0,1.0,1,0
Super built-up Area,Banashankari,4.0,1.0,135.0,2600.0,3.0,866.6666666666666,1.3333333333333333,0,1
Super built-up Area,Sarakki Nagar,4.0,2.0,325.0,2500.0,3.0,833.3333333333334,1.3333333333333333,1,1
Built-up Area,Sanjay nagar,1.0,1.0,35.0,630.0,2.0,315.0,0.5,1,0
Super built-up Area,Hosa Road,2.0,2.0,48.5,1243.0,2.0,621.5,1.0,1,0
Built-up Area,Soundarya Layout,2.0,2.0,32.0,960.0,2.0,480.0,1.0,1,1
Super built-up Area,"Banashankari 6th Stage ,Subramanyapura",3.0,2.0,100.0,1690.0,3.0,563.3333333333334,1.0,1,0
Built-up Area,Whitefield,2.0,1.0,35.0,735.0,2.0,367.5,1.0,1,1
Super built-up Area,Banaswadi,2.0,2.0,73.0,1365.0,2.0,682.5,1.0,1,0
Super built-up Area,Rajaji Nagar,5.0,0.0,300.0,2849.0,5.0,569.8,1.0,1,1
Super built-up Area,Hebbal,2.0,1.0,99.39,1420.0,2.0,710.0,1.0,1,1
Super built-up Area,Somasundara Palya,3.0,3.0,68.0,1570.0,3.0,523.3333333333334,1.0,1,0
Super built-up Area,Bisuvanahalli,1.0,1.0,32.0,850.0,2.0,425.0,0.5,1,1
Super built-up Area,7th Phase JP Nagar,2.0,2.0,110.0,1575.0,3.0,525.0,0.6666666666666666,1,1
Super built-up Area,Thigalarapalya,2.0,2.0,104.0,1418.0,2.0,709.0,1.0,1,1
Super built-up Area,Uttarahalli,2.0,1.0,42.0,1050.0,2.0,525.0,1.0,1,0
Super built-up Area,Hennur Road,2.0,1.0,42.6,1065.0,2.0,532.5,1.0,1,1
Built-up Area,Ulsoor,3.0,0.0,90.0,1340.0,3.0,446.6666666666667,1.0,1,0
Super built-up Area,Yelahanka New Town,3.0,2.0,92.0,1610.0,3.0,536.6666666666666,1.0,1,0
Built-up Area,Electronic City Phase II,2.0,1.0,33.5,1160.0,2.0,580.0,1.0,0,1
Super built-up Area,Kudlu,2.0,2.0,44.0,1092.0,2.0,546.0,1.0,1,1
Super built-up Area,Yelahanka,3.0,1.0,61.5,1455.0,3.0,485.0,1.0,1,1
Super built-up Area,Abbigere,1.0,0.0,19.82,734.0,1.0,734.0,1.0,0,1
Built-up Area,Samethanahalli,2.0,1.0,38.0,799.0,2.0,399.5,1.0,1,1
Built-up Area,Whitefield,3.0,1.0,75.0,1896.0,3.0,632.0,1.0,1,0
Super built-up Area,Ardendale,2.0,1.0,48.0,1100.0,2.0,550.0,1.0,1,1
Built-up Area,Bellandur,2.0,1.0,79.0,1350.0,2.0,675.0,1.0,1,0
Super built-up Area,Amarjyothi Colony,3.0,1.0,61.0,1355.0,3.0,451.6666666666667,1.0,1,0
Plot Area,Pattanagere,2.0,0.0,90.0,1350.0,2.0,675.0,1.0,1,0
Super built-up Area,Cunningham Road,3.0,2.0,864.0,3875.0,3.0,1291.6666666666667,1.0,1,1
Super built-up Area,Kasavanhalli,3.0,2.0,82.0,1493.0,3.0,497.6666666666667,1.0,1,0
Super built-up Area,8th Phase JP Nagar,2.0,1.0,43.91,1098.0,2.0,549.0,1.0,1,1
Super built-up Area,Banashankari,2.0,1.0,170.0,1900.0,3.0,633.3333333333334,0.6666666666666666,1,0
Super built-up Area,Dollars Layout,3.0,2.0,88.0,1460.0,3.0,486.6666666666667,1.0,1,1
Super built-up Area,Frazer Town,4.0,3.0,285.0,2350.0,3.0,783.3333333333334,1.3333333333333333,1,0
Plot Area,Horamavu Banaswadi,5.0,3.0,140.0,1600.0,5.0,320.0,1.0,1,0
Super built-up Area,Varthur,2.0,1.0,32.0,1091.0,2.0,545.5,1.0,1,1
Super built-up Area,Yelahanka,2.0,3.0,42.0,1180.0,2.0,590.0,1.0,1,1
Super built-up Area,Kanakpura Road,3.0,1.0,76.85,1366.0,2.0,683.0,1.5,0,1
Super built-up Area,RMV Extension,3.0,2.0,95.0,1685.0,3.0,561.6666666666666,1.0,1,1
Built-up Area,Koramangala,2.0,3.0,100.0,1260.0,2.0,630.0,1.0,1,1
Plot Area,Whitefield,3.0,2.0,200.0,3010.0,3.0,1003.3333333333334,1.0,1,1
Plot Area,Ramamurthy Nagar,4.0,1.0,140.0,1330.0,3.0,443.3333333333333,1.3333333333333333,1,0
Plot Area,Mallasandra,2.0,0.0,130.0,1200.0,2.0,600.0,1.0,1,0
Super built-up Area,Whitefield,2.0,1.0,96.17,1346.0,2.0,673.0,1.0,0,1
Super built-up Area,Chandapura,1.0,0.0,13.86,630.0,1.0,630.0,1.0,0,1
Super built-up Area,Sarjapur  Road,,,98.94,1476.0,3.0,492.0,,0,1
Super built-up Area,7th Phase JP Nagar,3.0,2.0,140.0,1850.0,3.0,616.6666666666666,1.0,1,1
Plot Area,Frazer Town,2.0,0.0,423.0,2350.0,5.0,470.0,0.4,1,0
Super built-up Area,Electronic City,1.0,1.0,34.0,755.0,2.0,377.5,0.5,1,1
Super built-up Area,Parappana Agrahara,2.0,2.0,46.0,1194.0,2.0,597.0,1.0,1,1
Super built-up Area,Whitefield,5.0,,316.0,3850.0,3.0,1283.3333333333333,1.6666666666666667,0,1
Super built-up Area,Hebbal,4.0,2.0,365.0,4235.0,4.0,1058.75,1.0,0,1
Plot Area,Kurubarahalli,1.0,0.0,52.0,800.0,1.0,800.0,1.0,0,0
Super built-up Area,Rachenahalli,3.0,1.0,195.0,2250.0,3.0,750.0,1.0,1,1
Super built-up Area,Vijayanagar,2.0,2.0,68.0,1352.0,2.0,676.0,1.0,1,1
Super built-up Area,Thanisandra,3.0,2.0,112.0,2002.0,3.0,667.3333333333334,1.0,1,1
Plot Area,Bileshivale,5.0,1.0,280.0,4000.0,4.0,1000.0,1.25,1,1
Built-up Area,Kaval Byrasandra,2.0,2.0,45.0,1060.0,2.0,530.0,1.0,1,1
Super built-up Area,Kanakpura Road,2.0,1.0,59.0,1419.59,3.0,473.19666666666666,0.6666666666666666,1,1
Super built-up Area,Raja Rajeshwari Nagar,2.0,2.0,51.15,1196.0,2.0,598.0,1.0,1,1
Built-up Area,Electronic City,2.0,2.0,35.24,1220.0,3.0,406.6666666666667,0.6666666666666666,0,0
Super built-up Area,Electronics City Phase 1,3.0,2.0,75.0,1595.0,3.0,531.6666666666666,1.0,0,1
Super built-up Area,Banashankari,2.0,3.0,75.0,1260.0,2.0,630.0,1.0,1,1
Super built-up Area,Hebbal,2.0,2.0,47.0,1100.0,2.0,550.0,1.0,1,0
Super built-up Area,Frazer Town,2.0,2.0,140.0,1550.0,2.0,775.0,1.0,1,1
Super built-up Area,ISRO Layout,2.0,3.0,52.0,1180.0,2.0,590.0,1.0,1,0
Plot Area,Electronic City,5.0,1.0,150.0,4000.0,4.0,1000.0,1.25,0,1
Built-up Area,Akshaya Nagar,3.0,2.0,85.0,1662.0,3.0,554.0,1.0,1,1
Super built-up Area,Ambedkar Nagar,3.0,2.0,119.0,1862.0,3.0,620.6666666666666,1.0,1,1
Super built-up Area,Raja Rajeshwari Nagar,2.0,2.0,48.0,1419.0,2.0,709.5,1.0,1,1
Built-up Area,Whitefield,3.0,2.0,43.71,1410.0,3.0,470.0,1.0,0,0
Super built-up Area,Raja Rajeshwari Nagar,2.0,2.0,62.4,1560.0,3.0,520.0,0.6666666666666666,1,1
Super built-up Area,Thanisandra,3.0,3.0,78.0,1634.0,3.0,544.6666666666666,1.0,0,1
Plot Area,Ambedkar Nagar,5.0,3.0,627.0,5530.0,5.0,1106.0,1.0,1,1
Built-up Area,Whitefield,2.0,3.0,44.0,1150.0,3.0,383.3333333333333,0.6666666666666666,1,0
Super built-up Area,Ashirvad Colony,2.0,,53.0,1100.0,2.0,550.0,1.0,0,0
Super built-up Area,Yelahanka,3.0,1.0,65.0,1616.0,3.0,538.6666666666666,1.0,0,0
Super built-up Area,Nagavarapalya,2.0,1.0,99.0,1392.0,2.0,696.0,1.0,0,1
Super built-up Area,Jakkur,3.0,1.0,120.0,1798.0,3.0,599.3333333333334,1.0,0,1
Super built-up Area,Babusapalaya,3.0,3.0,75.0,1675.0,3.0,558.3333333333334,1.0,1,1
Plot Area,Bhuvaneswari Nagar,2.0,1.0,70.0,792.0,2.0,396.0,1.0,1,0
Super built-up Area,Varanasi,4.0,1.0,103.0,2000.0,5.0,400.0,0.8,1,0
Super built-up Area,Hebbal,3.0,2.0,124.0,1700.0,3.0,566.6666666666666,1.0,0,1
Super built-up Area,Hulimavu,2.0,1.0,69.0,1248.0,2.0,624.0,1.0,1,1
Built-up Area,Kalkere,2.0,1.0,54.0,1147.0,2.0,573.5,1.0,1,1
Super built-up Area,Sultan Palaya,2.0,2.0,40.0,1100.0,2.0,550.0,1.0,1,1
Super built-up Area,Vijayanagar,3.0,2.0,115.0,1527.0,3.0,509.0,1.0,1,1
Plot Area,Shantiniketan Layout,5.0,2.0,235.0,2400.0,5.0,480.0,1.0,1,0
Super built-up Area,Kanakpura Road,1.0,1.0,25.0,525.0,1.0,525.0,1.0,0,1
Super built-up Area,Kaggadasapura,2.0,3.0,58.0,1100.0,2.0,550.0,1.0,1,1
Super built-up Area,Seegehalli,2.0,2.0,37.5,1118.0,2.0,559.0,1.0,0,0
Super built-up Area,Kanakapura,3.0,1.0,75.0,1476.0,3.0,492.0,1.0,0,0
Built-up Area,Gopal Reddy Layout,3.0,1.0,75.0,2100.0,3.0,700.0,1.0,1,1
Super built-up Area,Roopena Agrahara,2.0,2.0,46.5,1215.0,3.0,405.0,0.6666666666666666,0,0
Super built-up Area,Ambalipura,2.0,1.0,79.0,1332.0,2.0,666.0,1.0,1,1
Super built-up Area,Hennur Road,2.0,3.0,49.0,1350.0,2.0,675.0,1.0,1,0
Super built-up Area,NGR Layout,2.0,2.0,49.73,1105.0,2.0,552.5,1.0,1,0
Plot Area,Padmanabhanagar,2.0,1.0,200.0,1500.0,3.0,500.0,0.6666666666666666,1,0
Super built-up Area,Kasavanhalli,2.0,2.0,50.0,1200.0,2.0,600.0,1.0,1,1
Super built-up Area,Ramagondanahalli,2.0,1.0,47.4,1251.0,2.0,625.5,1.0,0,1
Super built-up Area,Pai Layout,2.0,3.0,67.0,1400.0,3.0,466.6666666666667,0.6666666666666666,1,1
Super built-up Area,Rajaji Nagar,3.0,3.0,260.0,1800.0,3.0,600.0,1.0,1,1
Super built-up Area,Hegde Nagar,3.0,2.0,113.0,1703.0,3.0,567.6666666666666,1.0,1,1
Super built-up Area,NRI Layout,5.0,3.0,130.0,2500.0,5.0,500.0,1.0,1,0
Super built-up Area,Varthur,3.0,,71.0,1250.0,3.0,416.6666666666667,1.0,1,0
Super built-up Area,Jigani,2.0,2.0,43.0,933.0,2.0,466.5,1.0,1,1
Plot Area,sankeswari,1.0,1.0,31.7,461.82,1.0,461.82,1.0,1,0
Super built-up Area,Brookefield,2.0,1.0,75.0,1262.0,2.0,631.0,1.0,1,1
Super built-up Area,Yelahanka,2.0,2.0,48.0,915.0,2.0,457.5,1.0,1,1
Super built-up Area,Panathur,2.0,2.0,61.5,1370.0,3.0,456.6666666666667,0.6666666666666666,1,1
Super built-up Area,Malleshpalya,2.0,3.0,55.0,1210.0,2.0,605.0,1.0,1,1
Super built-up Area,Kodihalli,4.0,2.0,260.0,2392.0,3.0,797.3333333333334,1.3333333333333333,1,1
Plot Area,T c palya,2.0,0.0,85.0,1500.0,3.0,500.0,0.6666666666666666,0,0
Super built-up Area,Govindraja Nagar,2.0,3.0,50.0,1065.0,2.0,532.5,1.0,1,0
Super built-up Area,Rajaji Nagar,4.0,2.0,570.0,3100.0,4.0,775.0,1.0,1,0
Super built-up Area,Ramamurthy Nagar,3.0,3.0,65.0,1515.0,3.0,505.0,1.0,1,0
Plot Area,Sarjapura - Attibele Road,4.0,,110.0,1800.0,4.0,450.0,1.0,0,0
Super built-up Area,Thanisandra,2.0,3.0,40.31,1445.0,3.0,481.6666666666667,0.6666666666666666,1,1
Super built-up Area,Uttarahalli,2.0,1.0,55.0,1300.0,3.0,433.3333333333333,0.6666666666666666,1,1
Built-up Area,Vijayanagar,2.0,0.0,60.0,989.0,2.0,494.5,1.0,1,0
Super built-up Area,Jakkur,2.0,1.0,85.0,1300.0,2.0,650.0,1.0,1,1
Super built-up Area,Chandapura,2.0,2.0,30.22,1185.0,3.0,395.0,0.6666666666666666,0,1
Super built-up Area,Marathahalli,2.0,3.0,60.0,1045.0,2.0,522.5,1.0,1,0
Super built-up Area,Virat Nagar,2.0,2.0,42.18,1205.0,2.0,602.5,1.0,0,0
Super built-up Area,Chennammanakere Achukattu,2.0,1.0,75.0,1260.0,2.0,630.0,1.0,1,0
Super built-up Area,Ulsoor,2.0,2.0,125.0,1500.0,3.0,500.0,0.6666666666666666,1,0
Super built-up Area,Bommanahalli,2.0,2.0,42.5,1250.0,3.0,416.6666666666667,0.6666666666666666,0,0
Built-up Area,"Maragondana Halli, kr puram, old madras road",2.0,2.0,50.0,1199.0,2.0,599.5,1.0,0,0
Super built-up Area,Hennur Road,2.0,1.0,83.09,1385.0,2.0,692.5,1.0,1,1
Super built-up Area,Lakshminarayana Pura,2.0,1.0,75.0,1149.0,2.0,574.5,1.0,1,1
Super built-up Area,Sarjapur  Road,3.0,2.0,170.0,2180.0,3.0,726.6666666666666,1.0,1,1
Super built-up Area,Jp nagar 8th Phase .,12.0,,525.0,12000.0,10.0,1200.0,1.2,1,0
Super built-up Area,Hulimavu,3.0,1.0,135.0,1818.0,3.0,606.0,1.0,1,1
Super built-up Area,Volagerekallahalli,2.0,2.0,33.0,1070.0,2.0,535.0,1.0,1,0
Super built-up Area,Rajaji Nagar,3.0,2.0,241.0,1640.0,3.0,546.6666666666666,1.0,1,1
Built-up Area,Nagarbhavi,2.0,2.0,54.6,1350.0,3.0,450.0,0.6666666666666666,1,1
Built-up Area,Chandapura,1.0,1.0,27.0,630.0,2.0,315.0,0.5,1,0
Super built-up Area,Hoodi,2.0,2.0,113.0,1430.0,2.0,715.0,1.0,0,1
Super built-up Area,Nagavara,4.0,3.0,180.0,2430.0,3.0,810.0,1.3333333333333333,1,0
Super built-up Area,Sarjapur  Road,2.0,3.0,55.0,1084.0,2.0,542.0,1.0,1,1
Super built-up Area,Hennur Road,2.0,1.0,56.0,1186.0,3.0,395.3333333333333,0.6666666666666666,1,1
Built-up Area,Kengeri,2.0,2.0,50.0,1255.0,2.0,627.5,1.0,1,1
Super built-up Area,Haralur Road,5.0,3.0,240.0,3400.0,4.0,850.0,1.25,1,1
Super built-up Area,Hosa Road,3.0,1.0,69.84,1541.0,3.0,513.6666666666666,1.0,0,1
Super built-up Area,Iblur Village,5.0,1.0,282.0,3596.0,4.0,899.0,1.25,1,1
Super built-up Area,Raja Rajeshwari Nagar,2.0,2.0,70.0,1295.0,2.0,647.5,1.0,1,1
Built-up Area,Sanjeevini Nagar,3.0,,285.0,2820.0,3.0,940.0,1.0,1,1
Super built-up Area,7th Phase JP Nagar,2.0,2.0,54.79,1370.0,3.0,456.6666666666667,0.6666666666666666,1,1
Super built-up Area,Electronic City,2.0,1.0,40.0,1100.0,2.0,550.0,1.0,1,1
Super built-up Area,Hebbal,6.0,2.0,510.0,4772.0,4.0,1193.0,1.5,0,1
Super built-up Area,Rajaji Nagar,2.0,1.0,170.0,1370.0,2.0,685.0,1.0,1,1
Super built-up Area,7th Phase JP Nagar,2.0,1.0,54.79,1370.0,3.0,456.6666666666667,0.6666666666666666,1,0
Super built-up Area,JP Nagar,2.0,2.0,62.0,1200.0,2.0,600.0,1.0,1,1
Plot Area,Gunjur,3.0,0.0,95.0,2000.0,4.0,500.0,0.75,1,0
Built-up Area,9th Phase JP Nagar,4.0,,300.0,3500.0,4.0,875.0,1.0,1,1
Plot Area,Kengeri,5.0,2.0,253.0,2400.0,4.0,600.0,1.25,1,0
Super built-up Area,Sarjapur  Road,3.0,2.0,62.0,1220.0,3.0,406.6666666666667,1.0,1,0
Built-up Area,Kanakapura Road,3.0,2.0,130.0,1950.0,3.0,650.0,1.0,1,0
Super built-up Area,Somasundara Palya,2.0,3.0,73.0,1178.0,2.0,589.0,1.0,1,1
Super built-up Area,Dasanapura,3.0,2.0,61.44,1286.0,3.0,428.6666666666667,1.0,1,1
Super built-up Area,Begur Road,2.0,2.0,42.0,1160.0,2.0,580.0,1.0,1,1
Super built-up Area,Jigani,2.0,2.0,55.0,918.0,2.0,459.0,1.0,1,1
Super built-up Area,Electronic City,3.0,2.0,91.84,1563.0,3.0,521.0,1.0,0,1
Super built-up Area,Govindpura,2.0,1.0,62.17,1326.0,2.0,663.0,1.0,0,0
Super built-up Area,3rd Block Jayanagar,2.0,2.0,140.0,1350.0,3.0,450.0,0.6666666666666666,1,0
Super built-up Area,Hebbal,5.0,3.0,386.0,3960.0,4.0,990.0,1.25,0,1
Super built-up Area,Begur Road,2.0,2.0,39.06,1240.0,2.0,620.0,1.0,1,0
Super built-up Area,Kaggadasapura,2.0,2.0,50.0,1325.0,2.0,662.5,1.0,1,1
Super built-up Area,Sonnenahalli,2.0,1.0,44.0,1100.0,2.0,550.0,1.0,1,1
Super built-up Area,Cunningham Road,3.0,2.0,800.0,3875.0,3.0,1291.6666666666667,1.0,1,1
Super built-up Area,Gollarapalya Hosahalli,3.0,2.0,50.0,1605.0,3.0,535.0,1.0,1,1
Super built-up Area,Hennur Road,5.0,3.0,515.0,5600.0,5.0,1120.0,1.0,1,0
Super built-up Area,Somasundara Palya,2.0,1.0,60.0,1260.0,2.0,630.0,1.0,1,1
Super built-up Area,Hoodi,3.0,2.0,83.09,1553.0,3.0,517.6666666666666,1.0,0,1
Super built-up Area,Whitefield,2.0,2.0,52.0,1280.0,2.0,640.0,1.0,1,1
Super built-up Area,Hebbal,2.0,2.0,75.0,1550.0,3.0,516.6666666666666,0.6666666666666666,1,1
Super built-up Area,Arekere,2.0,2.0,125.0,1445.0,3.0,481.6666666666667,0.6666666666666666,1,0
Super built-up Area,Murugeshpalya,3.0,2.0,74.0,1550.0,3.0,516.6666666666666,1.0,1,1
Super built-up Area,Electronics City Phase 1,2.0,1.0,80.91,1515.0,3.0,505.0,0.6666666666666666,1,1
Super built-up Area,Hosa Road,2.0,1.0,86.12,1332.0,3.0,444.0,0.6666666666666666,0,1
Super built-up Area,Electronic City,3.0,2.0,70.0,1652.0,3.0,550.6666666666666,1.0,1,1
Super built-up Area,Hegde Nagar,3.0,1.0,105.0,1570.0,3.0,523.3333333333334,1.0,1,1
Plot Area,Sarjapur  Road,4.0,3.0,725.0,5400.0,4.0,1350.0,1.0,1,1
Super built-up Area,Sector 2 HSR Layout,1.0,1.0,60.0,794.0,1.0,794.0,1.0,1,1
Plot Area,Seegehalli,2.0,0.0,62.0,1200.0,3.0,400.0,0.6666666666666666,1,0
Built-up Area,7th Phase JP Nagar,3.0,2.0,410.0,3600.0,4.0,900.0,0.75,1,1
Plot Area,Hosakerehalli,3.0,2.0,175.0,1200.0,3.0,400.0,1.0,1,0
Super built-up Area,JP Nagar,3.0,1.0,220.0,1650.0,4.0,412.5,0.75,1,0
Super built-up Area,HRBR Layout,3.0,2.0,250.0,2800.0,3.0,933.3333333333334,1.0,1,1
Super built-up Area,Sarjapur  Road,3.0,2.0,110.0,1750.0,3.0,583.3333333333334,1.0,1,1
Built-up Area,Hebbal,2.0,1.0,48.0,1053.0,2.0,526.5,1.0,1,0
Super built-up Area,Kadubeesanahalli,3.0,3.0,70.0,1665.0,3.0,555.0,1.0,1,1
Plot Area,Outer Ring Road East,4.0,3.0,345.0,4051.0,4.0,1012.75,1.0,1,1
Plot Area,Malleshwaram,5.0,1.0,1500.0,5500.0,4.0,1375.0,1.25,1,0
Built-up Area,Bommasandra,3.0,2.0,80.0,1447.0,3.0,482.3333333333333,1.0,1,1
Built-up Area,Balagere,2.0,1.0,75.0,1012.0,2.0,506.0,1.0,1,1
Super built-up Area,Malleshpalya,3.0,2.0,60.0,1900.0,3.0,633.3333333333334,1.0,1,1
Super built-up Area,Narayanapura,2.0,2.0,92.66,1308.0,2.0,654.0,1.0,1,1
Super built-up Area,Green Glen Layout,4.0,,230.0,3250.0,4.0,812.5,1.0,1,0
Super built-up Area,Hormavu,2.0,1.0,53.0,1351.0,1.0,1351.0,2.0,1,0
Super built-up Area,Electronic City,2.0,2.0,22.0,1000.0,2.0,500.0,1.0,1,0
Plot Area,J P Nagar 7th Phase Ramayya City,4.0,2.0,350.0,1200.0,4.0,300.0,1.0,1,0
Super built-up Area,Gunjur,2.0,2.0,49.11,1140.0,2.0,570.0,1.0,0,1
Super built-up Area,Jakkur,4.0,0.0,260.5,3181.0,4.0,795.25,1.0,0,1
Built-up Area,Uttarahalli,2.0,1.0,55.0,1250.0,3.0,416.6666666666667,0.6666666666666666,1,0
Super built-up Area,Kanakapura,3.0,3.0,45.15,1290.0,3.0,430.0,1.0,1,1
Super built-up Area,Garudachar Palya,2.0,2.0,60.6,1320.0,3.0,440.0,0.6666666666666666,1,0
Built-up Area,Akshaya Nagar,3.0,2.0,85.5,1662.0,3.0,554.0,1.0,1,1
Super built-up Area,Shanthala Nagar,5.0,3.0,2700.0,8321.0,5.0,1664.2,1.0,1,1
Built-up Area,Koramangala,3.0,,210.0,1975.0,3.0,658.3333333333334,1.0,1,1
Super built-up Area,Garudachar Palya,2.0,2.0,59.5,1295.0,3.0,431.6666666666667,0.6666666666666666,1,0
Super built-up Area,Battarahalli,3.0,2.0,100.0,1777.0,3.0,592.3333333333334,1.0,1,1
Super built-up Area,Kadugodi,3.0,,108.0,1900.0,3.0,633.3333333333334,1.0,0,0
Super built-up Area,Anandapura,3.0,2.0,59.1,1576.0,3.0,525.3333333333334,1.0,0,1
Super built-up Area,Sompura,2.0,3.0,41.0,1020.0,2.0,510.0,1.0,1,0
Super built-up Area,Green Domain Layout,3.0,3.0,170.0,2100.0,3.0,700.0,1.0,1,0
Super built-up Area,Raja Rajeshwari Nagar,1.0,1.0,31.75,648.0,1.0,648.0,1.0,0,1
Super built-up Area,Neeladri Nagar,2.0,1.0,38.0,1167.0,3.0,389.0,0.6666666666666666,1,1
Super built-up Area,Hoodi,2.0,2.0,50.89,1220.0,2.0,610.0,1.0,1,0
Super built-up Area,Kogilu,5.0,1.0,327.0,2350.0,3.0,783.3333333333334,1.6666666666666667,1,1
Super built-up Area,Vittasandra,2.0,1.0,67.4,1259.0,2.0,629.5,1.0,1,0
Built-up Area,Gottigere,4.0,2.0,82.0,2000.0,4.0,500.0,1.0,1,0
Super built-up Area,8th Phase JP Nagar,3.0,1.0,80.0,1800.0,3.0,600.0,1.0,1,0
Built-up Area,Cleveland Town,3.0,2.0,160.0,1991.0,3.0,663.6666666666666,1.0,1,1
Super built-up Area,Bannerghatta,3.0,3.0,110.0,1665.0,3.0,555.0,1.0,1,0
Built-up Area,"Hoodi Circle,",2.0,1.0,61.0,1234.0,2.0,617.0,1.0,0,0
Super built-up Area,Mysore Road,2.0,2.0,64.31,1340.0,3.0,446.6666666666667,0.6666666666666666,1,0
Super built-up Area,Banashankari,2.0,2.0,46.79,1170.0,2.0,585.0,1.0,1,0
Built-up Area,Electronics City Phase 1,2.0,0.0,46.0,995.0,2.0,497.5,1.0,1,0
Super built-up Area,Old Airport Road,2.0,2.0,60.0,1075.0,2.0,537.5,1.0,1,0
Super built-up Area,Electronic City,2.0,1.0,54.5,1025.0,2.0,512.5,1.0,0,0
Super built-up Area,Rachenahalli,3.0,2.0,113.0,2721.0,3.0,907.0,1.0,1,1
Super built-up Area,Thanisandra,3.0,2.0,99.0,2000.0,3.0,666.6666666666666,1.0,1,1
Super built-up Area,Whitefield,4.0,3.0,155.0,2500.0,4.0,625.0,1.0,1,1
Super built-up Area,Mallasandra,2.0,2.0,70.0,1325.0,2.0,662.5,1.0,1,1
Super built-up Area,Kadugodi,2.0,3.0,68.2,1314.0,2.0,657.0,1.0,0,1
Super built-up Area,Kanakpura Road,3.0,2.0,136.0,2265.0,3.0,755.0,1.0,0,0
Built-up Area,7th Phase JP Nagar,7.0,0.0,170.0,4800.0,7.0,685.7142857142857,1.0,1,0
Super built-up Area,Yelahanka,2.0,1.0,41.0,1026.0,2.0,513.0,1.0,0,0
Built-up Area,Syndicate Bank Colony,3.0,2.0,66.0,1200.0,3.0,400.0,1.0,1,0
Built-up Area,Kada Agrahara,4.0,2.0,65.0,2220.0,3.0,740.0,1.3333333333333333,1,1
Super built-up Area,KR Puram,2.0,0.0,51.22,1192.5,2.0,596.25,1.0,0,1
Super built-up Area,Hebbal,2.0,1.0,99.39,1420.0,2.0,710.0,1.0,0,1
Super built-up Area,Sarjapur  Road,4.0,1.0,95.0,1888.0,3.0,629.3333333333334,1.3333333333333333,1,1
Super built-up Area,JP Nagar,2.0,1.0,90.87,1300.0,2.0,650.0,1.0,0,1
Super built-up Area,Rajaji Nagar,2.0,0.0,97.16,1216.0,2.0,608.0,1.0,0,1
Plot Area,"Off Sarjapur road,",4.0,3.0,342.0,3000.0,4.0,750.0,1.0,0,0
Built-up Area,Begur,3.0,2.0,63.0,1559.0,3.0,519.6666666666666,1.0,1,0
Super built-up Area,Harlur,2.0,1.0,87.0,1290.0,2.0,645.0,1.0,1,1
Plot Area,M C Layout,6.0,,245.0,2400.0,6.0,400.0,1.0,1,0
Built-up Area,Whitefield,1.0,1.0,55.0,905.0,1.0,905.0,1.0,0,0
Built-up Area,Nanjappa Layout,2.0,,55.0,1069.0,2.0,534.5,1.0,1,1
Super built-up Area,Sarjapura - Attibele Road,2.0,1.0,22.8,829.0,2.0,414.5,1.0,0,0
Built-up Area,Koramangala,2.0,1.0,200.0,1900.0,2.0,950.0,1.0,1,1
Built-up Area,Dodda Banaswadi,5.0,1.0,140.0,32722.255999999998,5.0,6544.4511999999995,1.0,1,0
Built-up Area,Sarjapur  Road,3.0,2.0,60.0,1300.0,3.0,433.3333333333333,1.0,1,1
Super built-up Area,Channasandra,2.0,1.0,33.45,1115.0,2.0,557.5,1.0,1,1
Super built-up Area,Rajaji Nagar,3.0,2.0,360.0,2409.0,3.0,803.0,1.0,1,1
Super built-up Area,Ambedkar Nagar,4.0,2.0,125.0,2150.0,3.0,716.6666666666666,1.3333333333333333,1,1
Super built-up Area,Marathahalli,2.0,1.0,69.0,1305.0,3.0,435.0,0.6666666666666666,0,1
Super built-up Area,Kanakpura Road,2.0,1.0,56.32,1252.0,2.0,626.0,1.0,0,1
Plot Area,Hosakerehalli,5.0,,250.0,2400.0,5.0,480.0,1.0,1,0
Plot Area,Whitefield,2.0,1.0,46.13,1200.0,2.0,600.0,1.0,0,0
Built-up Area,Koramangala,3.0,1.0,130.0,1750.0,3.0,583.3333333333334,1.0,1,0
Plot Area,BEL Layout,2.0,1.0,105.0,1375.0,2.0,687.5,1.0,1,0
Super built-up Area,Subramanyapura,2.0,2.0,66.5,1313.0,2.0,656.5,1.0,1,1
Plot Area,Attibele,4.0,1.0,275.0,3640.0,4.0,910.0,1.0,1,0
Super built-up Area,Akshayanagara East,3.0,2.0,108.0,1693.0,3.0,564.3333333333334,1.0,0,0
Super built-up Area,JCR Layout,2.0,1.0,41.75,1160.0,2.0,580.0,1.0,1,1
Plot Area,Sri Kanteshwara Nagar,3.0,0.0,200.0,1200.0,3.0,400.0,1.0,1,0
Super built-up Area,Subramanyapura,2.0,2.0,79.0,1255.0,3.0,418.3333333333333,0.6666666666666666,1,1
Built-up Area,Bellari Road,2.0,1.0,45.0,900.0,2.0,450.0,1.0,1,1
Super built-up Area,Yelahanka New Town,3.0,2.0,90.0,1700.0,3.0,566.6666666666666,1.0,1,1
Carpet Area,Indira Nagar,3.0,1.0,180.0,1875.0,3.0,625.0,1.0,1,1
Carpet Area,Uttarahalli,3.0,2.0,88.0,1700.0,3.0,566.6666666666666,1.0,1,1
Super built-up Area,Harlur,3.0,2.0,115.0,1749.0,3.0,583.0,1.0,1,1
Plot Area,Dasanapura,3.0,1.0,65.0,1500.0,2.0,750.0,1.5,1,0
Super built-up Area,Varanasi,2.0,1.0,48.0,1175.0,2.0,587.5,1.0,1,0
Built-up Area,Akshaya Nagar,2.0,1.0,60.0,1280.0,2.0,640.0,1.0,1,0
Built-up Area,Abbaiah Reddy Layout,2.0,2.0,50.0,1200.0,2.0,600.0,1.0,1,1
Super built-up Area,Ramagondanahalli,2.0,2.0,115.0,1610.0,3.0,536.6666666666666,0.6666666666666666,1,1
Super built-up Area,Electronic City,2.0,1.0,46.0,1070.0,2.0,535.0,1.0,1,1
Plot Area,TC Palaya,2.0,0.0,66.0,1200.0,2.0,600.0,1.0,1,0
Super built-up Area,9th Phase JP Nagar,2.0,1.0,50.0,1127.0,2.0,563.5,1.0,0,0
Built-up Area,Indira Nagar,2.0,1.0,102.0,1210.0,2.0,605.0,1.0,1,1
Built-up Area,Jyothi Nagar,2.0,1.0,23.0,600.0,2.0,300.0,1.0,1,0
Super built-up Area,Thigalarapalya,4.0,3.0,380.0,4190.0,4.0,1047.5,1.0,1,1
Super built-up Area,Tata Nagar,2.0,2.0,70.0,1364.0,2.0,682.0,1.0,1,1
Super built-up Area,Whitefield,3.0,0.0,146.0,2268.0,4.0,567.0,0.75,1,1
Super built-up Area,RK Layout 2nd Stage,2.0,2.0,77.5,1150.0,3.0,383.3333333333333,0.6666666666666666,1,0
Super built-up Area,Tirumanahalli,2.0,1.0,39.5,1146.0,2.0,573.0,1.0,1,0
Built-up Area,Magadi Road,2.0,2.0,55.0,1345.0,2.0,672.5,1.0,1,1
Super built-up Area,Mylasandra,2.0,2.0,41.0,1110.0,2.0,555.0,1.0,1,1
Built-up Area,Kengeri,2.0,1.0,36.0,750.0,2.0,375.0,1.0,1,1
Built-up Area,Motappa Layout,2.0,2.0,49.5,1156.0,2.0,578.0,1.0,1,1
Super built-up Area,Pattandur Agrahara,2.0,1.0,59.8,1247.0,2.0,623.5,1.0,1,1
Super built-up Area,Mangammanapalya,2.0,2.0,60.0,1058.0,2.0,529.0,1.0,1,0
Super built-up Area,Kaggalipura,2.0,1.0,48.0,950.0,2.0,475.0,1.0,1,1
Super built-up Area,Vijayanagar,2.0,1.0,103.0,1520.0,3.0,506.6666666666667,0.6666666666666666,0,1
Built-up Area,Raghuvanahalli,1.0,1.0,30.0,900.0,1.0,900.0,1.0,1,0
Super built-up Area,Hennur Road,3.0,2.0,174.0,2350.0,3.0,783.3333333333334,1.0,1,1
Super built-up Area,Thanisandra,2.0,2.0,46.0,1050.0,2.0,525.0,1.0,1,0
Super built-up Area,Devarabeesana Halli,3.0,2.0,150.0,1672.0,3.0,557.3333333333334,1.0,1,1
Plot Area,Laggere,5.0,2.0,125.0,2800.0,5.0,560.0,1.0,1,0
Super built-up Area,MCECHS  layout,2.0,2.0,65.0,1500.0,3.0,500.0,0.6666666666666666,1,0
Super built-up Area,Geddalahalli,2.0,2.0,65.0,1400.0,2.0,700.0,1.0,1,0
Plot Area,Whitefield,4.0,2.0,378.0,4500.0,4.0,1125.0,1.0,0,1
Built-up Area,8th Phase JP Nagar,4.0,2.0,130.0,2700.0,4.0,675.0,1.0,1,0
Super built-up Area,Bommasandra,2.0,1.0,37.46,920.0,2.0,460.0,1.0,0,1
Plot Area,Sarjapur  Road,3.0,2.0,70.0,1200.0,3.0,400.0,1.0,0,1
Built-up Area,Brindavan Nagar,3.0,2.0,139.0,1250.0,3.0,416.6666666666667,1.0,1,1
Super built-up Area,Hosakerehalli,4.0,,153.0,1817.0,3.0,605.6666666666666,1.3333333333333333,0,1
Plot Area,Cooke Town,6.0,,375.0,2043.0,5.0,408.6,1.2,1,0
Built-up Area,Yelahanka,4.0,1.0,450.0,4346.0,4.0,1086.5,1.0,1,0
Super built-up Area,Haralur Road,2.0,2.0,56.0,1464.0,2.0,732.0,1.0,1,1
Super built-up Area,Ambedkar Colony,3.0,2.0,130.0,1468.0,2.0,734.0,1.5,1,1
Super built-up Area,Electronics City Phase 1,2.0,1.0,82.0,1555.0,3.0,518.3333333333334,0.6666666666666666,1,1
Built-up Area,Whitefield,2.0,0.0,55.0,1150.0,2.0,575.0,1.0,1,1
Super built-up Area,Kadubeesanahalli,2.0,1.0,35.0,970.0,2.0,485.0,1.0,0,0
Super built-up Area,Banashankari,4.0,3.0,95.0,2500.0,4.0,625.0,1.0,0,0
Super built-up Area,Seetharampalya,2.0,1.0,53.0,1166.0,2.0,583.0,1.0,1,1
Plot Area,Konanakunte,3.0,1.0,317.0,2779.0,3.0,926.3333333333334,1.0,1,1
Super built-up Area,Electronic City,3.0,2.0,58.0,1350.0,3.0,450.0,1.0,1,1
Built-up Area,Mariyannapalya,2.0,3.0,46.0,900.0,2.0,450.0,1.0,1,0
Built-up Area,Kanaka Nagar,3.0,1.0,55.0,1190.0,3.0,396.6666666666667,1.0,1,1
Super built-up Area,Kodichikkanahalli,2.0,2.0,75.0,1495.0,3.0,498.3333333333333,0.6666666666666666,1,1
Built-up Area,Indira Nagar,2.0,2.0,105.0,1224.0,2.0,612.0,1.0,1,1
Super built-up Area,Banashankari Stage III,2.0,2.0,68.0,1350.0,3.0,450.0,0.6666666666666666,1,1
Built-up Area,Green Glen Layout,2.0,1.0,56.8,940.0,2.0,470.0,1.0,1,1
Super built-up Area,Raja Rajeshwari Nagar,2.0,1.0,55.0,1100.0,2.0,550.0,1.0,1,1
Super built-up Area,Kaikondrahalli,2.0,2.0,61.0,1300.0,2.0,650.0,1.0,1,1
Built-up Area,Palace Road,2.0,0.0,145.0,1480.0,3.0,493.3333333333333,0.6666666666666666,1,0
Super built-up Area,Hoodi,2.0,2.0,46.37,1105.0,2.0,552.5,1.0,1,0
Plot Area,Sarjapur  Road,3.0,2.0,200.0,2600.0,3.0,866.6666666666666,1.0,0,1
Super built-up Area,Yelahanka,3.0,2.0,76.3,1517.0,3.0,505.6666666666667,1.0,0,1
Built-up Area,Horamavu Banaswadi,8.0,0.0,200.0,3800.0,6.0,633.3333333333334,1.3333333333333333,1,0
Super built-up Area,Jalahalli,3.0,2.0,89.75,1615.0,3.0,538.3333333333334,1.0,1,0
Super built-up Area,MCECHS  layout,3.0,2.0,65.0,1500.0,3.0,500.0,1.0,1,0
Super built-up Area,Mysore Road,3.0,1.0,50.5,1082.0,3.0,360.6666666666667,1.0,1,0
Super built-up Area,Marathahalli,2.0,2.0,73.0,1365.0,2.0,682.5,1.0,1,1
Super built-up Area,Electronic City,2.0,3.0,25.0,1000.0,2.0,500.0,1.0,1,1
Super built-up Area,CV Raman Nagar,2.0,1.0,98.0,1392.0,2.0,696.0,1.0,1,1
Super built-up Area,Kodigehalli,2.0,1.0,33.66,1086.0,2.0,543.0,1.0,0,0
Super built-up Area,Hennur Road,3.0,3.0,93.94,1586.0,3.0,528.6666666666666,1.0,1,1
Built-up Area,Hennur,2.0,1.0,60.0,1100.0,2.0,550.0,1.0,1,0
Super built-up Area,Electronic City Phase II,2.0,1.0,30.75,1065.0,2.0,532.5,1.0,0,1
Plot Area,TC Palaya,2.0,1.0,120.0,1500.0,3.0,500.0,0.6666666666666666,1,0
Built-up Area,7th Phase JP Nagar,2.0,2.0,120.0,1575.0,3.0,525.0,0.6666666666666666,1,1
Super built-up Area,Hennur Road,3.0,3.0,123.0,1975.0,3.0,658.3333333333334,1.0,1,0
Super built-up Area,Nelamangala,2.0,2.0,24.0,820.0,2.0,410.0,1.0,1,0
Super built-up Area,Gubbalala,3.0,2.0,110.0,1745.0,3.0,581.6666666666666,1.0,1,1
Super built-up Area,Nagarbhavi,2.0,1.0,60.0,1223.0,2.0,611.5,1.0,1,1
Super built-up Area,Ananth Nagar,2.0,1.0,65.0,1200.0,3.0,400.0,0.6666666666666666,1,0
Super built-up Area,Basaveshwara Nagar,2.0,0.0,90.0,1200.0,2.0,600.0,1.0,1,1
Super built-up Area,Binny Pete,1.0,1.0,46.08,665.0,1.0,665.0,1.0,0,1
Super built-up Area,Bharathi Nagar,2.0,2.0,70.0,1351.0,2.0,675.5,1.0,1,1
Super built-up Area,Hebbal,3.0,1.0,83.87,1355.0,3.0,451.6666666666667,1.0,0,1
Built-up Area,Sector 7 HSR Layout,3.0,2.0,300.0,3900.0,3.0,1300.0,1.0,1,0
Super built-up Area,Thanisandra,3.0,1.0,75.55,1588.0,3.0,529.3333333333334,1.0,0,0
Carpet Area,Amruthahalli,2.0,1.0,60.0,900.0,2.0,450.0,1.0,1,0
Built-up Area,Harlur,4.0,,260.0,3385.0,4.0,846.25,1.0,0,0
Super built-up Area,Panathur,2.0,2.0,75.0,1370.0,3.0,456.6666666666667,0.6666666666666666,1,1
Plot Area,Whitefield,3.0,1.0,71.8,1500.0,3.0,500.0,1.0,0,0
Super built-up Area,Pulikeshi Nagar,3.0,,285.0,2280.0,3.0,760.0,1.0,1,0
Super built-up Area,Kanakpura Road,3.0,2.0,53.0,1100.0,3.0,366.6666666666667,1.0,0,0
Built-up Area,Hoodi,2.0,0.0,53.0,1247.0,2.0,623.5,1.0,1,1
Super built-up Area,Domlur Layout,3.0,2.0,200.0,2000.0,3.0,666.6666666666666,1.0,0,0
Super built-up Area,Balagere,2.0,1.0,68.38,1020.07,2.0,510.035,1.0,0,1
Super built-up Area,Gunjur Palya,2.0,2.0,32.0,1033.0,3.0,344.3333333333333,0.6666666666666666,0,0
Built-up Area,B Narayanapura,2.0,3.0,73.0,1460.0,3.0,486.6666666666667,0.6666666666666666,1,1
Super built-up Area,Garudachar Palya,2.0,2.0,52.8,1150.0,2.0,575.0,1.0,1,0
Super built-up Area,Sarjapur  Road,5.0,,385.0,5965.0,5.0,1193.0,1.0,1,1
Super built-up Area,Babusapalaya,2.0,1.0,46.0,1141.0,2.0,570.5,1.0,1,0
Super built-up Area,Yelahanka,6.0,0.0,125.5,2912.5,4.0,728.125,1.5,1,1
Plot Area,Doddaballapur,4.0,3.0,325.0,4200.0,4.0,1050.0,1.0,1,0
Super built-up Area,Hosa Road,2.0,3.0,125.0,1665.0,3.0,555.0,0.6666666666666666,0,1
Super built-up Area,Kanakapura,2.0,2.0,64.0,1295.0,2.0,647.5,1.0,0,1
Super built-up Area,Haralur Road,2.0,1.0,78.0,1230.0,2.0,615.0,1.0,0,1
Super built-up Area,Anand Nagar,2.0,2.0,75.0,1080.0,3.0,360.0,0.6666666666666666,1,0
Super built-up Area,Kaggalipura,2.0,1.0,60.0,1000.0,2.0,500.0,1.0,1,1
Super built-up Area,Kaval Byrasandra,2.0,0.0,50.0,2400.0,3.0,800.0,0.6666666666666666,1,0
Super built-up Area,Whitefield,1.0,0.0,32.79,630.5,1.0,630.5,1.0,0,1
Super built-up Area,Rayasandra,3.0,2.0,75.0,1708.0,3.0,569.3333333333334,1.0,0,0
Super built-up Area,Thanisandra,3.0,2.0,115.0,1697.0,3.0,565.6666666666666,1.0,1,1
Super built-up Area,Whitefield,5.0,3.0,210.0,3537.0,4.0,884.25,1.25,1,1
Super built-up Area,Hosa Road,1.0,1.0,28.29,615.0,1.0,615.0,1.0,0,1
Built-up Area,Banashankari,2.0,0.0,83.0,1350.0,3.0,450.0,0.6666666666666666,1,1
Super built-up Area,Kanakpura Road,,,66.4,1530.0,3.0,510.0,,1,1
Super built-up Area,Jalahalli,2.0,1.0,32.49,1083.0,2.0,541.5,1.0,0,1
Super built-up Area,Gottigere,2.0,2.0,65.0,1460.0,3.0,486.6666666666667,0.6666666666666666,1,1
Super built-up Area,Babusapalaya,2.0,1.0,58.0,1084.0,2.0,542.0,1.0,1,0
Super built-up Area,Bommasandra,2.0,1.0,41.43,1035.0,2.0,517.5,1.0,0,1
Super built-up Area,Vijaya Bank Layout,2.0,1.0,150.0,2400.0,3.0,800.0,0.6666666666666666,1,0
Super built-up Area,Hosur Road,1.0,1.0,21.0,460.0,1.0,460.0,1.0,1,1
Super built-up Area,Whitefield,2.0,2.0,55.9,1285.0,2.0,642.5,1.0,1,1
Plot Area,Sarjapur,3.0,2.0,78.0,1200.0,3.0,400.0,1.0,1,1
Built-up Area,Raghuvanahalli,2.0,1.0,35.0,1070.0,2.0,535.0,1.0,1,1
Super built-up Area,Hegde Nagar,3.0,2.0,140.0,1801.0,3.0,600.3333333333334,1.0,1,1
Super built-up Area,Whitefield,3.0,2.0,115.0,1697.0,3.0,565.6666666666666,1.0,0,1
Super built-up Area,AECS Layout,2.0,2.0,65.0,1199.0,2.0,599.5,1.0,1,1
Super built-up Area,Iblur Village,3.0,1.0,220.0,2300.0,3.0,766.6666666666666,1.0,1,1
Super built-up Area,Mysore Road,2.0,3.0,64.31,1340.0,3.0,446.6666666666667,0.6666666666666666,1,0
Super built-up Area,Marathahalli,4.0,3.0,205.0,3800.0,4.0,950.0,1.0,1,1
Super built-up Area,Wilson Garden,2.0,1.0,75.0,1125.0,2.0,562.5,1.0,1,1
Plot Area,Anandapura,2.0,1.0,67.0,1200.0,2.0,600.0,1.0,1,0
Built-up Area,Subramanyapura,2.0,3.0,41.0,1050.0,2.0,525.0,1.0,1,1
Built-up Area,Nagarbhavi,2.0,1.0,49.0,956.0,2.0,478.0,1.0,1,1
Super built-up Area,Sarjapur,2.0,2.0,30.0,1000.0,2.0,500.0,1.0,1,1
Built-up Area,Dooravani Nagar,3.0,0.0,95.0,1596.0,3.0,532.0,1.0,1,1
Super built-up Area,Kanakpura Road,2.0,3.0,89.06,1296.0,2.0,648.0,1.0,0,1
Built-up Area,Challaghatta,3.0,3.0,123.0,1639.0,3.0,546.3333333333334,1.0,1,1
Super built-up Area,Electronic City Phase II,2.0,1.0,61.25,1219.0,2.0,609.5,1.0,1,1
Built-up Area,Uttarahalli,3.0,1.0,50.0,1200.0,3.0,400.0,1.0,1,0
Super built-up Area,Bannerghatta Road,2.0,1.0,73.0,1218.0,2.0,609.0,1.0,1,0
Super built-up Area,Nyanappana Halli,2.0,3.0,37.0,920.0,2.0,460.0,1.0,1,0
Super built-up Area,Yeshwanthpur,3.0,2.0,141.0,2559.0,3.0,853.0,1.0,1,1
Super built-up Area,2nd Phase Judicial Layout,1.0,1.0,26.0,525.0,1.0,525.0,1.0,0,0
Super built-up Area,Bannerghatta Road,2.0,2.0,48.51,1427.0,3.0,475.6666666666667,0.6666666666666666,0,1
Super built-up Area,Kothannur,3.0,2.0,45.0,1270.0,3.0,423.3333333333333,1.0,0,0
Built-up Area,Ramagondanahalli,2.0,3.0,65.0,920.0,2.0,460.0,1.0,1,1
Built-up Area,Dommasandra,3.0,2.0,68.0,2700.0,4.0,675.0,0.75,1,0
Super built-up Area,Indira Nagar 3rd Stage,3.0,2.0,199.0,1740.0,3.0,580.0,1.0,1,0
Built-up Area,Ramamurthy Nagar,2.0,,40.0,1355.0,3.0,451.6666666666667,0.6666666666666666,1,0
Super built-up Area,Lingadheeranahalli,2.0,2.0,90.0,1530.0,3.0,510.0,0.6666666666666666,1,1
Carpet Area,Gokula Extension,2.0,1.0,90.0,1372.0,3.0,457.3333333333333,0.6666666666666666,1,0
Super built-up Area,Nehru Nagar,5.0,2.0,120.0,2363.0,4.0,590.75,1.25,1,1
Super built-up Area,Marathahalli,4.0,3.0,220.0,3895.0,4.0,973.75,1.0,1,1
Super built-up Area,Jakkur,3.0,2.0,131.0,1950.0,3.0,650.0,1.0,0,1
Built-up Area,Hoysalanagar,2.0,3.0,40.0,885.0,2.0,442.5,1.0,1,1
Built-up Area,Yelahanka,2.0,2.0,27.0,600.0,2.0,300.0,1.0,1,0
Plot Area,Vijayanagar,2.0,0.0,225.0,1380.0,2.0,690.0,1.0,1,0
Super built-up Area,Kanakpura Road,2.0,2.0,62.0,1339.0,2.0,669.5,1.0,1,1
Super built-up Area,Whitefield,2.0,1.0,36.0,1130.0,2.0,565.0,1.0,1,1
Built-up Area,Uttarahalli,2.0,2.0,43.0,1085.0,2.0,542.5,1.0,1,0
Built-up Area,Yeshwanthpur,3.0,2.0,72.0,1430.0,3.0,476.6666666666667,1.0,1,1
Carpet Area,Bhoganhalli,4.0,1.0,121.0,1451.5,4.0,362.875,1.0,0,1
Super built-up Area,Ramakrishnappa Layout,5.0,,720.0,6200.0,5.0,1240.0,1.0,1,1
Super built-up Area,AGS Layout,2.0,1.0,59.6,1490.0,3.0,496.6666666666667,0.6666666666666666,1,0
Built-up Area,Vishwanatha Nagenahalli,4.0,0.0,99.0,1650.0,4.0,412.5,1.0,1,0
Super built-up Area,Bellandur,2.0,2.0,57.0,1286.0,2.0,643.0,1.0,1,0
Built-up Area,KR Garden,2.0,2.0,63.0,925.0,2.0,462.5,1.0,1,1
Super built-up Area,Bellandur,4.0,3.0,230.0,3016.0,4.0,754.0,1.0,1,1
Built-up Area,Haralur Road,2.0,2.0,44.0,1000.0,2.0,500.0,1.0,1,0
Super built-up Area,Whitefield,2.0,2.0,39.0,1215.0,2.0,607.5,1.0,1,1
Plot Area,Kanakadasa Layout,3.0,1.0,95.0,1200.0,4.0,300.0,0.75,1,0
Super built-up Area,Lakshminarayana Pura,2.0,2.0,100.0,1336.0,2.0,668.0,1.0,1,1
Super built-up Area,Yeshwanthpur,1.0,1.0,36.85,673.0,1.0,673.0,1.0,1,1
Plot Area,Anandapura,2.0,1.0,58.0,1200.0,2.0,600.0,1.0,1,0
Super built-up Area,Malleshwaram,3.0,3.0,160.0,1600.0,3.0,533.3333333333334,1.0,1,0
Plot Area,Mallathahalli,2.0,0.0,79.0,1200.0,2.0,600.0,1.0,1,0
Plot Area,Indira Nagar,4.0,1.0,750.0,2480.0,6.0,413.3333333333333,0.6666666666666666,1,0
Super built-up Area,Jayamahal Extension,3.0,,270.0,2500.0,3.0,833.3333333333334,1.0,0,0
Plot Area,Devanahalli,5.0,3.0,100.0,2400.0,5.0,480.0,1.0,1,0
Super built-up Area,Sector 2 HSR Layout,2.0,2.0,65.0,1143.0,2.0,571.5,1.0,1,0
Super built-up Area,Kanakpura Road,2.0,2.0,61.74,1470.0,2.0,735.0,1.0,1,1
Plot Area,Laxminarayana Layout,3.0,2.0,145.0,1584.0,4.0,396.0,0.75,1,0
Super built-up Area,Marathahalli,3.0,2.0,94.0,1785.0,3.0,595.0,1.0,1,1
Super built-up Area,Koramangala,3.0,2.0,286.0,2292.0,3.0,764.0,1.0,1,0
Super built-up Area,Kothanur,3.0,3.0,71.0,1460.0,3.0,486.6666666666667,1.0,1,0
Super built-up Area,Kasturi Nagar,2.0,3.0,80.0,1500.0,3.0,500.0,0.6666666666666666,1,0
Built-up Area,Sanjay nagar,3.0,,250.0,3300.0,5.0,660.0,0.6,1,0
Super built-up Area,Chikkalasandra,2.0,2.0,48.0,1230.0,2.0,615.0,1.0,1,0
Super built-up Area,Yelahanka New Town,1.0,1.0,20.0,650.0,1.0,650.0,1.0,1,1
Super built-up Area,Benson Town,2.0,,120.0,1480.0,2.0,740.0,1.0,1,0
Super built-up Area,Thanisandra,2.0,1.0,43.92,1220.0,2.0,610.0,1.0,1,1
Super built-up Area,Dooravani Nagar,3.0,1.0,115.0,1570.0,3.0,523.3333333333334,1.0,1,1
Built-up Area,Sadashiva Nagar,3.0,3.0,400.0,3000.0,3.0,1000.0,1.0,1,0
Super built-up Area,Mallasandra,3.0,2.0,86.91,1665.0,3.0,555.0,1.0,1,1
Plot Area,Banagiri Nagar,3.0,1.0,380.0,1350.0,3.0,450.0,1.0,1,0
Plot Area,Sarjapur  Road,5.0,2.0,600.0,4000.0,4.0,1000.0,1.25,1,1
Plot Area,Ramamurthy Nagar,2.0,0.0,68.0,1100.0,2.0,550.0,1.0,1,0
Super built-up Area,Kathriguppe,2.0,1.0,87.01,1350.0,3.0,450.0,0.6666666666666666,1,1
Built-up Area,Kasavanhalli,3.0,2.0,116.0,1719.0,3.0,573.0,1.0,1,1
Super built-up Area,Budigere,1.0,1.0,35.0,664.0,1.0,664.0,1.0,1,1
Super built-up Area,Sonnenahalli,2.0,1.0,50.53,1011.0,2.0,505.5,1.0,0,1
Built-up Area,Akshya Nagar,6.0,0.0,130.0,2400.0,6.0,400.0,1.0,1,0
Super built-up Area,Basaveshwara Nagar Yelahanka,3.0,2.0,85.0,1680.0,3.0,560.0,1.0,1,0
Super built-up Area,Yeshwanthpur,2.0,0.0,49.475,717.0,2.0,358.5,1.0,1,1
Super built-up Area,Whitefield,2.0,2.0,150.0,1520.0,3.0,506.6666666666667,0.6666666666666666,1,1
Carpet Area,Uttarahalli,2.0,2.0,53.0,1350.0,3.0,450.0,0.6666666666666666,1,1
Super built-up Area,Kothanur,3.0,,150.0,1760.0,3.0,586.6666666666666,1.0,0,1
Super built-up Area,Pattandur Agrahara,2.0,1.0,33.0,875.0,2.0,437.5,1.0,1,1
Super built-up Area,Hennur,2.0,2.0,48.0,1231.0,2.0,615.5,1.0,1,1
Super built-up Area,Somasundara Palya,2.0,3.0,74.0,1174.0,2.0,587.0,1.0,1,1
Built-up Area,Munnekollal,3.0,3.0,75.0,1560.0,3.0,520.0,1.0,1,1
Super built-up Area,HOSUR MAIN ROAD,2.0,2.0,56.0,1464.0,2.0,732.0,1.0,1,0
Plot Area,Kanakpura Road,3.0,2.0,130.0,2200.0,3.0,733.3333333333334,1.0,1,0
Built-up Area,Shivaji Nagar,2.0,2.0,55.0,850.0,2.0,425.0,1.0,1,0
Built-up Area,Sahyadri Layout,3.0,1.0,180.0,1750.0,3.0,583.3333333333334,1.0,1,1
Super built-up Area,1st Phase JP Nagar,3.0,,157.0,2024.0,3.0,674.6666666666666,1.0,1,1
Plot Area,Mathikere SBM colony,1.0,0.0,160.0,1500.0,2.0,750.0,0.5,1,0
Plot Area,"white field,kadugodi",6.0,,275.0,2100.0,6.0,350.0,1.0,1,0
Super built-up Area,Kodihalli,4.0,2.0,260.0,2408.0,3.0,802.6666666666666,1.3333333333333333,1,1
Super built-up Area,Devanahalli,2.0,1.0,44.0,1080.0,2.0,540.0,1.0,1,1
Super built-up Area,Indira Nagar,3.0,2.0,225.0,2070.0,3.0,690.0,1.0,1,0
Built-up Area,Electronic City,2.0,1.0,29.46,1020.0,2.0,510.0,1.0,0,0
Super built-up Area,Begur Road,2.0,3.0,55.0,1500.0,3.0,500.0,0.6666666666666666,1,1
Plot Area,Mahalakshmi Layout,5.0,1.0,158.0,1575.0,4.0,393.75,1.25,1,0
Plot Area,Kodichikkanahalli,4.0,1.0,180.0,3250.0,4.0,812.5,1.0,1,0
Super built-up Area,Uttarahalli,2.0,1.0,47.0,1175.0,2.0,587.5,1.0,1,0
Super built-up Area,Channasandra,2.0,1.0,34.5,1030.0,2.0,515.0,1.0,1,1
Super built-up Area,Hebbal,2.0,1.0,115.0,1440.0,2.0,720.0,1.0,0,1
Built-up Area,Hoodi,2.0,1.0,84.0,1500.0,2.0,750.0,1.0,1,1
Plot Area,Thanisandra,1.0,1.0,62.1,1380.0,1.0,1380.0,1.0,1,0
Built-up Area,Bagalur,2.0,3.0,50.0,1200.0,2.0,600.0,1.0,1,1
Built-up Area,Vinayak Nagar,1.0,2.0,36.5,705.0,1.0,705.0,1.0,1,0
Super built-up Area,Harlur,5.0,2.0,155.0,2240.0,3.0,746.6666666666666,1.6666666666666667,1,1
Super built-up Area,Hegde Nagar,3.0,1.0,103.0,1584.01,3.0,528.0033333333333,1.0,1,1
Super built-up Area,P Krishnappa Layout,3.0,3.0,77.0,1340.0,3.0,446.6666666666667,1.0,1,1
Super built-up Area,Green Garden Layout,3.0,2.0,70.0,1800.0,3.0,600.0,1.0,1,1
Super built-up Area,R.T. Nagar,2.0,3.0,45.0,1200.0,2.0,600.0,1.0,1,0
Super built-up Area,Sarjapur  Road,1.0,1.0,40.0,685.0,1.0,685.0,1.0,0,1
Super built-up Area,Kalkere,2.0,3.0,42.0,925.0,2.0,462.5,1.0,1,1
Super built-up Area,Crimson Layout,2.0,2.0,57.0,1230.0,2.0,615.0,1.0,1,1
Super built-up Area,Kodichikkanahalli,2.0,1.0,52.0,1125.0,2.0,562.5,1.0,1,1
Super built-up Area,Hebbal,2.0,1.0,54.0,1100.0,2.0,550.0,1.0,1,0
Plot Area,Jigani,3.0,2.0,149.0,2400.0,3.0,800.0,1.0,0,1
Super built-up Area,Electronic City Phase II,2.0,2.0,41.58,1400.0,3.0,466.6666666666667,0.6666666666666666,0,1
Super built-up Area,Jakkur,3.0,1.0,98.3,1858.0,3.0,619.3333333333334,1.0,1,1
Plot Area,Adityanagar,1.0,1.0,41.0,1260.0,1.0,1260.0,1.0,1,0
Built-up Area,Ambedkar Nagar,4.0,2.0,290.0,3530.0,4.0,882.5,1.0,1,1
Super built-up Area,HSR Layout,2.0,2.0,60.0,1185.0,2.0,592.5,1.0,1,0
Plot Area,RMV 2nd Stage,2.0,1.0,216.0,1200.0,2.0,600.0,1.0,1,0
Super built-up Area,Hennur,2.0,1.0,58.0,1255.0,2.0,627.5,1.0,1,0
Super built-up Area,Rajaji Nagar,6.0,3.0,475.0,3436.0,4.0,859.0,1.5,1,0
Built-up Area,Kudlu Gate,3.0,2.0,89.0,1335.0,3.0,445.0,1.0,1,1
Super built-up Area,Dodda Nekkundi,3.0,2.0,132.0,1999.0,3.0,666.3333333333334,1.0,1,0
Plot Area,Kanaka Nagar,2.0,1.0,125.0,1200.0,2.0,600.0,1.0,1,0
Super built-up Area,Kundalahalli,3.0,2.0,110.0,1397.0,3.0,465.6666666666667,1.0,1,1
Super built-up Area,Cooke Town,4.0,,450.0,3950.0,4.0,987.5,1.0,1,0
Plot Area,Yelahanka New Town,2.0,1.0,130.0,1200.0,2.0,600.0,1.0,1,1
Plot Area,Chikka Tirupathi,3.0,0.0,95.0,1616.0,3.0,538.6666666666666,1.0,1,0
Built-up Area,Hanumantha Nagar,2.0,1.0,175.0,1270.0,4.0,317.5,0.5,1,0
Super built-up Area,Raja Rajeshwari Nagar,2.0,2.0,38.55,1140.0,2.0,570.0,1.0,1,1
Super built-up Area,Kanakpura Road,1.0,1.0,30.0,525.0,1.0,525.0,1.0,0,1
Plot Area,Varthur,2.0,1.0,98.0,1200.0,3.0,400.0,0.6666666666666666,1,0
Built-up Area,Bagalakunte,1.0,1.0,162.0,700.0,1.0,700.0,1.0,1,0
Super built-up Area,Balagere,2.0,1.0,81.0,1205.47,2.0,602.735,1.0,0,1
Plot Area,T Dasarahalli,3.0,2.0,130.0,1200.0,3.0,400.0,1.0,1,0
Super built-up Area,Electronic City,3.0,2.0,75.0,1700.0,3.0,566.6666666666666,1.0,1,1
Super built-up Area,Kanakpura Road,2.0,1.0,54.54,1090.0,2.0,545.0,1.0,0,1
Super built-up Area,Yeshwanthpur,5.0,,220.0,3600.0,4.0,900.0,1.25,1,1
Built-up Area,Kundalahalli,1.0,0.0,650.0,2400.0,1.0,2400.0,1.0,1,0
Super built-up Area,Thanisandra,1.0,1.0,60.84,923.0,1.0,923.0,1.0,0,1
Super built-up Area,Muthurayya Swamy Layout,6.0,2.0,360.0,3595.0,4.0,898.75,1.5,0,1
Super built-up Area,Green Glen Layout,2.0,2.0,48.0,1050.0,2.0,525.0,1.0,1,1
Super built-up Area,Whitefield,2.0,2.0,79.5,1495.0,2.0,747.5,1.0,1,1
Super built-up Area,Hennur Road,,,93.865,1664.0,3.0,554.6666666666666,,0,1
Built-up Area,Narayanapura,3.0,2.0,85.0,1485.0,3.0,495.0,1.0,1,0
Super built-up Area,Dommasandra,2.0,2.0,31.5,1033.0,3.0,344.3333333333333,0.6666666666666666,0,0
Super built-up Area,Electronic City,2.0,1.0,48.0,1400.0,3.0,466.6666666666667,0.6666666666666666,1,1
Built-up Area,Indira Nagar,1.0,0.0,70.0,500.0,1.0,500.0,1.0,1,0
Super built-up Area,Sarjapur  Road,2.0,1.0,35.0,944.0,2.0,472.0,1.0,1,1
Built-up Area,Whitefield,5.0,0.0,290.0,3250.0,5.0,650.0,1.0,1,0
Super built-up Area,Whitefield,2.0,1.0,66.48,1216.0,2.0,608.0,1.0,0,1
Super built-up Area,Thirumenahalli,2.0,1.0,39.5,1100.0,2.0,550.0,1.0,1,0
Super built-up Area,Thanisandra,3.0,2.0,93.25,1743.0,3.0,581.0,1.0,1,1
Super built-up Area,Yelahanka,2.0,2.0,48.42,1274.0,2.0,637.0,1.0,1,1
Super built-up Area,Lavelle Road,3.0,2.0,425.0,2500.0,3.0,833.3333333333334,1.0,1,0
Super built-up Area,Mysore Road,2.0,2.0,110.0,1512.0,3.0,504.0,0.6666666666666666,1,1
Super built-up Area,Dollars Colony,5.0,1.0,385.0,3100.0,4.0,775.0,1.25,1,0
Super built-up Area,Cox Town,3.0,3.0,100.0,1650.0,3.0,550.0,1.0,1,0
Built-up Area,Doddathoguru,3.0,1.0,55.0,1875.0,3.0,625.0,1.0,1,1
Built-up Area,Whitefield,3.0,2.0,54.0,1350.0,3.0,450.0,1.0,1,0
Super built-up Area,Rajiv Gandhi Nagar,2.0,2.0,40.0,1219.0,2.0,609.5,1.0,1,0
Plot Area,Goraguntepalya,4.0,1.0,150.0,1200.0,4.0,300.0,1.0,1,0
Plot Area,Sarjapura - Attibele Road,3.0,3.0,85.0,2400.0,3.0,800.0,1.0,1,0
Super built-up Area,Hormavu,2.0,1.0,44.4,1141.0,2.0,570.5,1.0,1,0
Super built-up Area,Anandapura,2.0,1.0,43.1,1151.0,2.0,575.5,1.0,1,1
Super built-up Area,Sarjapur  Road,2.0,1.0,38.0,915.0,2.0,457.5,1.0,1,1
Plot Area,Rajankunte,3.0,0.0,270.0,3259.0,3.0,1086.3333333333333,1.0,1,0
Super built-up Area,Bannerghatta Road,2.0,1.0,65.12,1115.0,2.0,557.5,1.0,0,1
Super built-up Area,Thigalarapalya,4.0,2.0,139.0,2072.0,3.0,690.6666666666666,1.3333333333333333,1,1
Super built-up Area,Kaggadasapura,2.0,2.0,53.0,1200.0,2.0,600.0,1.0,1,1
Super built-up Area,Singasandra,2.0,2.0,65.0,1300.0,2.0,650.0,1.0,1,1
Super built-up Area,Bellandur,2.0,2.0,85.0,1457.0,2.0,728.5,1.0,1,1
Super built-up Area,Kannamangala,2.0,2.0,55.0,1262.0,2.0,631.0,1.0,1,1
Super built-up Area,Ananth Nagar,2.0,2.0,22.5,900.0,2.0,450.0,1.0,0,0
Built-up Area,Attibele,1.0,1.0,17.0,420.0,1.0,420.0,1.0,1,1
Super built-up Area,Kanakapura,2.0,1.0,46.39,1160.0,2.0,580.0,1.0,1,0
Super built-up Area,Kasavanhalli,2.0,2.0,50.0,1115.0,2.0,557.5,1.0,1,0
Built-up Area,JP Nagar,2.0,1.0,85.4,1315.0,3.0,438.3333333333333,0.6666666666666666,1,0
Built-up Area,Babusapalaya,2.0,2.0,57.0,1500.0,2.0,750.0,1.0,1,0
Super built-up Area,HSR Layout,2.0,1.0,68.0,1127.0,2.0,563.5,1.0,1,1
Super built-up Area,Kundalahalli,3.0,2.0,104.0,1397.0,3.0,465.6666666666667,1.0,0,1
Built-up Area,Whitefield,2.0,1.0,60.0,1173.0,2.0,586.5,1.0,0,0
Super built-up Area,Sompura,2.0,2.0,28.0,1090.0,2.0,545.0,1.0,1,0
Super built-up Area,Sarjapur  Road,5.0,,210.0,2720.0,3.0,906.6666666666666,1.6666666666666667,1,1
Super built-up Area,Jakkur,2.0,1.0,76.0,1230.0,2.0,615.0,1.0,0,1
Super built-up Area,6th Block Rajaji Nagar,3.0,3.0,190.0,3200.0,4.0,800.0,0.75,1,0
Super built-up Area,Sarjapur  Road,2.0,1.0,31.57,858.0,2.0,429.0,1.0,0,1
Super built-up Area,Talaghattapura,3.0,1.0,121.0,1868.0,3.0,622.6666666666666,1.0,0,1
Super built-up Area,Uttarahalli,3.0,2.0,91.2,1689.28,3.0,563.0933333333334,1.0,1,1
Super built-up Area,Banashankari,3.0,3.0,49.88,1425.0,3.0,475.0,1.0,1,0
Plot Area,Tindlu,2.0,1.0,100.0,1350.0,2.0,675.0,1.0,1,0
Built-up Area,Channasandra,6.0,0.0,180.0,4200.0,6.0,700.0,1.0,1,0
Super built-up Area,Uttarahalli,2.0,1.0,85.0,1310.0,3.0,436.6666666666667,0.6666666666666666,1,1
Super built-up Area,Haralur Road,,,175.0,3185.0,4.0,796.25,,0,1
Super built-up Area,MLA Layout,2.0,1.0,40.0,970.0,2.0,485.0,1.0,1,0
Super built-up Area,Kundalahalli,3.0,3.0,108.0,1397.0,3.0,465.6666666666667,1.0,0,1
Super built-up Area,Sarjapur,2.0,1.0,40.0,1157.0,2.0,578.5,1.0,0,1
Super built-up Area,Kasavanhalli,2.0,1.0,61.2,1125.0,2.0,562.5,1.0,1,0
Super built-up Area,Sonnenahalli,2.0,1.0,42.0,1157.0,2.0,578.5,1.0,1,1
Super built-up Area,Sarjapur  Road,2.0,1.0,82.0,1241.0,2.0,620.5,1.0,1,1
Super built-up Area,Binny Pete,1.0,1.0,62.0,660.0,1.0,660.0,1.0,0,1
Built-up Area,Marathahalli,4.0,3.0,220.0,4000.0,4.0,1000.0,1.0,1,1
Super built-up Area,Rajiv Nagar,4.0,1.0,148.0,2340.0,4.0,585.0,1.0,1,1
Built-up Area,Venkatadri Layout,1.0,1.0,42.0,596.0,1.0,596.0,1.0,1,1
Super built-up Area,Koramangala Industrial Layout,16.0,,550.0,10000.0,16.0,625.0,1.0,1,0
Plot Area,Kyalasanahalli,4.0,3.0,110.0,1200.0,4.0,300.0,1.0,1,1
Super built-up Area,Ambedkar Colony,3.0,1.0,190.0,1910.0,3.0,636.6666666666666,1.0,1,1
Super built-up Area,Brookefield,2.0,2.0,80.0,1139.0,2.0,569.5,1.0,1,1
Super built-up Area,Thigalarapalya,5.0,2.0,225.0,3122.0,4.0,780.5,1.25,1,1
Super built-up Area,Sarjapura - Attibele Road,2.0,2.0,28.41,1033.0,2.0,516.5,1.0,0,0
Super built-up Area,Yeshwanthpur,2.0,2.0,64.08,1168.0,2.0,584.0,1.0,1,1
Super built-up Area,Chandapura,2.0,3.0,42.0,877.0,2.0,438.5,1.0,1,0
Built-up Area,Electronics City Phase 1,2.0,2.0,75.0,1340.0,2.0,670.0,1.0,0,1
Built-up Area,B Narayanapura,2.0,2.0,70.0,1405.0,3.0,468.3333333333333,0.6666666666666666,1,1
Super built-up Area,Siddapura,3.0,3.0,65.0,1800.0,3.0,600.0,1.0,1,0
Built-up Area,Devarabeesana Halli,3.0,3.0,149.0,1750.0,3.0,583.3333333333334,1.0,1,1
Super built-up Area,Motappa Layout,2.0,1.0,65.0,1360.0,3.0,453.3333333333333,0.6666666666666666,1,1
Super built-up Area,Byrasandra,2.0,1.0,63.0,985.0,2.0,492.5,1.0,0,1
Super built-up Area,Victoria Layout,2.0,1.0,129.0,1300.0,2.0,650.0,1.0,0,0
Super built-up Area,7th Phase JP Nagar,3.0,2.0,150.0,1850.0,3.0,616.6666666666666,1.0,1,1
Super built-up Area,Rustam Bagh Layout,2.0,3.0,88.0,1490.0,3.0,496.6666666666667,0.6666666666666666,1,1
Super built-up Area,Byagadadhenahalli,1.0,1.0,25.0,620.0,2.0,310.0,0.5,1,1
Super built-up Area,Hormavu,2.0,1.0,42.3,1130.0,2.0,565.0,1.0,0,0
Super built-up Area,Yelachenahalli,2.0,2.0,55.0,1080.0,2.0,540.0,1.0,1,1
Built-up Area,Singasandra,4.0,,120.0,3126.0,4.0,781.5,1.0,1,0
Super built-up Area,Begur Road,2.0,3.0,52.17,1410.0,3.0,470.0,0.6666666666666666,1,1
Super built-up Area,Bommanahalli,3.0,2.0,59.0,1375.0,3.0,458.3333333333333,1.0,1,0
Super built-up Area,Hennur Road,2.0,1.0,94.5,1290.0,3.0,430.0,0.6666666666666666,1,1
Super built-up Area,Hosa Road,2.0,1.0,85.28,1318.0,3.0,439.3333333333333,0.6666666666666666,0,1
Super built-up Area,Electronic City,2.0,1.0,68.0,1128.0,2.0,564.0,1.0,1,1
Plot Area,Meenakunte,4.0,2.0,255.0,4428.0,4.0,1107.0,1.0,1,1
Super built-up Area,Kanakpura Road,2.0,2.0,56.74,1051.0,2.0,525.5,1.0,0,1
Plot Area,Kengeri,5.0,0.0,275.0,3500.0,3.0,1166.6666666666667,1.6666666666666667,1,0
Plot Area,Kannamangala,4.0,1.0,130.0,2400.0,4.0,600.0,1.0,1,1
Super built-up Area,Yelahanka,2.0,3.0,85.0,1327.0,2.0,663.5,1.0,1,1
Super built-up Area,Thigalarapalya,6.0,2.0,210.0,2912.0,4.0,728.0,1.5,1,1
Super built-up Area,Basapura,2.0,2.0,55.0,1301.0,2.0,650.5,1.0,1,1
Super built-up Area,Thippasandra,1.0,0.0,30.0,650.0,1.0,650.0,1.0,1,0
Plot Area,Varthur,3.0,1.0,67.75,1200.0,3.0,400.0,1.0,0,0
Super built-up Area,Banagiri Nagar,2.0,2.0,89.99,1500.0,3.0,500.0,0.6666666666666666,1,0
Plot Area,Kumara Park,6.0,,675.0,2700.0,4.0,675.0,1.5,1,0
Plot Area,Nagadevanahalli,4.0,2.0,145.0,1350.0,4.0,337.5,1.0,1,0
Built-up Area,Electronic City Phase II,2.0,1.0,28.88,1000.0,2.0,500.0,1.0,0,1
Super built-up Area,Sarjapur  Road,2.0,1.0,45.91,984.0,2.0,492.0,1.0,0,1
Super built-up Area,Jakkur,3.0,1.0,160.0,1819.18,3.0,606.3933333333333,1.0,0,1
Built-up Area,Nagarbhavi,1.0,0.0,175.0,900.0,1.0,900.0,1.0,1,0
Super built-up Area,Hebbal,3.0,1.0,83.87,1355.0,3.0,451.6666666666667,1.0,0,1
Super built-up Area,Sarakki Nagar,4.0,1.0,270.0,2145.0,3.0,715.0,1.3333333333333333,1,1
Super built-up Area,Malleshwaram,4.0,3.0,300.0,2475.0,3.0,825.0,1.3333333333333333,1,1
Super built-up Area,Kaggadasapura,2.0,0.0,30.0,1118.0,2.0,559.0,1.0,0,0
Super built-up Area,Roopena Agrahara,1.0,1.0,42.0,910.0,1.0,910.0,1.0,1,0
Super built-up Area,Madiwala,3.0,2.0,39.0,1250.0,3.0,416.6666666666667,1.0,0,0
Super built-up Area,Hosakerehalli,2.0,3.0,100.0,1304.0,2.0,652.0,1.0,0,1
Super built-up Area,Begur Road,3.0,2.0,58.0,1615.0,3.0,538.3333333333334,1.0,1,1
Super built-up Area,Sarjapur  Road,2.0,2.0,68.0,1400.0,2.0,700.0,1.0,1,1
Super built-up Area,CV Raman Nagar,2.0,2.0,47.5,1070.0,2.0,535.0,1.0,1,1
Super built-up Area,Hebbal,3.0,3.0,395.0,3500.0,3.0,1166.6666666666667,1.0,0,1
Super built-up Area,Hoodi,2.0,1.0,89.37,1132.0,2.0,566.0,1.0,0,1
Super built-up Area,Rajarajeshwari Nagara,3.0,2.0,85.0,2000.0,3.0,666.6666666666666,1.0,1,0
Plot Area,Hebbal,5.0,1.0,550.0,2400.0,7.0,342.85714285714283,0.7142857142857143,1,0
Super built-up Area,Sector 2 HSR Layout,1.0,2.0,65.0,794.0,1.0,794.0,1.0,1,1
Super built-up Area,Raja Rajeshwari Nagar,2.0,2.0,43.59,1090.0,2.0,545.0,1.0,1,1
Super built-up Area,Gottigere,3.0,2.0,70.0,1500.0,3.0,500.0,1.0,1,1
Super built-up Area,1st Phase JP Nagar,3.0,2.0,225.0,2059.0,3.0,686.3333333333334,1.0,1,1
Super built-up Area,Bhoganhalli,2.0,1.0,75.97,1447.0,2.0,723.5,1.0,0,1
Super built-up Area,Whitefield,2.0,1.0,75.0,1269.0,2.0,634.5,1.0,0,1
Plot Area,KR Layout,4.0,0.0,700.0,4800.0,4.0,1200.0,1.0,0,0
Super built-up Area,Kanakpura Road,2.0,2.0,37.45,1070.0,2.0,535.0,1.0,1,1
Super built-up Area,Talaghattapura,2.0,0.0,28.0,1150.0,2.0,575.0,1.0,1,0
Super built-up Area,Marathahalli,2.0,2.0,70.0,1208.0,2.0,604.0,1.0,1,0
Super built-up Area,Ramamurthy Nagar,2.0,1.0,45.5,1185.0,2.0,592.5,1.0,1,1
Plot Area,Laggere,3.0,1.0,130.0,1200.0,3.0,400.0,1.0,1,0
Super built-up Area,Anekal,2.0,1.0,34.0,888.0,2.0,444.0,1.0,1,0
Super built-up Area,Chandapura,2.0,2.0,25.88,1015.0,2.0,507.5,1.0,0,1
Built-up Area,Celebrity Paradise Layout,1.0,1.0,22.49,532.0,1.0,532.0,1.0,1,0
Super built-up Area,St Thomas Town,3.0,1.0,62.0,1060.0,3.0,353.3333333333333,1.0,1,0
Built-up Area,Electronic City,1.0,1.0,35.0,700.0,1.0,700.0,1.0,1,0
Super built-up Area,Ckikkakammana Halli,2.0,2.0,42.0,902.0,2.0,451.0,1.0,1,1
Super built-up Area,Binny Pete,2.0,1.0,122.0,1365.0,2.0,682.5,1.0,0,1
Super built-up Area,Doddathoguru,2.0,1.0,51.0,984.0,2.0,492.0,1.0,1,1
Plot Area,Hebbal,2.0,2.0,100.0,2700.0,4.0,675.0,0.5,1,0
Super built-up Area,Jalahalli East,3.0,2.0,96.0,1475.0,3.0,491.6666666666667,1.0,1,0
Super built-up Area,Haralur Road,2.0,2.0,79.0,1300.0,2.0,650.0,1.0,1,1
Built-up Area,Babusapalaya,2.0,2.0,43.59,1453.0,3.0,484.3333333333333,0.6666666666666666,1,0
Super built-up Area,Munivenkatppa Layout,2.0,3.0,160.0,1550.0,2.0,775.0,1.0,1,1
Built-up Area,Akshaya Nagar,3.0,,95.0,1666.0,3.0,555.3333333333334,1.0,1,1
Plot Area,Akshaya Nagar,4.0,2.0,160.0,1410.0,4.0,352.5,1.0,1,0
Plot Area,Yelahanka,5.0,3.0,800.0,4025.0,4.0,1006.25,1.25,0,1
Super built-up Area,Murugeshpalya,3.0,3.0,91.0,1845.0,3.0,615.0,1.0,1,1
Super built-up Area,Sarjapura - Attibele Road,3.0,3.0,52.0,1676.0,3.0,558.6666666666666,1.0,1,1
Super built-up Area,Uttarahalli,2.0,1.0,63.0,1137.0,2.0,568.5,1.0,0,1
Super built-up Area,Electronic City,2.0,1.0,70.5,1360.0,3.0,453.3333333333333,0.6666666666666666,1,1
Super built-up Area,Vijaya Bank Layout,2.0,2.0,70.0,1374.0,3.0,458.0,0.6666666666666666,1,1
Built-up Area,Judicial Layout,3.0,2.0,155.0,1700.0,3.0,566.6666666666666,1.0,1,0
Plot Area,Whitefield,5.0,0.0,250.0,3227.0,5.0,645.4,1.0,1,0
Super built-up Area,Ferrar Nagar,4.0,,125.0,2145.0,4.0,536.25,1.0,1,1
Plot Area,Koramangala,6.0,3.0,600.0,2400.0,4.0,600.0,1.5,1,0
Super built-up Area,Kasavanhalli,3.0,2.0,151.0,2170.0,3.0,723.3333333333334,1.0,0,0
Built-up Area,Bank Of Baroda Colony,2.0,1.0,55.0,1080.0,2.0,540.0,1.0,1,0
Built-up Area,Electronic City Phase II,3.0,3.0,100.0,1790.0,3.0,596.6666666666666,1.0,1,1
Super built-up Area,Doddathoguru,1.0,1.0,17.0,550.0,1.0,550.0,1.0,1,0
Built-up Area,Somasundara Palya,2.0,2.0,48.0,1033.0,2.0,516.5,1.0,1,1
Built-up Area,Kamala Nagar,2.0,1.0,80.0,1000.0,2.0,500.0,1.0,1,0
Super built-up Area,Binny Pete,6.0,2.0,280.0,2940.0,4.0,735.0,1.5,0,1
Super built-up Area,Kumarapalli,2.0,2.0,52.6,1240.0,2.0,620.0,1.0,1,1
Plot Area,Kasturi Nagar,5.0,1.0,450.0,1650.0,5.0,330.0,1.0,1,0
Built-up Area,Outer Ring Road East,2.0,0.0,97.0,1500.0,3.0,500.0,0.6666666666666666,0,1
Super built-up Area,Marathahalli,3.0,3.0,139.0,1730.0,3.0,576.6666666666666,1.0,1,1
Super built-up Area,Kasavanhalli,3.0,3.0,80.0,1915.0,3.0,638.3333333333334,1.0,1,0
Super built-up Area,Whitefield,3.0,2.0,79.0,1545.0,3.0,515.0,1.0,1,1
Super built-up Area,Marenahalli,4.0,2.0,140.0,1865.0,3.0,621.6666666666666,1.3333333333333333,0,0
Super built-up Area,Hebbal Kempapura,2.0,2.0,40.0,1150.0,2.0,575.0,1.0,1,0
Super built-up Area,HAL 3rd Stage,2.0,2.0,49.0,1200.0,2.0,600.0,1.0,0,0
Built-up Area,Kengeri,2.0,2.0,40.0,963.0,2.0,481.5,1.0,1,0
Plot Area,Marsur,3.0,1.0,120.0,1200.0,3.0,400.0,1.0,1,1
Super built-up Area,Basavangudi,4.0,3.0,260.0,2600.0,4.0,650.0,1.0,1,0
Built-up Area,Kaikondrahalli,4.0,,108.0,1700.0,4.0,425.0,1.0,1,1
Super built-up Area,Lingadheeranahalli,3.0,1.0,120.0,1682.0,3.0,560.6666666666666,1.0,1,1
Built-up Area,Yelahanka,2.0,2.0,65.0,1371.0,3.0,457.0,0.6666666666666666,1,1
Super built-up Area,Hennur Road,2.0,1.0,49.5,901.0,2.0,450.5,1.0,0,0
Super built-up Area,Ambalipura,3.0,1.0,120.0,1730.0,3.0,576.6666666666666,1.0,1,1
Plot Area,Konanakunte,4.0,0.0,125.0,1200.0,4.0,300.0,1.0,1,0
Super built-up Area,EPIP Zone,3.0,3.0,102.0,1500.0,3.0,500.0,1.0,1,1
Super built-up Area,Sarjapur  Road,6.0,,280.0,3785.0,4.0,946.25,1.5,1,1
Built-up Area,Nagawara Junction,4.0,2.0,245.0,3500.0,4.0,875.0,1.0,1,0
Carpet Area,Lingarajapuram,2.0,1.0,59.86,1203.0,2.0,601.5,1.0,1,1
Super built-up Area,Horamavu Banaswadi,2.0,2.0,54.0,1357.0,2.0,678.5,1.0,1,0
Super built-up Area,Vasantha Vallabha Nagar,3.0,2.0,76.0,1600.0,3.0,533.3333333333334,1.0,1,1
Built-up Area,Yelahanka New Town,1.0,1.0,13.5,350.0,1.0,350.0,1.0,1,1
Super built-up Area,Varthur,3.0,1.0,53.0,1665.0,3.0,555.0,1.0,1,1
Plot Area,Ramamurthy Nagar,3.0,3.0,200.0,1400.0,3.0,466.6666666666667,1.0,1,0
Super built-up Area,Sarjapur  Road,1.0,1.0,46.95,835.0,1.0,835.0,1.0,1,0
Plot Area,Chandra Layout,3.0,2.0,160.0,815.0,2.0,407.5,1.5,1,0
Super built-up Area,Haralur Road,2.0,1.0,80.0,1444.0,3.0,481.3333333333333,0.6666666666666666,1,1
Super built-up Area,Kanakapura,2.0,2.0,55.0,1277.0,2.0,638.5,1.0,1,0
Super built-up Area,Lingadheeranahalli,3.0,1.0,94.71,1521.0,3.0,507.0,1.0,1,1
Super built-up Area,Maithri Layout,2.0,1.0,40.0,1134.0,2.0,567.0,1.0,1,0
Super built-up Area,Vasanthapura,2.0,1.0,34.82,995.0,2.0,497.5,1.0,1,0
Super built-up Area,Old Madras Road,5.0,2.0,157.0,2760.0,3.0,920.0,1.6666666666666667,1,1
Built-up Area,Marathahalli,1.0,1.0,92.0,1325.0,2.0,662.5,0.5,1,1
Built-up Area,Kothanur,6.0,,150.0,4000.0,6.0,666.6666666666666,1.0,1,0
Built-up Area,Marathahalli,3.0,2.0,90.0,1525.0,3.0,508.3333333333333,1.0,1,0
Super built-up Area,Raja Rajeshwari Nagar 5th Stage,2.0,2.0,73.0,1320.0,3.0,440.0,0.6666666666666666,0,0
Super built-up Area,Electronics City Phase 1,1.0,1.0,23.0,650.0,1.0,650.0,1.0,1,1
Built-up Area,Old Airport Road,2.0,1.0,167.0,1858.0,3.0,619.3333333333334,0.6666666666666666,1,0
Super built-up Area,Electronic City,2.0,1.0,38.0,1150.0,2.0,575.0,1.0,0,0
Super built-up Area,Electronic City Phase II,2.0,1.0,40.0,769.0,2.0,384.5,1.0,1,1
Super built-up Area,Electronic City,3.0,2.0,105.0,1571.0,3.0,523.6666666666666,1.0,1,1
Super built-up Area,Hennur Road,3.0,1.0,86.56,1445.0,3.0,481.6666666666667,1.0,1,1
Super built-up Area,Hosur Road,2.0,2.0,135.0,1590.0,3.0,530.0,0.6666666666666666,1,1
Super built-up Area,Bommasandra,2.0,2.0,49.0,902.0,2.0,451.0,1.0,1,1
Plot Area,Sarjapur,3.0,1.0,140.0,2238.0,3.0,746.0,1.0,0,0
Built-up Area,Electronic City,2.0,1.0,31.49,1090.0,2.0,545.0,1.0,0,0
Built-up Area,Yelahanka,3.0,3.0,82.0,1712.0,3.0,570.6666666666666,1.0,1,1
Built-up Area,Haralur Road,2.0,1.0,68.0,1088.0,2.0,544.0,1.0,1,0
Super built-up Area,Somasundara Palya,3.0,3.0,63.1,1575.0,3.0,525.0,1.0,1,0
Plot Area,Nanjappa Garden,6.0,3.0,205.0,2150.0,6.0,358.3333333333333,1.0,1,0
Super built-up Area,Kundalahalli,3.0,2.0,150.0,1920.0,3.0,640.0,1.0,1,1
Plot Area,Margondanahalli,2.0,0.0,57.0,1000.0,2.0,500.0,1.0,1,0
Super built-up Area,Chennammana Kere,2.0,2.0,56.1,1100.0,2.0,550.0,1.0,0,0
Super built-up Area,Electronic City,2.0,2.0,45.0,1089.0,2.0,544.5,1.0,1,1
Built-up Area,Horamavu Agara,2.0,1.0,43.09,1106.0,2.0,553.0,1.0,1,1
Super built-up Area,Kengeri,2.0,2.0,37.0,927.0,2.0,463.5,1.0,0,0
Super built-up Area,Kanakpura Road,2.0,2.0,58.0,1339.0,2.0,669.5,1.0,1,1
Built-up Area,Thanisandra,1.0,1.0,45.69,923.0,1.0,923.0,1.0,0,1
Plot Area,Sarjapur  Road,3.0,2.0,285.0,2900.0,3.0,966.6666666666666,1.0,0,0
Super built-up Area,Lakshminarayana Pura,2.0,2.0,75.0,1175.0,2.0,587.5,1.0,1,1
Built-up Area,Thubarahalli,2.0,1.0,55.0,975.0,2.0,487.5,1.0,1,1
Super built-up Area,Hebbal,4.0,1.0,180.0,2400.0,3.0,800.0,1.3333333333333333,1,1
Super built-up Area,Subramanyapura,3.0,2.0,72.0,1330.0,3.0,443.3333333333333,1.0,1,1
Super built-up Area,Thanisandra,2.0,1.0,59.74,1183.0,2.0,591.5,1.0,0,1
Super built-up Area,Harlur,3.0,2.0,133.0,1758.0,3.0,586.0,1.0,1,0
Plot Area,Nagarbhavi,3.0,2.0,265.0,1200.0,3.0,400.0,1.0,1,0
Built-up Area,Pai Layout,2.0,2.0,50.0,1100.0,2.0,550.0,1.0,1,1
Super built-up Area,Ramamurthy Nagar,2.0,2.0,46.8,1170.0,2.0,585.0,1.0,0,1
Built-up Area,Vayunandana Layout,5.0,2.0,120.0,2400.0,5.0,480.0,1.0,1,0
Super built-up Area,Raja Rajeshwari Nagar,3.0,3.0,51.77,1530.0,3.0,510.0,1.0,1,1
Built-up Area,Hebbal,2.0,2.0,107.0,1420.0,2.0,710.0,1.0,0,1
Plot Area,Geetanjali Layout,4.0,2.0,300.0,1200.0,4.0,300.0,1.0,1,0
Super built-up Area,Kanakpura Road,3.0,1.0,115.0,1591.0,3.0,530.3333333333334,1.0,0,1
Plot Area,Kenchenhalli,3.0,1.0,52.0,675.0,2.0,337.5,1.5,1,0
Super built-up Area,Hoodi,2.0,1.0,57.63,1055.0,2.0,527.5,1.0,0,1
Super built-up Area,Iblur Village,3.0,2.0,129.0,1918.0,3.0,639.3333333333334,1.0,1,1
Super built-up Area,Sarjapur  Road,2.0,1.0,76.0,1280.0,2.0,640.0,1.0,0,1
Super built-up Area,Nagarbhavi,3.0,3.0,66.0,1560.0,3.0,520.0,1.0,1,1
Super built-up Area,Sarjapur  Road,2.0,2.0,49.5,1145.0,2.0,572.5,1.0,1,1
Super built-up Area,"EPIP AREA, WHITEFIELD",3.0,2.0,139.0,1801.0,3.0,600.3333333333334,1.0,1,0
Super built-up Area,Rajaji Nagar,3.0,2.0,288.0,1718.0,2.0,859.0,1.5,1,1
Super built-up Area,Whitefield,3.0,2.0,54.65,1306.0,3.0,435.3333333333333,1.0,0,1
Super built-up Area,Hebbal,2.0,1.0,92.0,1320.0,2.0,660.0,1.0,0,1
Built-up Area,1st Stage Domlur,2.0,2.0,65.0,1350.0,3.0,450.0,0.6666666666666666,1,0
Built-up Area,"RMV extension stage 2, rmv extension",4.0,,324.0,2990.0,4.0,747.5,1.0,1,0
Built-up Area,Kalyan nagar,5.0,3.0,300.0,3800.0,4.0,950.0,1.25,1,1
Super built-up Area,Bannerghatta Road,2.0,1.0,42.0,1344.0,3.0,448.0,0.6666666666666666,1,1
Super built-up Area,Bannerghatta Road,3.0,2.0,100.0,1893.0,3.0,631.0,1.0,1,0
Super built-up Area,Chandapura,2.0,1.0,43.0,1107.0,3.0,369.0,0.6666666666666666,1,0
Super built-up Area,Lakshminarayana Pura,2.0,1.0,75.0,1190.0,2.0,595.0,1.0,1,1
Built-up Area,Whitefield,2.0,1.0,35.0,1000.0,2.0,500.0,1.0,1,1
Plot Area,Kalhalli,2.0,1.0,160.0,2400.0,2.0,1200.0,1.0,1,1
Super built-up Area,Kumaraswami Layout,2.0,1.0,48.5,1000.0,2.0,500.0,1.0,1,1
Super built-up Area,Jalahalli,3.0,2.0,155.0,2113.0,3.0,704.3333333333334,1.0,1,1
Built-up Area,KR Puram,2.0,1.0,46.0,1100.0,2.0,550.0,1.0,1,0
Super built-up Area,Harlur,4.0,2.0,120.0,1884.0,4.0,471.0,1.0,1,1
Super built-up Area,Electronic City,2.0,1.0,40.0,1110.0,2.0,555.0,1.0,1,1
Super built-up Area,Kudlu,2.0,2.0,43.0,1027.0,2.0,513.5,1.0,1,1
Super built-up Area,Tavarekere,3.0,2.0,40.0,1250.0,3.0,416.6666666666667,1.0,0,0
Built-up Area,Sarjapur  Road,3.0,0.0,62.0,1470.0,3.0,490.0,1.0,1,0
Built-up Area,Kamakshipalya,2.0,1.0,75.0,1150.0,2.0,575.0,1.0,0,0
Plot Area,Hadosiddapura,3.0,2.0,165.0,1200.0,3.0,400.0,1.0,1,1
Super built-up Area,Kudlu Gate,1.0,1.0,52.0,703.0,1.0,703.0,1.0,0,1
Super built-up Area,Vijaya Bank Colony,2.0,2.0,62.0,1400.0,3.0,466.6666666666667,0.6666666666666666,1,0
Super built-up Area,Bellandur,2.0,2.0,51.0,1195.0,2.0,597.5,1.0,1,1
Super built-up Area,Narayanapura,2.0,1.0,69.1,1302.0,2.0,651.0,1.0,1,1
Super built-up Area,Begur Road,3.0,1.0,74.4,1583.0,3.0,527.6666666666666,1.0,0,1
Super built-up Area,Kumarapalli,2.0,3.0,60.0,1488.0,3.0,496.0,0.6666666666666666,1,1
Super built-up Area,Kammasandra,2.0,2.0,34.63,1385.0,3.0,461.6666666666667,0.6666666666666666,0,1
Super built-up Area,Whitefield,4.0,2.0,260.0,3262.0,4.0,815.5,1.0,1,0
Built-up Area,Electronic City,3.0,2.0,104.0,1600.0,3.0,533.3333333333334,1.0,0,1
Super built-up Area,Old Airport Road,2.0,1.0,90.0,1150.0,2.0,575.0,1.0,1,1
Plot Area,Lakkasandra,9.0,,166.0,4500.0,9.0,500.0,1.0,1,0
Super built-up Area,Sarjapur  Road,2.0,1.0,78.0,1263.0,2.0,631.5,1.0,1,0
Super built-up Area,Kanakpura Road,2.0,2.0,85.0,1299.0,2.0,649.5,1.0,0,1
Super built-up Area,Banashankari,2.0,1.0,78.0,1330.0,2.0,665.0,1.0,1,0
Super built-up Area,Devanahalli,2.0,2.0,52.43,1282.0,3.0,427.3333333333333,0.6666666666666666,0,1
Built-up Area,"JP Nagar 8th Phase,",3.0,2.0,82.0,1853.0,3.0,617.6666666666666,1.0,1,0
Super built-up Area,Kachanayakanahalli,2.0,1.0,35.0,861.0,2.0,430.5,1.0,1,1
Built-up Area,Bannerghatta Road,3.0,2.0,95.0,1600.0,3.0,533.3333333333334,1.0,1,1
Built-up Area,Nagaraja Garden,2.0,1.0,62.8,1256.0,2.0,628.0,1.0,1,0
Super built-up Area,Tejaswini Nagar,2.0,2.0,80.0,1390.0,3.0,463.3333333333333,0.6666666666666666,1,1
Super built-up Area,Ashwath Nagar,2.0,,90.0,1550.0,3.0,516.6666666666666,0.6666666666666666,1,1
Built-up Area,Hebbal,2.0,1.0,49.0,919.0,2.0,459.5,1.0,1,0
Plot Area,Margondanahalli,3.0,0.0,80.0,1625.0,3.0,541.6666666666666,1.0,0,0
Super built-up Area,Gunjur,2.0,2.0,44.0,1195.0,2.0,597.5,1.0,1,1
Super built-up Area,Domlur,4.0,1.0,600.0,2400.0,6.0,400.0,0.6666666666666666,1,0
Super built-up Area,Yelenahalli,2.0,1.0,60.0,1159.0,2.0,579.5,1.0,1,1
Super built-up Area,Whitefield,3.0,1.0,57.46,1386.0,3.0,462.0,1.0,0,1
Super built-up Area,Harlur,2.0,1.0,79.0,1197.0,2.0,598.5,1.0,1,1
Super built-up Area,Jigani,,,226.0,4303.5,4.0,1075.875,,1,1
Super built-up Area,Bommasandra,2.0,1.0,50.28,1295.0,3.0,431.6666666666667,0.6666666666666666,0,1
Built-up Area,Huskur,2.0,1.0,37.83,1310.0,3.0,436.6666666666667,0.6666666666666666,0,0
Super built-up Area,Whitefield,2.0,1.0,79.28,1132.0,2.0,566.0,1.0,0,1
Built-up Area,6th block Koramangala,3.0,2.0,400.0,2350.0,3.0,783.3333333333334,1.0,1,1
Plot Area,4th Block Koramangala,4.0,,500.0,2400.0,4.0,600.0,1.0,1,0
Super built-up Area,Hebbal,3.0,2.0,135.0,1645.0,3.0,548.3333333333334,1.0,0,1
Super built-up Area,Whitefield,2.0,1.0,45.84,1200.0,2.0,600.0,1.0,0,0
Plot Area,Whitefield,4.0,0.0,330.0,3000.0,4.0,750.0,1.0,1,0
Super built-up Area,Marathahalli,3.0,2.0,140.0,1937.0,3.0,645.6666666666666,1.0,1,1
Super built-up Area,Doddathoguru,2.0,2.0,33.5,1015.0,2.0,507.5,1.0,1,1
Super built-up Area,Nagadevanahalli,2.0,2.0,39.0,1080.0,2.0,540.0,1.0,1,0
Super built-up Area,Kathriguppe,2.0,2.0,80.99,1350.0,3.0,450.0,0.6666666666666666,1,1
Super built-up Area,Kengeri Satellite Town,2.0,2.0,29.0,1149.0,3.0,383.0,0.6666666666666666,0,1
Super built-up Area,Kothanur,2.0,2.0,59.0,1185.0,2.0,592.5,1.0,1,0
Super built-up Area,Domlur,3.0,1.0,135.0,1720.0,3.0,573.3333333333334,1.0,1,0
Super built-up Area,Hebbal,3.0,3.0,175.0,2080.0,3.0,693.3333333333334,1.0,1,0
Plot Area,Tindlu,3.0,1.0,87.0,1500.0,3.0,500.0,1.0,1,1
Super built-up Area,Yelahanka,3.0,2.0,97.0,1566.0,3.0,522.0,1.0,1,1
Super built-up Area,Rajaji Nagar,3.0,,334.0,2386.0,3.0,795.3333333333334,1.0,1,1
Plot Area,KSRTC Layout,4.0,0.0,110.0,1500.0,4.0,375.0,1.0,1,0
Super built-up Area,KR Puram,2.0,1.0,49.02,1290.0,2.0,645.0,1.0,1,1
Built-up Area,"JP nagar 9th Phase,",3.0,2.0,72.0,1531.0,3.0,510.3333333333333,1.0,0,0
Super built-up Area,Keshava Nagar,3.0,3.0,165.0,1839.0,3.0,613.0,1.0,1,1
Plot Area,Dollars Layout,4.0,1.0,760.0,4200.0,4.0,1050.0,1.0,1,0
Super built-up Area,Electronic City Phase II,2.0,2.0,40.43,1400.0,3.0,466.6666666666667,0.6666666666666666,0,1
Super built-up Area,Whitefield,2.0,2.0,39.0,1140.0,2.0,570.0,1.0,1,1
Super built-up Area,Tumkur Road,3.0,0.0,57.76,1343.5,3.0,447.8333333333333,1.0,0,1
Built-up Area,Banashankari Stage III,4.0,0.0,100.0,2000.0,4.0,500.0,1.0,1,0
Built-up Area,Kaval Byrasandra,2.0,1.0,46.0,1100.0,2.0,550.0,1.0,1,1
Built-up Area,Vignana Nagar,2.0,2.0,55.0,1200.0,2.0,600.0,1.0,1,1
Super built-up Area,Bannerghatta,3.0,1.0,68.0,1618.0,3.0,539.3333333333334,1.0,0,0
Super built-up Area,Whitefield,5.0,2.0,160.0,2830.0,4.0,707.5,1.25,0,1
Super built-up Area,Uttarahalli,2.0,2.0,74.0,1315.0,3.0,438.3333333333333,0.6666666666666666,1,1
Super built-up Area,Anandapura,2.0,1.0,42.75,1141.0,2.0,570.5,1.0,1,1
Super built-up Area,AECS Layout,2.0,2.0,55.0,1080.0,2.0,540.0,1.0,1,1
Super built-up Area,HBR Layout,2.0,2.0,60.0,1200.0,2.0,600.0,1.0,1,1
Super built-up Area,Varthur,2.0,2.0,41.88,1111.0,2.0,555.5,1.0,1,1
Super built-up Area,NGR Layout,2.0,1.0,45.9,1022.0,2.0,511.0,1.0,1,0
Super built-up Area,Bannerghatta Road,2.0,2.0,65.0,1275.0,2.0,637.5,1.0,1,1
Super built-up Area,4th Block Jayanagar,2.0,1.0,70.0,900.0,2.0,450.0,1.0,1,0
Super built-up Area,Rachenahalli,2.0,3.0,39.2,1224.0,2.0,612.0,1.0,1,0
Super built-up Area,Battarahalli,2.0,3.0,43.0,1135.0,2.0,567.5,1.0,1,1
Super built-up Area,Rachenahalli,2.0,2.0,52.1,1050.0,2.0,525.0,1.0,1,0
Super built-up Area,Nagavarapalya,2.0,1.0,130.0,1392.0,2.0,696.0,1.0,0,1
Super built-up Area,Bellandur,2.0,2.0,72.0,1050.0,2.0,525.0,1.0,1,1
Super built-up Area,Hosa Road,3.0,1.0,103.0,1513.0,3.0,504.3333333333333,1.0,0,1
Super built-up Area,Gottigere,3.0,3.0,72.0,1621.0,3.0,540.3333333333334,1.0,1,1
Super built-up Area,Bannerghatta Road,2.0,1.0,39.0,892.0,2.0,446.0,1.0,1,1
Super built-up Area,Whitefield,2.0,1.0,40.0,1205.0,2.0,602.5,1.0,1,1
Super built-up Area,Hebbal,3.0,2.0,83.87,1355.0,3.0,451.6666666666667,1.0,0,1
Super built-up Area,Karnataka Shabarimala,6.0,3.0,70.0,1200.0,4.0,300.0,1.5,1,0
Super built-up Area,Indira Nagar,2.0,2.0,168.0,1400.0,2.0,700.0,1.0,1,1
Super built-up Area,Kengeri,2.0,1.0,35.0,726.0,2.0,363.0,1.0,0,1
Plot Area,Singena Agrahara,3.0,2.0,149.0,1500.0,3.0,500.0,1.0,1,1
Super built-up Area,Hebbal,4.0,2.0,405.0,3895.0,4.0,973.75,1.0,1,0
Super built-up Area,Horamavu Agara,2.0,2.0,41.0,1079.0,2.0,539.5,1.0,0,0
Super built-up Area,Begur Road,2.0,2.0,46.0,1170.0,2.0,585.0,1.0,1,1
Super built-up Area,Doddathoguru,2.0,2.0,39.0,1104.0,2.0,552.0,1.0,1,1
Super built-up Area,Kanakpura Road,2.0,1.0,45.0,950.0,2.0,475.0,1.0,1,1
Built-up Area,Hormavu,4.0,3.0,390.0,4818.0,4.0,1204.5,1.0,1,1
Built-up Area,Canara Bank Colony,2.0,1.0,52.0,1650.0,3.0,550.0,0.6666666666666666,1,1
Super built-up Area,Kogilu,3.0,2.0,127.0,1559.0,3.0,519.6666666666666,1.0,0,1
Built-up Area,Hanumagiri,2.0,1.0,38.0,1100.0,2.0,550.0,1.0,1,1
Super built-up Area,Benson Town,3.0,3.0,150.0,1750.0,3.0,583.3333333333334,1.0,1,1
Super built-up Area,Ramagondanahalli,2.0,1.0,45.5,1215.0,2.0,607.5,1.0,0,1
Super built-up Area,Talaghattapura,3.0,1.0,135.0,1868.0,3.0,622.6666666666666,1.0,0,1
Built-up Area,Electronic City,2.0,1.0,32.63,1130.0,2.0,565.0,1.0,0,0
Super built-up Area,Sarjapur  Road,3.0,1.0,98.0,1691.0,3.0,563.6666666666666,1.0,1,0
Built-up Area,Ardendale,3.0,1.0,350.0,4355.0,5.0,871.0,0.6,1,0
Super built-up Area,Hulimavu,2.0,2.0,55.0,1225.0,2.0,612.5,1.0,0,1
Super built-up Area,JP Nagar,3.0,2.0,112.0,1690.0,3.0,563.3333333333334,1.0,1,0
Super built-up Area,Kasturi Nagar,3.0,1.0,125.0,1896.0,4.0,474.0,0.75,1,1
Super built-up Area,Sonnenahalli,1.0,1.0,40.0,605.0,1.0,605.0,1.0,0,1
Super built-up Area,Electronic City Phase II,2.0,2.0,32.5,900.0,2.0,450.0,1.0,1,1
Plot Area,Cholanayakanahalli,2.0,0.0,50.0,750.0,1.0,750.0,2.0,1,0
Super built-up Area,Ananth Nagar,2.0,1.0,26.0,908.0,2.0,454.0,1.0,1,0
Built-up Area,Sarjapur  Road,6.0,0.0,143.0,3416.5,4.0,854.125,1.5,0,1
Super built-up Area,Thanisandra,4.0,1.0,226.0,3216.0,4.0,804.0,1.0,1,1
Plot Area,BEML Layout,4.0,1.0,225.0,2400.0,5.0,480.0,0.8,1,0
Built-up Area,Iblur Village,2.0,2.0,68.0,1400.0,2.0,700.0,1.0,1,0
Super built-up Area,Hulimavu,2.0,2.0,74.0,1255.0,2.0,627.5,1.0,1,1
Built-up Area,Electronic City,2.0,1.0,100.0,1500.0,3.0,500.0,0.6666666666666666,1,1
Super built-up Area,Thanisandra,2.0,2.0,72.0,1296.0,2.0,648.0,1.0,0,1
Super built-up Area,Horamavu Banaswadi,2.0,3.0,38.0,925.0,2.0,462.5,1.0,1,0
Built-up Area,Raja Rajeshwari Nagar,2.0,2.0,42.0,1023.0,2.0,511.5,1.0,1,1
Built-up Area,Seshadripuram,3.0,2.0,75.0,600.0,2.0,300.0,1.5,1,0
Super built-up Area,Thanisandra,2.0,1.0,44.5,1020.0,2.0,510.0,1.0,0,1
Super built-up Area,Choodasandra,3.0,2.0,77.0,1530.0,3.0,510.0,1.0,0,1
Super built-up Area,Gubbalala,3.0,2.0,71.0,1650.0,3.0,550.0,1.0,1,0
Built-up Area,Vijaya Bank Layout,2.0,3.0,85.0,1605.0,3.0,535.0,0.6666666666666666,1,1
Super built-up Area,Hosakerehalli,2.0,1.0,50.0,1925.0,2.0,962.5,1.0,1,0
Super built-up Area,Kogilu,2.0,2.0,50.66,1190.0,2.0,595.0,1.0,1,0
Super built-up Area,Jakkur,3.0,2.0,68.0,1374.0,3.0,458.0,1.0,1,0
Built-up Area,6th Phase JP Nagar,2.0,2.0,65.0,1140.0,2.0,570.0,1.0,1,1
Super built-up Area,Green Glen Layout,3.0,2.0,130.0,1725.0,3.0,575.0,1.0,1,1
Super built-up Area,Bisuvanahalli,2.0,1.0,50.0,1075.0,3.0,358.3333333333333,0.6666666666666666,1,1
Super built-up Area,Kannamangala,3.0,1.0,93.34,1574.0,3.0,524.6666666666666,1.0,1,1
Built-up Area,Sanjay nagar,1.0,1.0,32.0,965.0,1.0,965.0,1.0,1,0
Super built-up Area,Marathahalli,3.0,2.0,83.0,1550.0,3.0,516.6666666666666,1.0,1,1
Super built-up Area,Akshayanagara West,2.0,2.0,60.0,1205.0,2.0,602.5,1.0,1,1
Super built-up Area,Kambipura,2.0,1.0,55.0,1082.0,3.0,360.6666666666667,0.6666666666666666,1,1
Super built-up Area,Uttarahalli,2.0,2.0,52.85,1215.0,3.0,405.0,0.6666666666666666,1,1
Super built-up Area,Hebbal,5.0,2.0,230.0,2483.0,4.0,620.75,1.25,1,1
Plot Area,Prasanth Extension,3.0,1.0,46.14,1200.0,2.0,600.0,1.5,0,0
Super built-up Area,Chikkathoguru,1.0,1.0,19.5,1500.0,1.0,1500.0,1.0,1,0
Plot Area,1st Block Koramangala,4.0,2.0,600.0,2360.0,4.0,590.0,1.0,0,0
Super built-up Area,Ardendale,4.0,,250.0,3198.0,4.0,799.5,1.0,1,1
Super built-up Area,Kanakpura Road,3.0,3.0,60.98,1452.0,3.0,484.0,1.0,1,1
Super built-up Area,Electronic City Phase II,2.0,2.0,41.0,1329.0,3.0,443.0,0.6666666666666666,0,1
Super built-up Area,Doctors Layout,2.0,1.0,44.0,1125.0,2.0,562.5,1.0,1,0
Plot Area,Anand nagar,2.0,0.0,70.0,1200.0,2.0,600.0,1.0,1,0
Built-up Area,Sarjapur  Road,3.0,3.0,39.97,1350.0,3.0,450.0,1.0,1,0
Super built-up Area,Uttarahalli,3.0,0.0,51.19,1312.5,3.0,437.5,1.0,1,1
Super built-up Area,Hebbal,3.0,2.0,195.0,2600.0,3.0,866.6666666666666,1.0,0,1
Plot Area,West of Chord Road,2.0,1.0,160.0,1200.0,2.0,600.0,1.0,1,0
Built-up Area,Electronic City Phase II,3.0,1.0,35.23,1220.0,3.0,406.6666666666667,1.0,0,1
Super built-up Area,Pai Layout,2.0,1.0,80.0,1255.0,2.0,627.5,1.0,1,1
Super built-up Area,Keshava Nagar,3.0,3.0,155.0,1904.0,3.0,634.6666666666666,1.0,1,1
Super built-up Area,Somasundara Palya,2.0,2.0,70.0,1329.0,2.0,664.5,1.0,1,0
Plot Area,Chandapura,2.0,1.0,60.0,1200.0,2.0,600.0,1.0,1,0
Super built-up Area,Murugeshpalya,3.0,2.0,160.0,2135.0,3.0,711.6666666666666,1.0,1,1
Super built-up Area,Ramakrishnappa Layout,4.0,3.0,315.0,2770.0,3.0,923.3333333333334,1.3333333333333333,1,0
Built-up Area,"Hoodi Circle,",1.0,1.0,39.0,813.0,1.0,813.0,1.0,0,0
Plot Area,Junnasandra,4.0,3.0,240.0,3884.0,4.0,971.0,1.0,1,0
Plot Area,Doddaballapur,3.0,1.0,300.0,3876.0,3.0,1292.0,1.0,1,0
Super built-up Area,Kalena Agrahara,2.0,2.0,30.0,800.0,2.0,400.0,1.0,1,1
Plot Area,Handenahalli,2.0,1.0,120.0,4750.0,4.0,1187.5,0.5,1,0
Super built-up Area,Hormavu,3.0,3.0,70.0,1500.0,3.0,500.0,1.0,1,1
Super built-up Area,Bannerghatta Road,3.0,2.0,95.0,1880.0,3.0,626.6666666666666,1.0,1,1
Super built-up Area,Electronic City,2.0,2.0,55.0,1440.0,3.0,480.0,0.6666666666666666,1,1
Super built-up Area,Akshaya Nagar,3.0,,90.0,1575.0,3.0,525.0,1.0,1,1
Super built-up Area,Banagiri Nagar,2.0,2.0,97.78,1630.0,3.0,543.3333333333334,0.6666666666666666,1,0
Super built-up Area,Yelahanka,3.0,1.0,55.0,1180.0,3.0,393.3333333333333,1.0,1,0
Built-up Area,Nagadevanahalli,2.0,1.0,36.0,1090.0,2.0,545.0,1.0,1,0
Super built-up Area,NGR Layout,2.0,2.0,48.45,1020.0,2.0,510.0,1.0,1,0
Built-up Area,"Sarjapur Road,",4.0,3.0,173.0,2425.0,4.0,606.25,1.0,1,0
Super built-up Area,Varthur,2.0,1.0,33.82,1097.0,2.0,548.5,1.0,0,1
Super built-up Area,Raja Rajeshwari Nagar,2.0,1.0,50.0,1070.0,2.0,535.0,1.0,1,1
Super built-up Area,Kumaraswami Layout,2.0,1.0,58.0,1000.0,2.0,500.0,1.0,1,1
Super built-up Area,manyata tech park,2.0,1.0,56.0,1150.0,2.0,575.0,1.0,0,0
Built-up Area,Frazer Town,4.0,2.0,145.0,1900.0,3.0,633.3333333333334,1.3333333333333333,1,1
Super built-up Area,Divya Unnathi Layout,2.0,2.0,49.0,1141.0,2.0,570.5,1.0,1,0
Built-up Area,Jigani,2.0,1.0,44.0,937.0,2.0,468.5,1.0,1,1
Built-up Area,Green Glen Layout,2.0,1.0,60.0,1075.0,2.0,537.5,1.0,1,1
Super built-up Area,Panathur,2.0,1.0,65.3,1000.0,2.0,500.0,1.0,0,0
Super built-up Area,Kasavanhalli,3.0,,77.41,1450.0,3.0,483.3333333333333,1.0,1,0
Super built-up Area,Ashwathnagar,2.0,2.0,43.0,936.0,2.0,468.0,1.0,1,1
Built-up Area,Gopalkrishna Nagar,2.0,1.0,75.0,1280.0,2.0,640.0,1.0,1,0
Super built-up Area,Babusapalaya,2.0,3.0,45.0,1050.0,2.0,525.0,1.0,1,0
Super built-up Area,Marathahalli,2.0,1.0,86.0,1350.0,2.0,675.0,1.0,1,1
Super built-up Area,Mallasandra,2.0,1.0,70.0,1325.0,2.0,662.5,1.0,1,1
Super built-up Area,Devanahalli,2.0,1.0,59.0,1174.0,2.0,587.0,1.0,0,1
Super built-up Area,Hosur Road,3.0,2.0,162.0,1890.0,3.0,630.0,1.0,1,1
Super built-up Area,Wilson Garden,1.0,1.0,75.0,735.0,1.0,735.0,1.0,1,0
Built-up Area,Sarvabhouma Nagar,1.0,0.0,24.0,500.0,1.0,500.0,1.0,1,0
Super built-up Area,Gottigere,3.0,3.0,80.0,1304.0,3.0,434.6666666666667,1.0,1,0
Built-up Area,Yelahanka,3.0,2.0,120.0,1653.0,3.0,551.0,1.0,1,1
Super built-up Area,Bisuvanahalli,2.0,1.0,52.0,1075.0,3.0,358.3333333333333,0.6666666666666666,1,1
Super built-up Area,7th Phase JP Nagar,3.0,1.0,42.0,1212.0,2.0,606.0,1.5,1,1
Built-up Area,Hoysalanagar,2.0,1.0,50.0,1100.0,2.0,550.0,1.0,1,1
Super built-up Area,Rajaji Nagar,6.0,3.0,500.0,3436.0,4.0,859.0,1.5,1,1
Plot Area,SMV layout,4.0,0.0,145.0,1200.0,3.0,400.0,1.3333333333333333,1,0
Super built-up Area,Billekahalli,2.0,2.0,50.0,1140.0,2.0,570.0,1.0,1,0
Plot Area,Roopena Agrahara,2.0,1.0,100.0,1200.0,2.0,600.0,1.0,1,0
Super built-up Area,Kudlu Gate,3.0,2.0,83.0,1532.0,3.0,510.6666666666667,1.0,1,1
Plot Area,Doddaballapur,4.0,2.0,195.0,2776.0,3.0,925.3333333333334,1.3333333333333333,1,1
Super built-up Area,Padmanabhanagar,2.0,0.0,75.0,1531.0,3.0,510.3333333333333,0.6666666666666666,1,1
Super built-up Area,Uttarahalli,2.0,1.0,53.0,1325.0,2.0,662.5,1.0,0,1
Plot Area,CQAL LAYOUT C BLOCK,3.0,1.0,160.0,1200.0,3.0,400.0,1.0,1,0
Super built-up Area,Electronic City,2.0,2.0,44.0,1156.0,3.0,385.3333333333333,0.6666666666666666,0,1
Plot Area,R.T. Nagar,4.0,2.0,320.0,2000.0,4.0,500.0,1.0,1,0
Super built-up Area,Bannerghatta Road,2.0,2.0,70.0,1260.0,2.0,630.0,1.0,1,1
Super built-up Area,Vittasandra,2.0,0.0,90.0,1934.0,2.0,967.0,1.0,1,1
Super built-up Area,Malleshpalya,2.0,1.0,40.0,1060.0,2.0,530.0,1.0,1,0
Super built-up Area,Kasavanhalli,3.0,1.0,95.0,1476.0,3.0,492.0,1.0,1,1
Super built-up Area,Murugeshpalya,2.0,1.0,85.0,1185.0,2.0,592.5,1.0,1,1
Super built-up Area,Channasandra Layout,2.0,1.0,82.0,1265.0,3.0,421.6666666666667,0.6666666666666666,1,1
Built-up Area,"Near Electronic City,",5.0,1.0,150.0,3200.0,4.0,800.0,1.25,0,0
Super built-up Area,Virat Nagar,2.0,2.0,56.81,1196.0,2.0,598.0,1.0,1,0
Built-up Area,EPIP Zone,2.0,1.0,69.0,1280.0,2.0,640.0,1.0,1,0
Built-up Area,Hulimavu,2.0,,45.0,1175.0,2.0,587.5,1.0,1,1
Built-up Area,Kacharakanahalli,3.0,3.0,98.0,1850.0,3.0,616.6666666666666,1.0,1,0
Plot Area,Indira Nagar,4.0,2.0,525.0,2400.0,4.0,600.0,1.0,1,0
Super built-up Area,Whitefield,2.0,1.0,70.0,1195.0,2.0,597.5,1.0,1,1
Super built-up Area,Ulsoor,3.0,3.0,185.0,2000.0,3.0,666.6666666666666,1.0,1,0
Super built-up Area,Hosur Road,2.0,2.0,36.5,1180.0,2.0,590.0,1.0,1,1
Super built-up Area,Jakkur,2.0,1.0,49.87,1050.0,2.0,525.0,1.0,1,1
Built-up Area,Electronic City,2.0,1.0,40.44,1400.0,3.0,466.6666666666667,0.6666666666666666,0,0
Plot Area,Bagalakunte,4.0,2.0,150.0,2360.0,4.0,590.0,1.0,0,0
Super built-up Area,Banashankari stage 2,2.0,1.0,77.25,1030.0,2.0,515.0,1.0,1,0
Super built-up Area,Doddanakundi Industrial Area 2,1.0,2.0,65.01,1512.0,2.0,756.0,0.5,1,0
Built-up Area,Subramanyapura,2.0,1.0,48.0,929.0,2.0,464.5,1.0,1,1
Super built-up Area,Jigani,3.0,3.0,61.0,1252.0,3.0,417.3333333333333,1.0,1,1
Built-up Area,Green Glen Layout,3.0,2.0,115.0,1485.0,3.0,495.0,1.0,1,1
Super built-up Area,Electronics City Phase 1,2.0,2.0,55.0,1124.0,3.0,374.6666666666667,0.6666666666666666,1,1
Plot Area,TC Palaya,6.0,3.0,370.0,2400.0,6.0,400.0,1.0,1,0
Built-up Area,Indira Nagar,3.0,1.0,120.0,1407.0,3.0,469.0,1.0,1,0
Super built-up Area,Hennur Road,2.0,3.0,97.0,1482.0,3.0,494.0,0.6666666666666666,0,1
Super built-up Area,Sector 7 HSR Layout,2.0,1.0,98.86,1163.0,2.0,581.5,1.0,1,0
Super built-up Area,Jalahalli,3.0,2.0,140.0,1570.0,3.0,523.3333333333334,1.0,1,1
Super built-up Area,Whitefield,4.0,,284.0,3480.0,3.0,1160.0,1.3333333333333333,0,1
Super built-up Area,Chandapura,1.0,1.0,14.04,520.0,1.0,520.0,1.0,0,1
Super built-up Area,OLd Gurappanapalya,3.0,2.0,160.0,2000.0,3.0,666.6666666666666,1.0,1,1
Super built-up Area,Prithvi Layout,2.0,2.0,75.0,1352.0,2.0,676.0,1.0,1,1
Super built-up Area,Electronic City,2.0,1.0,65.0,1152.0,2.0,576.0,1.0,0,1
Built-up Area,"ECC Road, Whitefield,",3.0,2.0,93.0,1575.0,3.0,525.0,1.0,0,0
Super built-up Area,Hegde Nagar,4.0,2.0,125.0,1965.0,3.0,655.0,1.3333333333333333,1,1
Built-up Area,Ramanjaneyanagar,2.0,2.0,70.0,1300.0,3.0,433.3333333333333,0.6666666666666666,1,1
Super built-up Area,Marathahalli,2.0,1.0,47.0,957.0,2.0,478.5,1.0,0,0
Super built-up Area,Hoskote,3.0,3.0,60.0,1740.0,3.0,580.0,1.0,1,1
Super built-up Area,Neeladri Nagar,2.0,0.0,35.0,1060.0,2.0,530.0,1.0,1,0
Carpet Area,Chikkadunnasandra,2.0,2.0,50.0,975.0,2.0,487.5,1.0,1,0
Super built-up Area,Ramamurthy Nagar,2.0,2.0,51.0,1150.0,2.0,575.0,1.0,0,0
Super built-up Area,Whitefield,2.0,3.0,79.0,1738.0,3.0,579.3333333333334,0.6666666666666666,1,0
Super built-up Area,Bommanahalli,3.0,2.0,55.0,1250.0,3.0,416.6666666666667,1.0,0,0
Built-up Area,Bannerghatta Road,3.0,2.0,90.0,1788.0,3.0,596.0,1.0,1,1
Super built-up Area,Kanakapura,2.0,1.0,59.0,1151.0,2.0,575.5,1.0,0,1
Super built-up Area,Uttarahalli,2.0,2.0,60.0,1300.0,3.0,433.3333333333333,0.6666666666666666,1,1
Super built-up Area,Garudachar Palya,2.0,1.0,52.8,1150.0,2.0,575.0,1.0,1,0
Super built-up Area,Akshya Nagar,2.0,1.0,75.0,1380.0,2.0,690.0,1.0,1,0
Super built-up Area,Hebbal,3.0,2.0,117.0,1645.0,3.0,548.3333333333334,1.0,0,1
Super built-up Area,Babusapalaya,2.0,1.0,45.9,1141.0,2.0,570.5,1.0,1,0
Super built-up Area,7th Phase JP Nagar,2.0,2.0,82.5,1175.0,2.0,587.5,1.0,1,1
Super built-up Area,Banashankari Stage V,2.0,1.0,61.0,1355.0,3.0,451.6666666666667,0.6666666666666666,1,0
Built-up Area,Dasarahalli,2.0,0.0,70.0,1150.0,2.0,575.0,1.0,1,1
Super built-up Area,Indranagar  100ft road defence colony,5.0,,80.0,5800.0,5.0,1160.0,1.0,0,0
Built-up Area,Canara Bank Colony,2.0,2.0,45.0,1000.0,2.0,500.0,1.0,1,0
Super built-up Area,Balagere,2.0,1.0,65.0,1007.0,2.0,503.5,1.0,0,1
Super built-up Area,Wajid layout thanisandra,5.0,2.0,100.0,3000.0,4.0,750.0,1.25,1,0
Super built-up Area,Kothanur,3.0,3.0,70.0,1436.0,3.0,478.6666666666667,1.0,1,0
Super built-up Area,Marathahalli,4.0,3.0,220.0,4000.0,4.0,1000.0,1.0,1,1
Built-up Area,Somasundara Palya,3.0,,140.0,2372.0,3.0,790.6666666666666,1.0,1,1
Super built-up Area,BTM Layout,3.0,2.0,10.0,1797.5712999999998,3.0,599.1904333333333,1.0,0,0
Plot Area,Rajaji Nagar,2.0,0.0,150.0,1200.0,2.0,600.0,1.0,1,0
Super built-up Area,Rayasandra,2.0,1.0,58.0,1016.0,2.0,508.0,1.0,0,0
Super built-up Area,Dodda Nekkundi,2.0,2.0,48.0,1100.0,2.0,550.0,1.0,1,0
Super built-up Area,B Channasandra,2.0,1.0,45.0,1080.0,2.0,540.0,1.0,1,1
Super built-up Area,Electronic City,2.0,1.0,60.0,1070.0,2.0,535.0,1.0,1,1
Super built-up Area,Kadubeesanahalli,3.0,1.0,115.0,1532.0,3.0,510.6666666666667,1.0,1,1
Super built-up Area,Hennur,2.0,2.0,42.12,1040.0,2.0,520.0,1.0,1,1
Plot Area,Laxmi Sagar Layout,3.0,3.0,250.0,3100.0,3.0,1033.3333333333333,1.0,1,1
Super built-up Area,Tumkur Road,2.0,0.0,48.905,1137.5,2.0,568.75,1.0,0,1
Super built-up Area,Thanisandra,2.0,2.0,51.6,1430.0,3.0,476.6666666666667,0.6666666666666666,1,1
Plot Area,Rajaji Nagar,1.0,0.0,163.0,1160.0,2.0,580.0,0.5,1,0
Super built-up Area,ITPL,5.0,2.0,205.0,3262.0,4.0,815.5,1.25,1,0
Plot Area,Achins Road,7.0,0.0,410.0,2100.0,7.0,300.0,1.0,1,0
Built-up Area,Uvce Layout,2.0,2.0,100.0,1190.0,2.0,595.0,1.0,1,0
Super built-up Area,Panduranga Nagar,3.0,3.0,100.0,1827.0,3.0,609.0,1.0,1,1
Super built-up Area,HRBR Layout,2.0,1.0,75.0,1210.0,2.0,605.0,1.0,1,1
Super built-up Area,New Thippasandra,3.0,3.0,95.0,1500.0,3.0,500.0,1.0,1,1
Super built-up Area,Hebbal,2.0,1.0,88.73,1251.0,2.0,625.5,1.0,0,1
Super built-up Area,HSR Layout,2.0,2.0,115.0,1600.0,3.0,533.3333333333334,0.6666666666666666,1,1
Super built-up Area,Electronic City,2.0,1.0,65.5,1128.0,2.0,564.0,1.0,0,1
Super built-up Area,Budigere,3.0,2.0,93.0,1820.0,3.0,606.6666666666666,1.0,1,1
Super built-up Area,Thigalarapalya,4.0,2.0,159.0,2072.0,3.0,690.6666666666666,1.3333333333333333,1,1
Super built-up Area,Raja Rajeshwari Nagar,2.0,3.0,59.0,1510.0,3.0,503.3333333333333,0.6666666666666666,1,1
Super built-up Area,Hoodi,2.0,3.0,114.0,1925.0,3.0,641.6666666666666,0.6666666666666666,1,1
Plot Area,Hennur Road,2.0,2.0,225.0,2651.0,3.0,883.6666666666666,0.6666666666666666,1,1
Super built-up Area,Thigalarapalya,4.0,2.0,147.0,2072.0,3.0,690.6666666666666,1.3333333333333333,1,1
Super built-up Area,Kumaraswami Layout,2.0,2.0,36.0,1000.0,2.0,500.0,1.0,1,1
Plot Area,KR Puram,3.0,2.0,145.0,1752.0,3.0,584.0,1.0,1,1
Super built-up Area,Sahakara Nagar,2.0,3.0,56.0,960.0,2.0,480.0,1.0,1,1
Super built-up Area,Gattigere,2.0,2.0,63.0,1180.0,2.0,590.0,1.0,1,1
Built-up Area,Benson Town,3.0,1.0,180.0,2270.0,3.0,756.6666666666666,1.0,1,1
Built-up Area,NRI Layout,2.0,0.0,59.0,650.0,2.0,325.0,1.0,1,0
Super built-up Area,Lakshminarayana Pura,2.0,1.0,75.0,1200.0,2.0,600.0,1.0,1,0
Super built-up Area,Bisuvanahalli,2.0,1.0,46.0,1180.0,3.0,393.3333333333333,0.6666666666666666,1,1
Super built-up Area,Roopena Agrahara,3.0,2.0,47.0,1300.0,3.0,433.3333333333333,1.0,0,0
Built-up Area,Bannerghatta Road,2.0,0.0,40.0,1157.0,2.0,578.5,1.0,1,0
Super built-up Area,Kanakpura Road,3.0,2.0,69.0,1300.0,3.0,433.3333333333333,1.0,0,1
Super built-up Area,Banashankari Stage III,2.0,1.0,59.0,1305.0,3.0,435.0,0.6666666666666666,1,1
Super built-up Area,Hegde Nagar,4.0,2.0,196.0,2006.0,3.0,668.6666666666666,1.3333333333333333,1,1
Super built-up Area,Jakkur,2.0,1.0,80.0,1290.0,2.0,645.0,1.0,1,1
Super built-up Area,Hoskote,2.0,3.0,45.0,1170.0,2.0,585.0,1.0,1,1
Super built-up Area,Yelachenahalli,2.0,3.0,78.0,1400.0,2.0,700.0,1.0,1,1
Super built-up Area,Lakshminarayana Pura,2.0,2.0,75.0,1200.0,2.0,600.0,1.0,1,1
Built-up Area,Kamakshipalya,2.0,0.0,60.0,1155.0,3.0,385.0,0.6666666666666666,1,1
Built-up Area,Hormavu,3.0,2.0,85.0,1725.0,3.0,575.0,1.0,1,1
Super built-up Area,Kanakpura Road,2.0,1.0,40.0,700.0,2.0,350.0,1.0,0,1
Built-up Area,Yemlur,5.0,,2050.0,7000.0,4.0,1750.0,1.25,1,1
Super built-up Area,Hoodi,2.0,1.0,88.0,1112.0,2.0,556.0,1.0,0,1
Super built-up Area,Somasundara Palya,2.0,,78.0,1178.0,2.0,589.0,1.0,1,1
Super built-up Area,Badavala Nagar,2.0,1.0,81.0,1274.0,2.0,637.0,1.0,0,1
Super built-up Area,Doddathoguru,2.0,1.0,32.0,915.0,2.0,457.5,1.0,1,1
Super built-up Area,Hosur Road,1.0,2.0,21.28,760.0,1.0,760.0,1.0,1,1
Built-up Area,Maragondanahalli,3.0,2.0,68.0,1540.0,3.0,513.3333333333334,1.0,1,1
Super built-up Area,P&T Layout,2.0,3.0,38.5,1206.0,2.0,603.0,1.0,1,0
Super built-up Area,Basavanna Nagar,3.0,2.0,95.0,1645.0,3.0,548.3333333333334,1.0,1,1
Plot Area,Canara Bank Layout,4.0,2.0,170.0,1200.0,4.0,300.0,1.0,1,0
Plot Area,singapura paradise,4.0,1.0,140.0,1200.0,4.0,300.0,1.0,1,0
Super built-up Area,Nehru Nagar,3.0,2.0,115.0,2342.0,4.0,585.5,0.75,1,1
Super built-up Area,Kannur,2.0,1.0,55.0,1200.0,3.0,400.0,0.6666666666666666,1,0
Super built-up Area,Yelenahalli,2.0,2.0,33.0,1056.0,2.0,528.0,1.0,1,1
Plot Area,Raja Rajeshwari Nagar,8.0,,225.0,4800.0,8.0,600.0,1.0,1,0
Super built-up Area,Kanakpura Road,3.0,3.0,54.3,1450.0,3.0,483.3333333333333,1.0,1,0
Super built-up Area,Thirumenahalli,2.0,2.0,36.69,1161.0,2.0,580.5,1.0,0,1
Super built-up Area,Dollars Colony,2.0,3.0,65.0,1097.0,2.0,548.5,1.0,1,1
Built-up Area,Uttarahalli,2.0,2.0,35.0,850.0,2.0,425.0,1.0,1,1
Super built-up Area,Green Glen Layout,3.0,2.0,115.0,1715.0,3.0,571.6666666666666,1.0,1,1
Super built-up Area,Basavangudi,3.0,,317.0,2300.0,3.0,766.6666666666666,1.0,1,1
Super built-up Area,Electronic City,2.0,1.0,59.0,1200.0,2.0,600.0,1.0,1,1
Super built-up Area,8th Phase JP Nagar,2.0,2.0,38.0,1080.0,2.0,540.0,1.0,0,0
Super built-up Area,Kasavanhalli,2.0,1.0,50.3,1200.0,2.0,600.0,1.0,1,0
Plot Area,4th Block Koramangala,4.0,0.0,550.0,2400.0,4.0,600.0,1.0,1,0
Super built-up Area,Banashankari,2.0,1.0,78.0,1400.0,3.0,466.6666666666667,0.6666666666666666,1,1
Plot Area,Whitefield,4.0,3.0,200.0,1500.0,4.0,375.0,1.0,1,1
Carpet Area,Kanakpura Road,1.0,0.0,19.695,458.0,1.0,458.0,1.0,0,1
Super built-up Area,Marathahalli,2.0,1.0,57.0,1230.0,2.0,615.0,1.0,1,0
Built-up Area,Kalyan nagar,3.0,3.0,88.0,1640.0,3.0,546.6666666666666,1.0,1,1
Super built-up Area,Banashankari,3.0,2.0,125.0,1700.0,3.0,566.6666666666666,1.0,1,1
Super built-up Area,Bommasandra,2.0,,44.0,1478.0,3.0,492.6666666666667,0.6666666666666666,1,1
Super built-up Area,Defence Colony,4.0,,986.0,6600.0,4.0,1650.0,1.0,1,1
Super built-up Area,Banashankari,2.0,2.0,40.79,1020.0,2.0,510.0,1.0,1,0
Built-up Area,Yelahanka,2.0,2.0,95.0,1275.0,3.0,425.0,0.6666666666666666,1,0
Built-up Area,Cambridge Layout,3.0,1.0,165.0,1600.0,4.0,400.0,0.75,1,0
Super built-up Area,Kanakapura,2.0,2.0,38.85,1110.0,2.0,555.0,1.0,1,1
Super built-up Area,Uttarahalli,3.0,2.0,88.0,1627.86,3.0,542.62,1.0,1,1
Built-up Area,Byagadadhenahalli,2.0,1.0,22.0,620.0,2.0,310.0,1.0,1,1
Plot Area,Whitefield,4.0,2.0,285.0,3004.0,4.0,751.0,1.0,1,1
Super built-up Area,Hosa Road,2.0,1.0,52.0,1133.0,2.0,566.5,1.0,0,1
Super built-up Area,Hennur Road,2.0,2.0,82.5,1182.0,2.0,591.0,1.0,1,1
Super built-up Area,Tumkur Road,3.0,3.0,100.0,1500.0,3.0,500.0,1.0,1,1
Super built-up Area,Hebbal Kempapura,5.0,,360.0,3900.0,4.0,975.0,1.25,1,1
Super built-up Area,Marathahalli,2.0,2.0,58.0,1200.0,2.0,600.0,1.0,1,1
Super built-up Area,Raja Rajeshwari Nagar,2.0,1.0,48.79,1128.0,2.0,564.0,1.0,1,1
Super built-up Area,Malleshwaram,,,293.0,2345.0,3.0,781.6666666666666,,1,1
Built-up Area,Jayanagar,2.0,2.0,110.0,900.0,2.0,450.0,1.0,1,0
Built-up Area,Amruthahalli,2.0,1.0,45.0,1100.0,2.0,550.0,1.0,1,1
Super built-up Area,Kengeri Satellite Town,1.0,1.0,22.0,635.0,2.0,317.5,0.5,1,1
Super built-up Area,Ardendale,3.0,,140.0,2062.0,4.0,515.5,0.75,1,1
Built-up Area,Thanisandra,4.0,1.0,130.0,1874.0,3.0,624.6666666666666,1.3333333333333333,1,1
Super built-up Area,Old Madras Road,2.0,2.0,75.0,1171.0,2.0,585.5,1.0,0,1
Super built-up Area,Sarjapur,3.0,3.0,85.0,2020.0,3.0,673.3333333333334,1.0,1,0
Super built-up Area,8th Phase JP Nagar,2.0,2.0,34.5,1059.0,2.0,529.5,1.0,0,0
Super built-up Area,Panathur,2.0,1.0,59.1,1315.0,3.0,438.3333333333333,0.6666666666666666,1,1
Super built-up Area,Jakkur,3.0,2.0,110.0,1760.0,3.0,586.6666666666666,1.0,1,1
Built-up Area,Sampangi Rama Nagar,2.0,1.0,125.0,1200.0,2.0,600.0,1.0,1,0
Super built-up Area,Hennur Road,2.0,1.0,62.0,1192.0,3.0,397.3333333333333,0.6666666666666666,1,1
Super built-up Area,Hebbal,3.0,2.0,121.0,1645.0,3.0,548.3333333333334,1.0,0,1
Super built-up Area,Whitefield,2.0,2.0,72.0,1250.0,2.0,625.0,1.0,1,1
Super built-up Area,Whitefield,1.0,0.0,34.385,709.0,1.0,709.0,1.0,0,1
Super built-up Area,Whitefield,2.0,1.0,77.0,1340.0,2.0,670.0,1.0,1,0
Built-up Area,Cooke Town,4.0,3.0,239.0,2388.0,3.0,796.0,1.3333333333333333,1,0
Super built-up Area,Hosa Road,2.0,1.0,104.0,1369.1,2.0,684.55,1.0,0,1
Super built-up Area,Jalahalli West,2.0,3.0,75.0,1355.0,2.0,677.5,1.0,1,0
Built-up Area,Bannerghatta Road,2.0,2.0,65.0,1150.0,2.0,575.0,1.0,1,0
Super built-up Area,Kanakapura,3.0,3.0,113.0,1938.0,3.0,646.0,1.0,0,1
Super built-up Area,Begur Road,4.0,3.0,124.0,2462.0,4.0,615.5,1.0,0,0
Super built-up Area,Budigere,3.0,2.0,85.0,1636.0,3.0,545.3333333333334,1.0,1,1
Super built-up Area,Akshaya Nagar,2.0,2.0,75.0,1430.0,3.0,476.6666666666667,0.6666666666666666,1,1
Super built-up Area,BEML Layout 5th stage,3.0,2.0,85.0,2000.0,3.0,666.6666666666666,1.0,1,0
Carpet Area,Electronic City Phase II,2.0,2.0,50.0,993.0,3.0,331.0,0.6666666666666666,0,1
Plot Area,Laggere,4.0,1.0,150.0,1260.0,4.0,315.0,1.0,1,0
Super built-up Area,Kanakpura Road,3.0,3.0,88.0,1700.0,3.0,566.6666666666666,1.0,1,0
Super built-up Area,Yelahanka,2.0,2.0,78.0,1270.0,2.0,635.0,1.0,1,1
Plot Area,Anjanapura,3.0,1.0,121.0,1500.0,3.0,500.0,1.0,0,0
Built-up Area,Koramangala,3.0,3.0,290.0,2300.0,3.0,766.6666666666666,1.0,1,0
Plot Area,Hunasamaranahalli,4.0,2.0,900.0,7500.0,4.0,1875.0,1.0,0,1
Super built-up Area,Marathahalli,3.0,3.0,86.45,1650.0,3.0,550.0,1.0,1,0
Super built-up Area,Panathur,2.0,1.0,63.0,1109.0,2.0,554.5,1.0,1,1
Super built-up Area,Pragathi Nagar,2.0,1.0,49.75,1280.0,2.0,640.0,1.0,1,1
Built-up Area,Sarjapur,3.0,1.0,185.0,2885.0,4.0,721.25,0.75,1,0
Plot Area,Devanahalli,3.0,2.0,180.0,1600.0,3.0,533.3333333333334,1.0,1,1
Super built-up Area,Kothanur,3.0,3.0,71.0,1462.0,3.0,487.3333333333333,1.0,1,0
Super built-up Area,Marathahalli,1.0,1.0,35.0,607.0,1.0,607.0,1.0,0,1
Super built-up Area,Kammasandra,2.0,0.0,25.0,930.0,2.0,465.0,1.0,1,0
Plot Area,Varthur,5.0,2.0,300.0,4500.0,4.0,1125.0,1.25,0,0
Super built-up Area,Malleshwaram,3.0,1.0,237.0,2600.0,3.0,866.6666666666666,1.0,1,0
Super built-up Area,JP Nagar,4.0,2.0,140.0,3000.0,4.0,750.0,1.0,1,0
Super built-up Area,Electronic City Phase II,3.0,2.0,52.47,1418.0,3.0,472.6666666666667,1.0,0,1
Built-up Area,Ramesh Nagar,1.0,2.0,160.0,4200.0,2.0,2100.0,0.5,1,0
Built-up Area,EPIP Zone,2.0,1.0,65.0,1125.0,2.0,562.5,1.0,1,1
Super built-up Area,CV Raman Nagar,3.0,2.0,126.0,1825.0,3.0,608.3333333333334,1.0,1,1
Super built-up Area,Whitefield,2.0,3.0,79.5,1320.0,2.0,660.0,1.0,1,1
Built-up Area,JP Nagar,4.0,2.0,140.0,3000.0,4.0,750.0,1.0,1,0
Super built-up Area,HAL 2nd Stage,2.0,2.0,300.0,1490.0,3.0,496.6666666666667,0.6666666666666666,1,1
Plot Area,8th block Koramangala,3.0,1.0,300.0,1650.0,4.0,412.5,0.75,1,0
Super built-up Area,Whitefield,2.0,1.0,52.7,750.0,2.0,375.0,1.0,0,1
Super built-up Area,Yelahanka,2.0,2.0,80.54,1400.0,3.0,466.6666666666667,0.6666666666666666,0,1
Super built-up Area,Sathya Sai Layout,4.0,3.0,360.0,4104.0,4.0,1026.0,1.0,1,1
Built-up Area,Rajaji Nagar,4.0,0.0,375.0,5000.0,4.0,1250.0,1.0,1,0
Plot Area,Mahadevpura,4.0,2.0,260.0,3295.0,5.0,659.0,0.8,1,0
Plot Area,Whitefield,3.0,1.0,61.96,1200.0,3.0,400.0,1.0,0,0
Built-up Area,Poorna Pragna Layout,2.0,2.0,48.0,965.0,2.0,482.5,1.0,1,1
Plot Area,Gottigere,1.0,1.0,26.0,812.0,1.0,812.0,1.0,1,0
Super built-up Area,KR Puram,2.0,2.0,43.0,1100.0,2.0,550.0,1.0,1,1
Super built-up Area,Whitefield,2.0,2.0,41.0,1180.0,2.0,590.0,1.0,1,1
Super built-up Area,HSR Layout,2.0,2.0,48.0,1145.0,2.0,572.5,1.0,1,1
Super built-up Area,Haralur Road,2.0,1.0,44.0,1027.0,2.0,513.5,1.0,1,0
Super built-up Area,Silk Board,2.0,2.0,49.85,1215.0,2.0,607.5,1.0,0,0
Plot Area,Hegde Nagar,2.0,0.0,75.0,1200.0,2.0,600.0,1.0,1,0
Super built-up Area,Kenchenahalli,2.0,2.0,58.0,1015.0,2.0,507.5,1.0,1,1
Plot Area,Kaggalipura,3.0,1.0,165.0,2400.0,3.0,800.0,1.0,0,1
Plot Area,Whitefield,4.0,3.0,306.0,3000.0,4.0,750.0,1.0,1,1
Built-up Area,7th Phase JP Nagar,4.0,3.0,160.0,3300.0,3.0,1100.0,1.3333333333333333,1,0
Super built-up Area,Puttanahalli,2.0,2.0,52.0,1076.0,2.0,538.0,1.0,1,0
Super built-up Area,JP Nagar,2.0,1.0,109.0,1300.0,2.0,650.0,1.0,0,1
Built-up Area,Hebbal Kempapura,2.0,2.0,102.0,1300.0,2.0,650.0,1.0,1,1
Super built-up Area,Hosa Road,3.0,1.0,123.0,1512.0,3.0,504.0,1.0,0,1
Carpet Area,Bhoganhalli,3.0,1.0,88.91,1053.4,3.0,351.1333333333334,1.0,0,1
Super built-up Area,Yeshwanthpur,1.0,0.0,41.745,605.0,1.0,605.0,1.0,1,1
Super built-up Area,Hormavu,2.0,1.0,65.0,1153.0,2.0,576.5,1.0,1,1
Plot Area,Virat Nagar,2.0,1.0,150.0,2080.0,2.0,1040.0,1.0,1,0
Super built-up Area,Hulimavu,2.0,2.0,69.0,1255.0,2.0,627.5,1.0,1,1
Built-up Area,Bannerghatta Road,5.0,,260.0,2835.0,4.0,708.75,1.25,1,0
Super built-up Area,Marathahalli,3.0,3.0,109.0,1583.0,3.0,527.6666666666666,1.0,1,1
Super built-up Area,Kundalahalli Colony,2.0,2.0,90.0,1505.0,2.0,752.5,1.0,1,1
Super built-up Area,Kathriguppe,2.0,2.0,75.08,1365.0,3.0,455.0,0.6666666666666666,1,0
Plot Area,Dwarka Nagar,3.0,3.0,95.75,1200.0,3.0,400.0,1.0,1,0
Super built-up Area,Amblipura,4.0,3.0,148.0,1810.0,3.0,603.3333333333334,1.3333333333333333,1,1
Built-up Area,Magadi Road,1.0,0.0,35.0,440.0,1.0,440.0,1.0,1,0
Super built-up Area,Subramanyapura,2.0,1.0,63.0,975.0,2.0,487.5,1.0,1,1
Super built-up Area,Doddagubbi,2.0,3.0,39.0,1250.0,2.0,625.0,1.0,1,0
Super built-up Area,Gopalkrishna Nagar,2.0,1.0,97.0,1530.0,3.0,510.0,0.6666666666666666,1,1
Super built-up Area,Kereguddadahalli,2.0,2.0,39.0,1300.0,3.0,433.3333333333333,0.6666666666666666,1,1
Super built-up Area,Channasandra,2.0,1.0,40.0,1115.0,2.0,557.5,1.0,1,0
Super built-up Area,Sarjapur  Road,2.0,1.0,83.0,1308.0,2.0,654.0,1.0,1,1
Super built-up Area,Uttarahalli,2.0,2.0,59.6,1490.0,3.0,496.6666666666667,0.6666666666666666,1,0
Plot Area,Bannerghatta Road,4.0,0.0,450.0,10000.0,4.0,2500.0,1.0,1,0
Super built-up Area,Sarjapur  Road,3.0,1.0,91.0,1592.0,3.0,530.6666666666666,1.0,0,1
Super built-up Area,Rajaji Nagar,2.0,0.0,112.0,1222.0,2.0,611.0,1.0,0,1
Super built-up Area,Raja Rajeshwari Nagar,2.0,2.0,42.85,1267.0,2.0,633.5,1.0,1,1
Super built-up Area,Balagere,1.0,1.0,53.0,656.0,1.0,656.0,1.0,1,1
Plot Area,Dodda Nekkundi,4.0,3.0,530.0,3400.0,4.0,850.0,1.0,1,1
Built-up Area,Garudachar Palya,5.0,,400.0,4500.0,4.0,1125.0,1.25,1,1
Plot Area,Chandapura,1.0,1.0,36.0,1200.0,2.0,600.0,0.5,0,0
Super built-up Area,Thanisandra,3.0,2.0,102.0,1698.0,3.0,566.0,1.0,1,1
Built-up Area,Tata Nagar,3.0,2.0,70.0,1500.0,3.0,500.0,1.0,1,1
Plot Area,Sunkadakatte,5.0,0.0,80.0,2000.0,4.0,500.0,1.25,1,0
Super built-up Area,Electronic City,2.0,1.0,65.75,1152.0,2.0,576.0,1.0,0,1
Super built-up Area,Raja Rajeshwari Nagar,1.0,0.0,21.0,550.0,1.0,550.0,1.0,1,0
Super built-up Area,Pattandur Agrahara,2.0,2.0,42.0,900.0,2.0,450.0,1.0,1,1
Super built-up Area,Rajarajeshwari nagar,2.0,2.0,45.12,1410.0,3.0,470.0,0.6666666666666666,0,0
Built-up Area,Akshaya Nagar,2.0,3.0,73.0,1419.0,3.0,473.0,0.6666666666666666,1,1
Super built-up Area,Amruthahalli,2.0,1.0,55.0,1200.0,2.0,600.0,1.0,1,0
Super built-up Area,AECS Layout,3.0,3.0,65.0,1800.0,3.0,600.0,1.0,1,0
Super built-up Area,Gottigere,2.0,1.0,40.0,990.0,2.0,495.0,1.0,1,1
Super built-up Area,Sarjapur  Road,2.0,1.0,45.0,1016.0,2.0,508.0,1.0,1,0
Super built-up Area,Bannerghatta Road,2.0,0.0,39.0,1100.0,2.0,550.0,1.0,1,1
Super built-up Area,Whitefield,2.0,1.0,35.0,1095.0,2.0,547.5,1.0,1,1
Super built-up Area,Rajarajeshwarinagar,3.0,2.0,85.0,2000.0,3.0,666.6666666666666,1.0,1,0
Super built-up Area,Budigere,2.0,2.0,70.0,1444.0,2.0,722.0,1.0,1,1
Super built-up Area,Whitefield,2.0,3.0,67.0,1415.0,2.0,707.5,1.0,1,1
Plot Area,Jinkethimmanahalli,2.0,1.0,130.0,1500.0,3.0,500.0,0.6666666666666666,1,0
Super built-up Area,Daadys Gaarden Layout,3.0,3.0,72.0,1600.0,3.0,533.3333333333334,1.0,1,1
Super built-up Area,Whitefield,2.0,1.0,41.36,1105.0,2.0,552.5,1.0,1,1
Super built-up Area,Electronic City,3.0,0.0,45.03,1225.0,3.0,408.3333333333333,1.0,0,1
Super built-up Area,Frazer Town,3.0,2.0,265.0,2560.0,3.0,853.3333333333334,1.0,1,1
Plot Area,Dasarahalli,3.0,3.0,150.0,2400.0,7.0,342.85714285714283,0.42857142857142855,1,0
Super built-up Area,Talaghattapura,3.0,2.0,135.0,1856.0,3.0,618.6666666666666,1.0,0,1
Plot Area,Vishwapriya Nagar,6.0,2.0,71.0,2100.0,6.0,350.0,1.0,1,0
Super built-up Area,Sarjapur  Road,2.0,2.0,77.0,1150.0,2.0,575.0,1.0,1,1
Super built-up Area,Whitefield,,,113.19,2094.0,3.0,698.0,,0,1
Super built-up Area,5th Phase JP Nagar,2.0,2.0,67.0,1485.0,3.0,495.0,0.6666666666666666,1,1
Super built-up Area,Vimanapura,3.0,3.0,75.0,2500.0,3.0,833.3333333333334,1.0,1,1
Plot Area,Whitefield,2.0,1.0,45.0,1200.0,2.0,600.0,1.0,0,0
Super built-up Area,Hennur Road,2.0,1.0,59.46,1036.0,2.0,518.0,1.0,0,1
Plot Area,Whitefield,5.0,3.0,270.0,3445.0,4.0,861.25,1.25,1,1
Super built-up Area,Dodsworth Layout,2.0,2.0,80.0,1400.0,2.0,700.0,1.0,1,1
Super built-up Area,Bommanahalli,2.0,2.0,33.0,1110.0,2.0,555.0,1.0,0,0
Built-up Area,Kodichikkanahalli,2.0,3.0,48.0,1150.0,2.0,575.0,1.0,1,1
Super built-up Area,Kenchenahalli,1.0,1.0,45.0,715.0,1.0,715.0,1.0,1,1
Plot Area,Magadi Road,4.0,0.0,130.0,1200.0,4.0,300.0,1.0,1,0
Super built-up Area,Jakkur,4.0,2.0,130.0,2283.0,4.0,570.75,1.0,1,1
Super built-up Area,Hormavu,2.0,2.0,43.58,1453.0,3.0,484.3333333333333,0.6666666666666666,0,0
Built-up Area,Nagarbhavi,2.0,1.0,85.0,1400.0,3.0,466.6666666666667,0.6666666666666666,1,1
Super built-up Area,Padmanabhanagar,3.0,0.0,65.0,1400.0,3.0,466.6666666666667,1.0,1,1
Super built-up Area,Whitefield,3.0,1.0,140.0,1700.0,3.0,566.6666666666666,1.0,1,1
Super built-up Area,Kanakpura Road,3.0,1.0,120.0,1591.0,3.0,530.3333333333334,1.0,0,1
Super built-up Area,Nagarbhavi,2.0,1.0,79.0,1515.0,3.0,505.0,0.6666666666666666,1,1
Built-up Area,Marathahalli,3.0,3.0,200.0,2500.0,5.0,500.0,0.6,1,0
Super built-up Area,Chandapura,2.0,1.0,24.86,975.0,2.0,487.5,1.0,0,1
Super built-up Area,Yeshwanthpur,2.0,2.0,76.18,1382.0,3.0,460.6666666666667,0.6666666666666666,1,1
Super built-up Area,Sector 1 HSR Layout,3.0,2.0,150.0,1533.0,3.0,511.0,1.0,1,1
Super built-up Area,Cunningham Road,3.0,1.0,763.0,3815.0,3.0,1271.6666666666667,1.0,0,1
Super built-up Area,Amarjyothi Colony,2.0,2.0,38.0,1100.0,2.0,550.0,1.0,1,0
Super built-up Area,Dairy Circle,6.0,2.0,450.0,3730.0,4.0,932.5,1.5,1,1
Super built-up Area,Banashankari Stage II,2.0,1.0,120.0,1500.0,3.0,500.0,0.6666666666666666,1,0
Super built-up Area,Yelahanka,2.0,2.0,64.5,1391.0,3.0,463.6666666666667,0.6666666666666666,1,1
Super built-up Area,Begur Road,2.0,2.0,42.92,1160.0,2.0,580.0,1.0,1,1
Built-up Area,Chandapura,1.0,1.0,27.0,620.0,1.0,620.0,1.0,1,0
Plot Area,MS Pallya,9.0,3.0,350.0,2400.0,8.0,300.0,1.125,1,0
Built-up Area,Whitefield,4.0,3.0,400.0,4827.0,4.0,1206.75,1.0,0,0
Super built-up Area,Kanakpura Road,3.0,3.0,60.98,1482.0,3.0,494.0,1.0,1,1
Super built-up Area,Whitefield,2.0,2.0,84.5,1405.0,2.0,702.5,1.0,1,1
Built-up Area,Gunjur,2.0,2.0,40.0,1190.0,2.0,595.0,1.0,1,1
Super built-up Area,Harlur,2.0,1.0,78.0,1174.0,2.0,587.0,1.0,1,1
Plot Area,Seegehalli,2.0,0.0,72.0,1155.0,2.0,577.5,1.0,1,0
Super built-up Area,Thanisandra,3.0,1.0,93.04,1411.0,3.0,470.3333333333333,1.0,0,1
Super built-up Area,Jalahalli West,2.0,0.0,50.0,745.0,2.0,372.5,1.0,1,1
Super built-up Area,Kereguddadahalli,2.0,2.0,30.0,1000.0,2.0,500.0,1.0,1,1
Super built-up Area,Jigani,2.0,1.0,50.0,923.0,2.0,461.5,1.0,1,1
Built-up Area,Yeshwanthpur,2.0,2.0,32.0,1000.0,2.0,500.0,1.0,1,1
Super built-up Area,Battarahalli,2.0,2.0,45.0,1276.0,2.0,638.0,1.0,1,1
Built-up Area,Devasthanagalu,3.0,2.0,70.0,1460.0,3.0,486.6666666666667,1.0,1,1
Super built-up Area,Yemlur,2.0,1.0,95.0,1355.0,2.0,677.5,1.0,0,0
Super built-up Area,Avalahalli,1.0,1.0,49.0,833.0,1.0,833.0,1.0,1,1
Plot Area,Cambridge Layout,5.0,1.0,450.0,1750.0,5.0,350.0,1.0,1,0
Super built-up Area,Ramamurthy Nagar,2.0,1.0,48.0,1200.0,2.0,600.0,1.0,0,1
Super built-up Area,Yeshwanthpur,1.0,1.0,36.85,669.0,1.0,669.0,1.0,1,1
Plot Area,7th Phase JP Nagar,4.0,2.0,105.0,2200.0,3.0,733.3333333333334,1.3333333333333333,1,0
Super built-up Area,Koramangala,3.0,,125.0,1594.0,3.0,531.3333333333334,1.0,0,1
Super built-up Area,Kothanur,3.0,2.0,105.0,1790.0,3.0,596.6666666666666,1.0,1,1
Super built-up Area,NGR Layout,2.0,1.0,45.0,1020.0,2.0,510.0,1.0,1,0
Plot Area,Doddanekundi,5.0,1.0,850.0,3250.0,4.0,812.5,1.25,1,0
Super built-up Area,Vasantapura main road,2.0,1.0,36.28,1037.0,2.0,518.5,1.0,1,0
Super built-up Area,Whitefield,2.0,2.0,57.0,1345.0,3.0,448.3333333333333,0.6666666666666666,1,1
Super built-up Area,Kodichikkanahalli,2.0,3.0,43.0,1070.0,2.0,535.0,1.0,1,0
Super built-up Area,Sector 6 HSR Layout,5.0,,270.0,3000.0,4.0,750.0,1.25,1,0
Super built-up Area,Yeshwanthpur,2.0,2.0,76.18,1385.0,3.0,461.6666666666667,0.6666666666666666,1,1
Super built-up Area,Kanakpura Road,2.0,2.0,79.9,1207.0,2.0,603.5,1.0,1,1
Super built-up Area,Varthur,2.0,3.0,55.5,1140.0,2.0,570.0,1.0,1,1
Built-up Area,Basavanapura,2.0,2.0,68.0,1220.0,2.0,610.0,1.0,1,1
Plot Area,CQAL Layout,3.0,2.0,475.0,3811.0,4.0,952.75,0.75,1,0
Super built-up Area,Iblur Village,5.0,0.0,252.0,3596.0,4.0,899.0,1.25,1,1
Built-up Area,Sarjapur  Road,3.0,3.0,120.0,1965.0,3.0,655.0,1.0,1,1
Built-up Area,Koramangala,2.0,0.0,115.0,1760.0,3.0,586.6666666666666,0.6666666666666666,1,1
Super built-up Area,Haralur Road,2.0,1.0,70.0,1225.0,2.0,612.5,1.0,0,1
Super built-up Area,Marathahalli,2.0,2.0,52.43,1075.0,2.0,537.5,1.0,1,0
Built-up Area,Panathur,2.0,1.0,68.0,1000.0,2.0,500.0,1.0,1,0
Super built-up Area,Yelahanka,2.0,2.0,86.0,1322.0,2.0,661.0,1.0,1,1
Plot Area,Mathikere,3.0,0.0,215.0,1095.0,3.0,365.0,1.0,1,0
Built-up Area,Bellandur,4.0,0.0,260.0,3600.0,4.0,900.0,1.0,1,1
Super built-up Area,AECS Layout,2.0,1.0,36.58,1045.0,2.0,522.5,1.0,1,1
Super built-up Area,Venugopal Reddy Layout,3.0,3.0,85.0,1545.0,3.0,515.0,1.0,1,1
Super built-up Area,Thanisandra,3.0,2.0,135.0,1996.0,3.0,665.3333333333334,1.0,1,1
Super built-up Area,Brookefield,2.0,2.0,70.0,1125.0,2.0,562.5,1.0,1,1
Super built-up Area,Mysore Road,3.0,1.0,115.0,1560.0,3.0,520.0,1.0,0,1
Super built-up Area,BEML Layout,2.0,2.0,85.0,2000.0,3.0,666.6666666666666,0.6666666666666666,1,0
Built-up Area,Murugeshpalya,4.0,2.0,310.0,3100.0,4.0,775.0,1.0,1,1
Built-up Area,Lake City,2.0,1.0,35.0,780.0,2.0,390.0,1.0,1,1
Plot Area,Lakshmipura,2.0,1.0,110.0,1350.0,2.0,675.0,1.0,1,0
Super built-up Area,Sarjapur  Road,4.0,2.0,180.0,2275.0,3.0,758.3333333333334,1.3333333333333333,1,1
Super built-up Area,Pragathi Nagar,2.0,2.0,41.0,1350.0,2.0,675.0,1.0,1,1
Super built-up Area,Haralur Road,3.0,3.0,56.0,1464.0,3.0,488.0,1.0,1,1
Super built-up Area,Dasanapura,1.0,0.0,28.32,708.0,1.0,708.0,1.0,1,1
Super built-up Area,Sarjapur  Road,3.0,1.0,160.0,1680.0,3.0,560.0,1.0,1,1
Super built-up Area,Hoodi,2.0,1.0,82.0,1400.0,2.0,700.0,1.0,1,1
Super built-up Area,Bellandur,2.0,2.0,72.0,1310.0,2.0,655.0,1.0,1,1
Built-up Area,BTM Layout,6.0,3.0,165.0,3300.0,6.0,550.0,1.0,1,0
Super built-up Area,Electronics City Phase 1,2.0,1.0,57.0,1175.0,2.0,587.5,1.0,0,1
Built-up Area,Chikkalasandra,2.0,1.0,80.0,1428.0,3.0,476.0,0.6666666666666666,1,1
Super built-up Area,Whitefield,4.0,3.0,280.0,3252.0,4.0,813.0,1.0,1,0
Super built-up Area,8th Phase JP Nagar,2.0,2.0,35.0,1080.0,2.0,540.0,1.0,0,0
Super built-up Area,Vijaya Bank Layout,2.0,1.0,68.0,1200.0,3.0,400.0,0.6666666666666666,1,0
Plot Area,Whitefield,2.0,1.0,45.0,1200.0,2.0,600.0,1.0,0,0
Built-up Area,Bommasandra Industrial Area,2.0,1.0,38.13,1320.0,3.0,440.0,0.6666666666666666,0,0
Super built-up Area,Badavala Nagar,3.0,2.0,115.0,1842.0,3.0,614.0,1.0,0,1
Super built-up Area,Sector 2 HSR Layout,2.0,3.0,55.0,1146.0,2.0,573.0,1.0,1,1
Super built-up Area,Rachenahalli,1.0,1.0,28.0,440.0,1.0,440.0,1.0,0,1
Super built-up Area,Sahakara Nagar,2.0,3.0,50.0,1048.0,2.0,524.0,1.0,1,1
Super built-up Area,Thanisandra,3.0,1.0,115.0,1801.0,3.0,600.3333333333334,1.0,1,1
Super built-up Area,Hennur Road,2.0,1.0,69.61,1232.0,2.0,616.0,1.0,0,1
Super built-up Area,Whitefield,2.0,2.0,90.0,1150.0,2.0,575.0,1.0,1,1
Super built-up Area,Talaghattapura,3.0,1.0,120.0,1868.0,3.0,622.6666666666666,1.0,0,1
Super built-up Area,Begur,2.0,2.0,47.1,1445.0,3.0,481.6666666666667,0.6666666666666666,0,1
Super built-up Area,Hebbal Kempapura,2.0,3.0,140.0,1466.0,3.0,488.6666666666667,0.6666666666666666,1,1
Built-up Area,Harlur,3.0,2.0,100.0,1730.0,3.0,576.6666666666666,1.0,1,0
Super built-up Area,JP Nagar,3.0,2.0,402.0,3860.0,3.0,1286.6666666666667,1.0,0,1
Super built-up Area,Somasundara Palya,2.0,3.0,70.0,1185.0,2.0,592.5,1.0,1,1
Built-up Area,Yeshwanthpur,4.0,3.0,260.0,3027.0,3.0,1009.0,1.3333333333333333,1,0
Built-up Area,Whitefield,4.0,3.0,147.0,2400.0,4.0,600.0,1.0,0,0
Built-up Area,Kaval Byrasandra,2.0,1.0,49.0,1185.0,2.0,592.5,1.0,1,0
Super built-up Area,Hongasandra,2.0,2.0,49.0,1150.0,2.0,575.0,1.0,0,0
Plot Area,Maruthi Extension,4.0,2.0,180.0,2000.0,5.0,400.0,0.8,1,0
Super built-up Area,Pai Layout,2.0,2.0,35.0,1075.0,2.0,537.5,1.0,1,0
Super built-up Area,Hebbal,3.0,2.0,123.0,1760.0,3.0,586.6666666666666,1.0,1,1
Super built-up Area,Banashankari,2.0,1.0,63.98,1600.0,2.0,800.0,1.0,1,0
Super built-up Area,Haralur Road,2.0,1.0,78.0,1000.0,2.0,500.0,1.0,1,1
Super built-up Area,7th Phase JP Nagar,2.0,2.0,90.0,1215.0,2.0,607.5,1.0,1,1
Super built-up Area,EPIP Zone,3.0,3.0,125.0,1734.0,3.0,578.0,1.0,1,1
Super built-up Area,Akshaya Nagar,2.0,1.0,60.0,1280.0,2.0,640.0,1.0,1,0
Super built-up Area,Rachenahalli,2.0,1.0,55.0,1113.0,2.0,556.5,1.0,1,1
Super built-up Area,Horamavu Banaswadi,2.0,2.0,48.0,1272.0,2.0,636.0,1.0,1,0
Built-up Area,Kereguddadahalli,3.0,2.0,41.0,1240.0,3.0,413.3333333333333,1.0,1,1
Super built-up Area,Yelahanka,2.0,1.0,70.0,1100.0,2.0,550.0,1.0,1,0
Super built-up Area,Ambalipura,2.0,1.0,30.13,896.0,2.0,448.0,1.0,0,1
Super built-up Area,Rachenahalli,5.0,,220.0,3657.0,4.0,914.25,1.25,1,0
Super built-up Area,BTM 2nd Stage,2.0,0.0,35.0,1200.0,2.0,600.0,1.0,1,1
Built-up Area,Ramagondanahalli,4.0,3.0,155.0,2800.0,4.0,700.0,1.0,1,0
Built-up Area,Ambalipura,3.0,,198.0,3500.0,3.0,1166.6666666666667,1.0,1,1
Built-up Area,Ramamurthy Nagar,3.0,2.0,150.0,3600.0,3.0,1200.0,1.0,1,0
Built-up Area,Sarjapur,2.0,2.0,30.0,1500.0,2.0,750.0,1.0,1,1
Super built-up Area,S R Layout,2.0,2.0,48.0,1096.0,2.0,548.0,1.0,1,1
Super built-up Area,GD Layout,2.0,1.0,44.0,1094.0,2.0,547.0,1.0,1,0
Super built-up Area,Vittal Nagar,2.0,2.0,49.0,1100.0,2.0,550.0,1.0,1,0
Super built-up Area,Iblur Village,5.0,0.0,191.0,2987.5,4.0,746.875,1.25,1,1
Super built-up Area,Koramangala,6.0,2.0,325.0,2503.0,4.0,625.75,1.5,0,1
Super built-up Area,Nagarbhavi,2.0,2.0,40.0,1145.0,2.0,572.5,1.0,1,0
Super built-up Area,Rachenahalli,3.0,2.0,74.5,1550.0,3.0,516.6666666666666,1.0,1,1
Super built-up Area,Seegehalli,4.0,2.0,82.0,1830.0,3.0,610.0,1.3333333333333333,1,1
Super built-up Area,Hoodi,3.0,3.0,84.95,1746.0,3.0,582.0,1.0,0,1
Built-up Area,Maruthi Sevanagar,4.0,1.0,115.0,1280.0,4.0,320.0,1.0,1,0
Super built-up Area,Kengeri,2.0,1.0,27.54,918.0,2.0,459.0,1.0,0,0
Super built-up Area,Chandapura,1.0,1.0,16.45,645.0,1.0,645.0,1.0,0,1
Super built-up Area,Banashankari Stage III,2.0,1.0,60.0,1305.0,3.0,435.0,0.6666666666666666,1,1
Super built-up Area,Thigalarapalya,2.0,2.0,62.0,1207.0,2.0,603.5,1.0,1,1
Built-up Area,Thanisandra,3.0,2.0,125.0,1678.0,3.0,559.3333333333334,1.0,1,1
Super built-up Area,Kaggalipura,2.0,1.0,50.0,950.0,2.0,475.0,1.0,1,1
Super built-up Area,Electronic City,2.0,1.0,55.0,1070.0,2.0,535.0,1.0,0,1
Super built-up Area,Ardendale,3.0,2.0,92.0,1732.46,3.0,577.4866666666667,1.0,1,1
Super built-up Area,Attibele,2.0,1.0,40.98,1639.0,3.0,546.3333333333334,0.6666666666666666,1,1
Super built-up Area,Marathahalli,2.0,1.0,103.0,1360.0,2.0,680.0,1.0,1,1
Plot Area,Malleshpalya,4.0,2.0,250.0,2592.0,4.0,648.0,1.0,1,0
Plot Area,RMV 2nd Stage,3.0,,700.0,4470.0,3.0,1490.0,1.0,1,0
Super built-up Area,Lakshminarayana Pura,3.0,2.0,150.0,1656.0,3.0,552.0,1.0,1,1
Super built-up Area,Sarjapur  Road,2.0,1.0,49.0,985.0,2.0,492.5,1.0,1,1
Super built-up Area,Dodda Nekkundi,3.0,2.0,135.0,1999.0,3.0,666.3333333333334,1.0,1,0
Super built-up Area,7th Phase JP Nagar,2.0,1.0,75.0,1050.0,2.0,525.0,1.0,1,1
Super built-up Area,Whitefield,2.0,2.0,64.0,1440.0,3.0,480.0,0.6666666666666666,1,0
Super built-up Area,Basavangudi,2.0,2.0,160.0,1600.0,3.0,533.3333333333334,0.6666666666666666,1,1
Super built-up Area,Ramagondanahalli,2.0,1.0,52.66,1253.0,2.0,626.5,1.0,0,1
Plot Area,Shirdi Sai Nagar,3.0,0.0,85.0,1200.0,3.0,400.0,1.0,1,0
Super built-up Area,Padmanabhanagar,2.0,3.0,75.0,1360.0,3.0,453.3333333333333,0.6666666666666666,1,0
Super built-up Area,Hagadur,2.0,1.0,47.5,1086.0,2.0,543.0,1.0,1,0
Super built-up Area,Wilson Garden,3.0,2.0,155.0,1655.0,3.0,551.6666666666666,1.0,1,1
Plot Area,Old Madras Road,4.0,,260.0,2600.0,4.0,650.0,1.0,0,0
Super built-up Area,Sarjapur  Road,2.0,2.0,78.0,1418.0,2.0,709.0,1.0,1,1
Super built-up Area,Kalena Agrahara,2.0,2.0,100.0,1270.0,2.0,635.0,1.0,1,1
Super built-up Area,"JP Nagar 7th Phase,",2.0,1.0,74.0,1150.0,2.0,575.0,1.0,0,0
Plot Area,Ramamurthy Nagar,3.0,2.0,45.0,600.0,2.0,300.0,1.5,1,0
Built-up Area,Raghuvanahalli,3.0,2.0,65.8,1440.0,3.0,480.0,1.0,1,0
Plot Area,J C Nagar,2.0,0.0,108.0,1200.0,3.0,400.0,0.6666666666666666,1,0
Super built-up Area,Sadduguntepalya,2.0,2.0,75.0,1200.0,2.0,600.0,1.0,1,1
Super built-up Area,Begur Road,2.0,3.0,50.06,1410.0,3.0,470.0,0.6666666666666666,1,1
Plot Area,Chandapura,5.0,2.0,92.0,1200.0,4.0,300.0,1.25,1,1
Built-up Area,Whitefield,1.0,1.0,35.0,624.0,1.0,624.0,1.0,0,0
Super built-up Area,Electronic City,2.0,1.0,58.0,1060.0,2.0,530.0,1.0,1,1
Super built-up Area,Hebbal,5.0,3.0,386.0,3960.0,4.0,990.0,1.25,0,1
Plot Area,Vidyaranyapura,4.0,2.0,175.0,1200.0,4.0,300.0,1.0,1,0
Built-up Area,Sarjapur,3.0,0.0,60.0,1917.0,4.0,479.25,0.75,1,0
Super built-up Area,KR Puram,2.0,1.0,40.0,950.0,2.0,475.0,1.0,1,1
Plot Area,Channasandra,2.0,1.0,48.0,3040.0,2.0,1520.0,1.0,0,0
Super built-up Area,BTM 2nd Stage,3.0,1.0,50.0,1250.0,3.0,416.6666666666667,1.0,0,0
Super built-up Area,Vishwapriya Layout,2.0,2.0,60.0,1235.0,2.0,617.5,1.0,1,1
Super built-up Area,Budigere,1.0,0.0,46.0,722.0,1.0,722.0,1.0,1,1
Plot Area,Kanakpura Road,3.0,1.0,165.0,2775.0,4.0,693.75,0.75,1,1
Built-up Area,Sarjapur  Road,2.0,1.0,93.0,1200.0,2.0,600.0,1.0,1,1
Built-up Area,Bannerghatta Road,3.0,,68.0,1400.0,3.0,466.6666666666667,1.0,1,0
Built-up Area,Mallathahalli,3.0,3.0,60.0,1225.0,3.0,408.3333333333333,1.0,1,1
Super built-up Area,Marathahalli,2.0,1.0,58.5,1220.0,2.0,610.0,1.0,1,0
Super built-up Area,Nagavarapalya,1.0,1.0,52.5,705.0,1.0,705.0,1.0,1,1
Super built-up Area,Battarahalli,3.0,2.0,94.36,1880.0,3.0,626.6666666666666,1.0,1,1
Plot Area,Yelahanka,2.0,1.0,70.0,1200.0,2.0,600.0,1.0,1,0
Built-up Area,Doddakammanahalli,2.0,1.0,60.0,1550.0,3.0,516.6666666666666,0.6666666666666666,1,1
Super built-up Area,Lingadheeranahalli,3.0,1.0,130.0,1893.0,3.0,631.0,1.0,1,1
Super built-up Area,HMT Layout,3.0,2.0,75.0,1650.0,3.0,550.0,1.0,1,1
Built-up Area,Chikkathoguru,2.0,2.0,46.0,1113.0,2.0,556.5,1.0,1,1
Plot Area,BEL Road,2.0,0.0,203.0,1500.0,2.0,750.0,1.0,1,0
Super built-up Area,Sarjapur  Road,3.0,3.0,70.0,1586.0,3.0,528.6666666666666,1.0,1,1
Plot Area,Seegehalli,3.0,1.0,235.0,4000.0,3.0,1333.3333333333333,1.0,1,1
Super built-up Area,Yelahanka New Town,3.0,3.0,80.0,1541.0,3.0,513.6666666666666,1.0,1,1
Super built-up Area,Haralur Road,3.0,2.0,101.0,1830.0,3.0,610.0,1.0,0,1
Super built-up Area,Kodigehalli,2.0,2.0,48.0,1200.0,2.0,600.0,1.0,1,0
Plot Area,Bidrahalli,2.0,0.0,72.0,1800.0,3.0,600.0,0.6666666666666666,1,0
Super built-up Area,Bommasandra,2.0,1.0,40.0,1015.0,2.0,507.5,1.0,0,1
Super built-up Area,Raja Rajeshwari Nagar,2.0,2.0,37.95,1120.0,2.0,560.0,1.0,1,1
Super built-up Area,Hoodi,1.0,1.0,48.24,706.0,1.0,706.0,1.0,0,1
Plot Area,Medi Agrahara,4.0,2.0,85.0,1350.0,4.0,337.5,1.0,1,0
Plot Area,Kanakpura Road,3.0,1.0,99.0,1900.0,3.0,633.3333333333334,1.0,1,1
Plot Area,Harlur,4.0,,243.0,1200.0,4.0,300.0,1.0,1,0
Built-up Area,Seegehalli,5.0,3.0,150.0,3000.0,4.0,750.0,1.25,1,1
Super built-up Area,Bisuvanahalli,2.0,1.0,42.0,1075.0,3.0,358.3333333333333,0.6666666666666666,1,1
Super built-up Area,Kanakpura Road,2.0,3.0,80.0,1290.0,2.0,645.0,1.0,0,1
Super built-up Area,Akshaya Nagar,2.0,1.0,50.0,1200.0,2.0,600.0,1.0,1,1
Built-up Area,Hormavu,2.0,1.0,53.11,1150.0,2.0,575.0,1.0,1,1
Super built-up Area,Uttarahalli,2.0,3.0,61.2,1360.0,3.0,453.3333333333333,0.6666666666666666,1,0
Carpet Area,4th Block Koramangala,9.0,,500.0,4500.0,9.0,500.0,1.0,1,0
Super built-up Area,whitefiled,2.0,1.0,32.73,935.0,2.0,467.5,1.0,0,0
Super built-up Area,Cox Town,3.0,3.0,140.0,1730.0,3.0,576.6666666666666,1.0,1,1
Super built-up Area,Sarjapur  Road,2.0,2.0,53.0,1260.0,2.0,630.0,1.0,1,0
Plot Area,Marathahalli,4.0,1.0,650.0,4000.0,4.0,1000.0,1.0,1,0
Super built-up Area,Marathahalli,2.0,1.0,45.68,950.0,2.0,475.0,1.0,1,0
Plot Area,Subbannaiah Palya,3.0,2.0,85.0,600.0,2.0,300.0,1.5,1,0
Built-up Area,Vadarpalya,5.0,2.0,120.0,2500.0,5.0,500.0,1.0,1,0
Super built-up Area,Hegde Nagar,5.0,2.0,300.0,3216.0,4.0,804.0,1.25,0,1
Super built-up Area,Budigere,4.0,2.0,88.0,1991.0,3.0,663.6666666666666,1.3333333333333333,1,1
Super built-up Area,Sarjapur  Road,2.0,1.0,60.0,1115.0,2.0,557.5,1.0,1,1
Super built-up Area,Koramangala,3.0,3.0,150.0,1900.0,3.0,633.3333333333334,1.0,1,1
Super built-up Area,Whitefield,2.0,1.0,41.49,1109.0,2.0,554.5,1.0,0,1
Super built-up Area,Rajiv Nagar,5.0,1.0,129.0,2340.0,4.0,585.0,1.25,1,1
Plot Area,Whitefield,5.0,1.0,850.0,4356.0,4.0,1089.0,1.25,1,1
Super built-up Area,9th Phase JP Nagar,2.0,1.0,43.0,1005.0,2.0,502.5,1.0,1,1
Super built-up Area,Kengeri,1.0,1.0,19.5,416.0,1.0,416.0,1.0,0,1
Super built-up Area,1st Phase JP Nagar,2.0,1.0,100.0,1394.0,2.0,697.0,1.0,1,1
Super built-up Area,Harlur,3.0,2.0,110.0,2138.0,3.0,712.6666666666666,1.0,1,1
Built-up Area,Richards Town,3.0,2.0,160.0,1550.0,3.0,516.6666666666666,1.0,1,1
Super built-up Area,Nagavarapalya,3.0,1.0,80.0,1300.0,3.0,433.3333333333333,1.0,1,1
Super built-up Area,Thanisandra,2.0,2.0,82.0,1265.0,2.0,632.5,1.0,1,1
Built-up Area,Manorayana Palya,2.0,2.0,52.0,1140.0,2.0,570.0,1.0,1,0
Carpet Area,BCC Layout,2.0,3.0,40.0,1050.0,2.0,525.0,1.0,1,1
Built-up Area,Thanisandra,2.0,1.0,48.0,1100.0,2.0,550.0,1.0,1,0
Super built-up Area,Varthur,2.0,1.0,59.0,1012.0,2.0,506.0,1.0,0,1
Plot Area,Varthur,4.0,3.0,112.0,1600.0,4.0,400.0,1.0,0,1
Super built-up Area,Yelahanka,2.0,2.0,57.0,1326.0,2.0,663.0,1.0,1,1
Built-up Area,Hebbal Kempapura,2.0,3.0,85.0,1654.0,3.0,551.3333333333334,0.6666666666666666,1,0
Plot Area,Jeevan bima nagar,2.0,1.0,290.0,1705.0,3.0,568.3333333333334,0.6666666666666666,1,0
Super built-up Area,Chikkalasandra,2.0,1.0,42.8,1070.0,2.0,535.0,1.0,1,0
Super built-up Area,Whitefield,3.0,2.0,95.0,1700.0,3.0,566.6666666666666,1.0,1,1
Carpet Area,Bhoganhalli,2.0,1.0,80.64,910.2,2.0,455.1,1.0,0,1
Super built-up Area,Kogilu,2.0,2.0,50.66,1140.0,2.0,570.0,1.0,1,0
Plot Area,Whitefield,4.0,3.0,400.0,4960.0,4.0,1240.0,1.0,1,1
Super built-up Area,Kanakapura,2.0,1.0,47.0,945.0,2.0,472.5,1.0,0,0
Super built-up Area,Begur Road,6.0,2.0,150.0,2462.0,4.0,615.5,1.5,0,1
Plot Area,Giri Nagar,3.0,0.0,240.0,1350.0,3.0,450.0,1.0,1,0
Super built-up Area,Marathahalli,1.0,1.0,44.0,615.0,1.0,615.0,1.0,0,1
Plot Area,Ramamurthy Nagar,2.0,0.0,65.0,1110.0,2.0,555.0,1.0,1,0
Super built-up Area,Haralur Road,1.0,1.0,88.0,575.0,1.0,575.0,1.0,0,1
Super built-up Area,Electronic City,2.0,1.0,54.1,1025.0,2.0,512.5,1.0,0,1
Built-up Area,Vinayak Nagar,3.0,2.0,95.0,1758.0,3.0,586.0,1.0,1,1
Super built-up Area,Gopalapura,5.0,3.0,351.0,3179.0,4.0,794.75,1.25,0,1
Super built-up Area,Kaikondrahalli,3.0,3.0,92.0,1342.0,3.0,447.3333333333333,1.0,1,1
Super built-up Area,Kalyan nagar,3.0,2.0,85.0,1800.0,3.0,600.0,1.0,1,1
Built-up Area,Whitefield,4.0,3.0,198.0,2928.0,4.0,732.0,1.0,0,0
Built-up Area,Doddathoguru,2.0,3.0,32.0,1140.0,2.0,570.0,1.0,1,0
Super built-up Area,Raja Rajeshwari Nagar,2.0,2.0,85.0,1608.0,2.0,804.0,1.0,0,1
Super built-up Area,Kadugodi,2.0,2.0,82.0,1645.0,3.0,548.3333333333334,0.6666666666666666,1,0
Super built-up Area,Ramamurthy Nagar,2.0,1.0,56.4,1410.0,3.0,470.0,0.6666666666666666,0,1
Super built-up Area,Harlur,2.0,2.0,52.0,1200.0,2.0,600.0,1.0,1,0
Super built-up Area,8th Phase JP Nagar,2.0,2.0,41.5,1275.0,3.0,425.0,0.6666666666666666,0,0
Built-up Area,Dodda Nekkundi,4.0,2.0,600.0,3800.0,4.0,950.0,1.0,1,1
Super built-up Area,Kada Agrahara,2.0,1.0,40.0,909.0,3.0,303.0,0.6666666666666666,1,1
Built-up Area,Basavanapura,3.0,0.0,85.0,1200.0,2.0,600.0,1.5,1,0
Super built-up Area,Kalyan nagar,2.0,2.0,73.0,1080.0,2.0,540.0,1.0,1,1
Plot Area,Madanayakahalli,2.0,1.0,34.0,1200.0,2.0,600.0,1.0,1,0
Super built-up Area,Akshaya Nagar,2.0,1.0,60.0,1092.0,2.0,546.0,1.0,0,1
Super built-up Area,Jalahalli,4.0,3.0,135.0,1932.0,3.0,644.0,1.3333333333333333,1,1
Super built-up Area,KR Puram,2.0,1.0,72.0,1156.0,2.0,578.0,1.0,1,1
Super built-up Area,Bellandur,2.0,2.0,35.11,924.0,2.0,462.0,1.0,1,0
Super built-up Area,Thubarahalli,2.0,1.0,75.0,1330.0,2.0,665.0,1.0,1,1
Super built-up Area,Thanisandra,4.0,2.0,113.0,1917.0,3.0,639.0,1.3333333333333333,0,1
Super built-up Area,Chandapura,2.0,1.0,25.12,985.0,2.0,492.5,1.0,0,1
Plot Area,Mahalakshmi Puram,6.0,2.0,408.0,2400.0,6.0,400.0,1.0,1,0
Plot Area,Richmond Town,5.0,2.0,500.0,1800.0,4.0,450.0,1.25,1,0
Plot Area,Mahalakshmi Puram,1.0,0.0,225.0,1290.0,2.0,645.0,0.5,1,0
Super built-up Area,Kodigehalli,1.0,1.0,53.0,655.0,1.0,655.0,1.0,0,0
Built-up Area,4th Block Koramangala,3.0,3.0,140.0,1800.0,3.0,600.0,1.0,1,0
Built-up Area,Margondanahalli,2.0,2.0,45.0,1360.0,4.0,340.0,0.5,1,0
Super built-up Area,Bellandur,3.0,3.0,118.0,1785.0,3.0,595.0,1.0,1,1
Super built-up Area,Kadugodi,7.0,2.0,130.0,4000.0,7.0,571.4285714285714,1.0,1,0
Super built-up Area,Hebbal,3.0,2.0,120.0,1645.0,3.0,548.3333333333334,1.0,0,1
Super built-up Area,Gottigere,2.0,2.0,63.0,1235.0,2.0,617.5,1.0,1,1
Plot Area,Anandapura,2.0,0.0,48.0,900.0,2.0,450.0,1.0,1,0
Super built-up Area,Thanisandra,1.0,1.0,42.0,662.0,1.0,662.0,1.0,1,1
Super built-up Area,Whitefield,2.0,1.0,62.0,1215.0,2.0,607.5,1.0,0,1
Super built-up Area,Sarjapur  Road,2.0,2.0,87.0,1525.0,3.0,508.3333333333333,0.6666666666666666,1,1
Built-up Area,Jaladarsini Layout,2.0,2.0,48.0,1000.0,2.0,500.0,1.0,1,1
Super built-up Area,Hebbal,2.0,1.0,90.0,1255.0,3.0,418.3333333333333,0.6666666666666666,0,1
Super built-up Area,Mysore Road,3.0,2.0,120.0,1560.0,3.0,520.0,1.0,1,1
Built-up Area,Kasavanhalli,3.0,3.0,110.0,2100.0,3.0,700.0,1.0,1,0
Super built-up Area,Kodichikkanahalli,2.0,2.0,85.0,1620.0,3.0,540.0,0.6666666666666666,1,1
Super built-up Area,Marathahalli,3.0,2.0,90.0,1595.0,3.0,531.6666666666666,1.0,1,1
Super built-up Area,Basavanapura,2.0,2.0,38.52,1095.0,2.0,547.5,1.0,0,0
Built-up Area,9th Phase JP Nagar,2.0,0.0,37.0,835.0,2.0,417.5,1.0,1,1
Super built-up Area,Hennur Road,3.0,2.0,72.04,2182.0,3.0,727.3333333333334,1.0,0,1
Super built-up Area,Thigalarapalya,2.0,2.0,106.0,1418.0,2.0,709.0,1.0,1,0
Super built-up Area,Sanjay nagar,2.0,2.0,180.0,1900.0,3.0,633.3333333333334,0.6666666666666666,0,0
Super built-up Area,Whitefield,5.0,2.0,175.0,2700.0,3.0,900.0,1.6666666666666667,0,1
Super built-up Area,BTM 2nd Stage,2.0,1.0,48.0,1070.0,2.0,535.0,1.0,1,1
Super built-up Area,Electronics City Phase 1,1.0,1.0,42.41,755.0,1.0,755.0,1.0,0,1
Super built-up Area,Hebbal,3.0,2.0,117.0,1645.0,3.0,548.3333333333334,1.0,0,1
Plot Area,Sarjapur,3.0,2.0,190.0,2400.0,3.0,800.0,1.0,1,0
Built-up Area,4th T block Jayanagar,4.0,,333.0,3900.0,4.0,975.0,1.0,0,0
Plot Area,Attur Layout,4.0,2.0,200.0,2400.0,3.0,800.0,1.3333333333333333,1,0
Built-up Area,Electronics City Phase 1,2.0,0.0,28.0,919.0,2.0,459.5,1.0,1,1
Super built-up Area,Bannerghatta Road,3.0,,110.0,1725.0,3.0,575.0,1.0,1,1
Super built-up Area,Sarjapur  Road,2.0,1.0,71.32,1346.0,2.0,673.0,1.0,0,1
Built-up Area,Electronic City Phase II,2.0,2.0,45.0,1070.0,2.0,535.0,1.0,1,1
Super built-up Area,Begur Road,2.0,1.0,35.52,1225.0,2.0,612.5,1.0,1,1
Built-up Area,Neeladri Nagar,1.0,1.0,20.5,640.0,1.0,640.0,1.0,1,1
Super built-up Area,Chikkalasandra,2.0,1.0,52.4,1310.0,3.0,436.6666666666667,0.6666666666666666,1,0
Super built-up Area,Kanakapura,2.0,2.0,39.0,1190.0,2.0,595.0,1.0,1,0
Super built-up Area,Basavanna Nagar,3.0,2.0,87.5,1645.0,3.0,548.3333333333334,1.0,1,1
Super built-up Area,Marathahalli,2.0,1.0,89.0,1350.0,2.0,675.0,1.0,1,1
Super built-up Area,Vittasandra,2.0,1.0,68.8,1404.0,2.0,702.0,1.0,1,1
Super built-up Area,Electronic City,2.0,1.0,35.0,1105.0,3.0,368.3333333333333,0.6666666666666666,0,1
Super built-up Area,Kanakpura Road,2.0,1.0,41.0,900.0,2.0,450.0,1.0,0,1
Plot Area,A Narayanapura,4.0,3.0,320.0,1650.0,4.0,412.5,1.0,1,0
Super built-up Area,Dodda Nekkundi,2.0,1.0,41.15,1100.0,2.0,550.0,1.0,1,0
Built-up Area,Thanisandra,4.0,1.0,95.0,2100.0,4.0,525.0,1.0,1,0
Super built-up Area,Thanisandra,3.0,2.0,130.0,1948.0,3.0,649.3333333333334,1.0,0,1
Super built-up Area,Singasandra,3.0,2.0,56.0,1464.0,3.0,488.0,1.0,1,0
Super built-up Area,Raja Rajeshwari Nagar,2.0,2.0,45.0,1210.0,2.0,605.0,1.0,1,0
Built-up Area,Yelahanka,5.0,2.0,220.0,4000.0,5.0,800.0,1.0,1,0
Super built-up Area,Brooke Bond First Cross,2.0,2.0,55.0,1252.0,2.0,626.0,1.0,1,1
Super built-up Area,Sarjapur  Road,7.0,,290.0,3905.0,5.0,781.0,1.4,1,1
Super built-up Area,Kundalahalli Colony,3.0,2.0,140.0,2600.0,3.0,866.6666666666666,1.0,1,1
Super built-up Area,7th Phase JP Nagar,3.0,2.0,89.13,1300.0,3.0,433.3333333333333,1.0,1,1
Super built-up Area,7th Phase JP Nagar,2.0,2.0,73.0,1130.0,2.0,565.0,1.0,1,1
Plot Area,Budigere,3.0,0.0,135.0,1200.0,4.0,300.0,0.75,1,0
Built-up Area,Thanisandra,3.0,2.0,125.0,1690.0,3.0,563.3333333333334,1.0,1,1
Built-up Area,Padmanabhanagar,4.0,2.0,360.0,4500.0,3.0,1500.0,1.3333333333333333,1,0
Super built-up Area,Tasker Town,2.0,1.0,60.0,950.0,2.0,475.0,1.0,1,0
Super built-up Area,Marathahalli,2.0,1.0,57.0,1020.0,2.0,510.0,1.0,1,1
Built-up Area,"Hoodi Circle,",4.0,3.0,95.0,2107.0,4.0,526.75,1.0,0,0
Super built-up Area,Marathahalli,3.0,2.0,72.0,1735.0,3.0,578.3333333333334,1.0,1,0
Built-up Area,Sarjapur  Road,2.0,2.0,37.0,915.0,2.0,457.5,1.0,1,1
Super built-up Area,Glass Factory Layout,3.0,3.0,68.0,1450.0,3.0,483.3333333333333,1.0,1,1
Super built-up Area,Thigalarapalya,4.0,2.0,156.0,2215.0,3.0,738.3333333333334,1.3333333333333333,1,1
Super built-up Area,Raghavendra Nagar,3.0,1.0,100.0,2431.0,3.0,810.3333333333334,1.0,1,1
Super built-up Area,Hennur Road,3.0,2.0,102.0,1804.0,3.0,601.3333333333334,1.0,0,1
Super built-up Area,Marathahalli,3.0,2.0,88.0,1600.0,2.0,800.0,1.5,0,1
Super built-up Area,Uttarahalli,2.0,2.0,75.0,1280.0,2.0,640.0,1.0,1,1
Super built-up Area,Hebbal,3.0,2.0,77.68,1255.0,3.0,418.3333333333333,1.0,0,1
Super built-up Area,Koramangala,2.0,1.0,150.0,1320.0,2.0,660.0,1.0,1,1
Super built-up Area,Hoodi,2.0,1.0,69.0,1257.0,2.0,628.5,1.0,1,1
Super built-up Area,Raja Rajeshwari Nagar,2.0,1.0,53.27,1240.0,2.0,620.0,1.0,1,1
Plot Area,Milk Colony,4.0,2.0,240.0,1200.0,4.0,300.0,1.0,1,0
Plot Area,Bannerghatta Road,6.0,3.0,150.0,1850.0,6.0,308.3333333333333,1.0,1,1
Super built-up Area,Hulimavu,2.0,3.0,66.0,1255.0,2.0,627.5,1.0,1,1
Super built-up Area,Ananth Nagar,2.0,2.0,36.0,870.0,2.0,435.0,1.0,1,0
Super built-up Area,Tumkur Road,3.0,2.0,98.0,1789.0,3.0,596.3333333333334,1.0,1,1
Super built-up Area,Electronic City,1.0,1.0,18.0,660.0,2.0,330.0,0.5,1,1
Super built-up Area,Coffee Board Layout,2.0,3.0,56.0,1155.0,2.0,577.5,1.0,1,1
Super built-up Area,R.T. Nagar,2.0,2.0,65.0,1235.0,2.0,617.5,1.0,1,1
Plot Area,Yelahanka,4.0,2.0,140.0,2675.0,4.0,668.75,1.0,1,1
Super built-up Area,CV Raman Nagar,2.0,2.0,50.0,1025.0,2.0,512.5,1.0,1,1
Built-up Area,Raja Rajeshwari Nagar,2.0,2.0,72.0,1395.0,3.0,465.0,0.6666666666666666,1,1
Super built-up Area,Dodda Nekkundi,2.0,1.0,71.0,1252.0,3.0,417.3333333333333,0.6666666666666666,1,1
Super built-up Area,Hennur Road,2.0,1.0,30.27,1081.0,2.0,540.5,1.0,0,1
Super built-up Area,Haralur Road,3.0,1.0,130.0,1255.0,3.0,418.3333333333333,1.0,1,1
Super built-up Area,Ardendale,3.0,,150.0,2062.0,4.0,515.5,0.75,1,1
Super built-up Area,Choodasandra,3.0,2.0,56.0,1220.0,3.0,406.6666666666667,1.0,1,1
Built-up Area,Jigani,2.0,0.0,55.0,1408.0,3.0,469.3333333333333,0.6666666666666666,1,0
Super built-up Area,Bisuvanahalli,2.0,1.0,60.0,1180.0,3.0,393.3333333333333,0.6666666666666666,1,1
Super built-up Area,Sarjapur  Road,1.0,2.0,29.0,715.0,1.0,715.0,1.0,1,1
Super built-up Area,Sarjapur  Road,2.0,3.0,94.5,1230.0,2.0,615.0,1.0,1,1
Super built-up Area,Kaggadasapura,2.0,2.0,45.5,1035.0,2.0,517.5,1.0,1,1
Super built-up Area,EPIP Zone,5.0,0.0,225.0,3360.0,4.0,840.0,1.25,1,1
Super built-up Area,Kathriguppe,3.0,2.0,77.99,1300.0,3.0,433.3333333333333,1.0,1,1
Super built-up Area,Kanakpura Road,3.0,1.0,52.97,1100.0,3.0,366.6666666666667,1.0,0,1
Super built-up Area,Whitefield,2.0,1.0,84.0,1216.0,2.0,608.0,1.0,1,1
Super built-up Area,Shirdi Sai Layout,2.0,3.0,62.63,1450.0,2.0,725.0,1.0,0,0
Super built-up Area,Nagavarapalya,1.0,1.0,57.0,705.0,1.0,705.0,1.0,1,1
Super built-up Area,Gottigere,3.0,2.0,64.0,1385.0,3.0,461.6666666666667,1.0,1,1
Plot Area,Anekal,2.0,1.0,36.1,1200.0,2.0,600.0,1.0,0,0
Super built-up Area,Electronic City Phase II,2.0,1.0,32.75,1310.0,3.0,436.6666666666667,0.6666666666666666,0,1
Built-up Area,Sarjapur  Road,2.0,1.0,39.5,1043.0,2.0,521.5,1.0,1,1
Super built-up Area,Koramangala,2.0,2.0,110.0,1320.0,2.0,660.0,1.0,1,1
Super built-up Area,Near ullas theater,3.0,2.0,205.0,1900.0,3.0,633.3333333333334,1.0,1,0
Super built-up Area,Varthur,2.0,2.0,39.9,1140.0,2.0,570.0,1.0,1,1
Built-up Area,Kadugodi,2.0,1.0,45.0,1100.0,2.0,550.0,1.0,1,1
Super built-up Area,Hebbal,3.0,2.0,90.0,1586.0,3.0,528.6666666666666,1.0,0,1
Built-up Area,Amruthnagar,3.0,2.0,60.0,1365.0,2.0,682.5,1.5,1,1
Super built-up Area,Rajaji Nagar,2.0,0.0,107.0,1263.0,2.0,631.5,1.0,0,1
Super built-up Area,Begur Road,2.0,2.0,59.76,1565.0,3.0,521.6666666666666,0.6666666666666666,1,1
Plot Area,Karuna Nagar,3.0,2.0,180.0,1163.0,3.0,387.6666666666667,1.0,1,1
Super built-up Area,Whitefield,5.0,1.0,204.0,2882.0,4.0,720.5,1.25,0,1
Super built-up Area,Hennur Road,3.0,2.0,170.0,2320.0,3.0,773.3333333333334,1.0,1,1
Built-up Area,Sarjapur  Road,3.0,3.0,99.0,1750.0,3.0,583.3333333333334,1.0,1,1
Super built-up Area,Kudlu,2.0,1.0,55.0,1143.0,2.0,571.5,1.0,1,1
Super built-up Area,Hennur Road,3.0,1.0,118.0,1936.0,3.0,645.3333333333334,1.0,1,1
Super built-up Area,Electronic City,1.0,1.0,15.0,660.0,2.0,330.0,0.5,1,1
Super built-up Area,Chandapura,1.0,1.0,19.0,700.0,2.0,350.0,0.5,1,1
Super built-up Area,Chikkakannalli,2.0,2.0,85.0,1402.0,3.0,467.3333333333333,0.6666666666666666,1,0
Built-up Area,Hebbal,4.0,2.0,600.0,4640.0,4.0,1160.0,1.0,1,1
Super built-up Area,Electronic City,2.0,2.0,41.0,1000.0,2.0,500.0,1.0,1,1
Super built-up Area,Gottigere,2.0,1.0,35.0,1000.0,2.0,500.0,1.0,1,1
Super built-up Area,Kengeri Satellite Town,2.0,1.0,26.0,818.0,2.0,409.0,1.0,0,1
Built-up Area,Bommenahalli,3.0,0.0,135.0,1680.0,4.0,420.0,0.75,1,1
Super built-up Area,Kalyan nagar,3.0,2.0,150.0,2422.0,4.0,605.5,0.75,1,1
Super built-up Area,Indira Nagar,2.0,2.0,100.0,1145.0,2.0,572.5,1.0,1,1
Super built-up Area,Chandapura,2.0,2.0,30.35,1190.0,3.0,396.6666666666667,0.6666666666666666,0,1
Super built-up Area,Sarjapur  Road,2.0,1.0,62.0,1145.0,2.0,572.5,1.0,0,1
Super built-up Area,Somasundara Palya,3.0,3.0,68.0,1575.0,3.0,525.0,1.0,1,0
Plot Area,Bannerghatta Road,4.0,1.0,390.0,9000.0,3.0,3000.0,1.3333333333333333,1,0
Super built-up Area,Thanisandra,2.0,2.0,46.0,1200.0,2.0,600.0,1.0,1,0
Super built-up Area,Yelahanka,2.0,2.0,63.0,1500.0,3.0,500.0,0.6666666666666666,1,0
Built-up Area,Ramamurthy Nagar,4.0,2.0,75.0,2560.0,4.0,640.0,1.0,1,0
Super built-up Area,Kothanur,3.0,3.0,76.1,1583.0,3.0,527.6666666666666,1.0,1,0
Super built-up Area,Kanakpura Road,2.0,1.0,34.98,700.0,2.0,350.0,1.0,0,1
Built-up Area,Bannerghatta Road,2.0,0.0,38.0,950.0,2.0,475.0,1.0,1,1
Super built-up Area,Banashankari,2.0,1.0,36.44,1041.0,2.0,520.5,1.0,1,0
Super built-up Area,Thubarahalli,2.0,1.0,70.0,1085.0,2.0,542.5,1.0,1,1
Super built-up Area,Anjanapura,2.0,2.0,37.0,1070.0,2.0,535.0,1.0,0,0
Super built-up Area,Raja Rajeshwari Nagar,2.0,1.0,45.0,1165.0,2.0,582.5,1.0,1,1
Built-up Area,Bommasandra,2.0,1.0,35.0,1000.0,2.0,500.0,1.0,1,1
Super built-up Area,Horamavu Agara,2.0,1.0,64.0,1169.0,2.0,584.5,1.0,0,1
Super built-up Area,Whitefield,3.0,2.0,140.0,1840.0,3.0,613.3333333333334,1.0,1,1
Built-up Area,Bhuvaneswari Nagar,3.0,1.0,75.0,1550.0,3.0,516.6666666666666,1.0,1,1
Super built-up Area,Kaval Byrasandra,2.0,3.0,53.0,997.0,2.0,498.5,1.0,1,0
Built-up Area,Gunjur,2.0,3.0,60.0,1457.0,2.0,728.5,1.0,0,1
Plot Area,KR Puram,2.0,0.0,60.0,1000.0,2.0,500.0,1.0,1,0
Plot Area,Sarjapur  Road,3.0,2.0,88.0,1500.0,3.0,500.0,1.0,1,1
Built-up Area,Lakshminarayana Pura,2.0,2.0,75.0,1165.0,2.0,582.5,1.0,1,1
Super built-up Area,Kasavanhalli,3.0,2.0,123.0,1787.0,3.0,595.6666666666666,1.0,0,0
Super built-up Area,Raja Rajeshwari Nagar,2.0,1.0,70.0,1288.0,3.0,429.3333333333333,0.6666666666666666,1,0
Super built-up Area,Thanisandra,2.0,2.0,54.11,1430.0,3.0,476.6666666666667,0.6666666666666666,1,1
Super built-up Area,Hulimavu,5.0,,271.0,3035.0,3.0,1011.6666666666666,1.6666666666666667,0,1
Super built-up Area,Doddathoguru,1.0,1.0,25.5,750.0,1.0,750.0,1.0,1,0
Plot Area,Channasandra,3.0,1.0,67.77,1200.0,3.0,400.0,1.0,0,0
Super built-up Area,Electronic City,2.0,1.0,78.0,1500.0,3.0,500.0,0.6666666666666666,1,1
Super built-up Area,Ambalipura,2.0,2.0,66.25,1230.0,2.0,615.0,1.0,1,0
Super built-up Area,Marathahalli,1.0,1.0,55.0,780.0,1.0,780.0,1.0,1,1
Built-up Area,Bannerghatta Road,2.0,1.0,80.0,1220.0,2.0,610.0,1.0,1,1
Super built-up Area,Kanakpura Road,2.0,2.0,43.0,1110.0,2.0,555.0,1.0,1,1
Super built-up Area,Yeshwanthpur Industrial Suburb,3.0,2.0,240.0,2100.0,3.0,700.0,1.0,1,0
Super built-up Area,Akshaya Nagar,3.0,2.0,85.0,1690.0,3.0,563.3333333333334,1.0,1,0
Super built-up Area,Bannerghatta Road,2.0,2.0,78.0,1130.0,2.0,565.0,1.0,1,1
Super built-up Area,Electronic City,2.0,1.0,59.32,1213.0,2.0,606.5,1.0,0,1
Super built-up Area,Kengeri,2.0,2.0,45.0,900.0,2.0,450.0,1.0,1,1
Super built-up Area,Panathur,2.0,1.0,85.0,1199.0,2.0,599.5,1.0,1,1
Plot Area,Nandi Hills,4.0,2.0,290.0,5000.0,4.0,1250.0,1.0,1,0
Super built-up Area,Bhoganhalli,,,111.0,2072.5,4.0,518.125,,0,1
Super built-up Area,Uttarahalli,1.0,1.0,36.0,661.0,1.0,661.0,1.0,0,1
Super built-up Area,Thanisandra main road,2.0,1.0,285.0,1804.0,2.0,902.0,1.0,0,0
Super built-up Area,Marathahalli,3.0,2.0,100.0,1710.0,3.0,570.0,1.0,1,1
Built-up Area,Kengeri Satellite Town,2.0,2.0,50.0,1030.0,2.0,515.0,1.0,1,1
Super built-up Area,Marathahalli,3.0,2.0,73.5,1530.0,3.0,510.0,1.0,1,0
Plot Area,Ramamurthy Nagar,2.0,1.0,78.0,1200.0,2.0,600.0,1.0,0,0
Super built-up Area,Rajarajeshwari nagar,3.0,2.0,85.0,2000.0,3.0,666.6666666666666,1.0,1,0
Carpet Area,Nagarbhavi,1.0,1.0,20.0,300.0,1.0,300.0,1.0,1,0
Super built-up Area,Green Glen Layout,2.0,1.0,115.0,1751.0,3.0,583.6666666666666,0.6666666666666666,1,1
Built-up Area,R.T. Nagar,1.0,0.0,170.0,800.0,2.0,400.0,0.5,1,1
Super built-up Area,Panathur,2.0,2.0,79.0,1255.0,2.0,627.5,1.0,1,1
Super built-up Area,Whitefield,3.0,2.0,122.0,1778.0,3.0,592.6666666666666,1.0,0,1
Super built-up Area,Ashirvad Colony,2.0,1.0,45.0,1100.0,2.0,550.0,1.0,1,1
Super built-up Area,Hennur Road,2.0,2.0,65.0,1480.0,2.0,740.0,1.0,1,1
Super built-up Area,Marathahalli,2.0,1.0,81.0,1358.0,2.0,679.0,1.0,0,1
Built-up Area,Electronics City Phase 1,1.0,1.0,27.0,580.0,1.0,580.0,1.0,1,1
Super built-up Area,Choodasandra,2.0,1.0,63.0,1197.0,2.0,598.5,1.0,0,1
Plot Area,HRBR Layout,2.0,1.0,170.0,1200.0,4.0,300.0,0.5,1,0
Super built-up Area,Lingadheeranahalli,3.0,1.0,110.0,1705.0,3.0,568.3333333333334,1.0,1,1
Built-up Area,Electronic City Phase II,2.0,1.0,37.83,1310.0,3.0,436.6666666666667,0.6666666666666666,0,1
Super built-up Area,Hoodi,2.0,0.0,67.9,1132.0,2.0,566.0,1.0,0,1
Plot Area,SMV layout,3.0,0.0,140.0,1200.0,3.0,400.0,1.0,1,0
Built-up Area,Peenya,2.0,1.0,55.0,814.0,2.0,407.0,1.0,1,0
Super built-up Area,Electronic City,3.0,2.0,90.0,1575.0,3.0,525.0,1.0,1,1
Super built-up Area,Pattandur Agrahara,2.0,1.0,66.0,1302.0,2.0,651.0,1.0,1,1
Plot Area,Sultan Palaya,8.0,1.0,175.0,1800.0,6.0,300.0,1.3333333333333333,1,0
Super built-up Area,Hegde Nagar,4.0,2.0,196.0,2006.8,3.0,668.9333333333333,1.3333333333333333,0,1
Built-up Area,Saptagiri Layout,2.0,2.0,44.0,1100.0,2.0,550.0,1.0,1,0
Plot Area,Vijaya Bank Layout,5.0,2.0,400.0,2400.0,5.0,480.0,1.0,1,0
Super built-up Area,Doddabanahalli,2.0,2.0,37.0,830.0,2.0,415.0,1.0,1,0
Built-up Area,Electronic City,1.0,1.0,19.5,435.0,1.0,435.0,1.0,1,1
Super built-up Area,Mathikere,3.0,0.0,120.0,1590.0,3.0,530.0,1.0,1,1
Built-up Area,Electronic City Phase II,2.0,1.0,33.06,1140.0,2.0,570.0,1.0,0,1
Super built-up Area,Kasavanhalli,2.0,2.0,59.8,1090.0,2.0,545.0,1.0,1,1
Super built-up Area,Thanisandra,3.0,3.0,106.0,1922.0,3.0,640.6666666666666,1.0,1,1
Super built-up Area,Thanisandra,2.0,1.0,67.0,965.0,2.0,482.5,1.0,1,1
Super built-up Area,Mysore Road,2.0,1.0,40.95,883.0,2.0,441.5,1.0,1,0
Super built-up Area,Electronic City Phase II,2.0,0.0,32.67,1089.0,2.0,544.5,1.0,0,1
Super built-up Area,Babusapalaya,2.0,1.0,43.1,1358.0,3.0,452.6666666666667,0.6666666666666666,1,1
Super built-up Area,Hoodi,2.0,1.0,87.0,1108.0,2.0,554.0,1.0,0,1
Super built-up Area,Harlur,2.0,1.0,79.0,1197.0,2.0,598.5,1.0,0,1
Super built-up Area,Sarjapur  Road,2.0,1.0,50.0,1190.0,2.0,595.0,1.0,0,1
Super built-up Area,Dairy Circle,6.0,2.0,430.0,3754.0,4.0,938.5,1.5,1,1
Super built-up Area,Vijayanagar,3.0,1.0,117.0,1749.0,3.0,583.0,1.0,0,1
Plot Area,Sarjapur  Road,3.0,2.0,215.0,1750.0,4.0,437.5,0.75,1,1
Super built-up Area,Kasavanhalli,3.0,2.0,104.0,1691.0,3.0,563.6666666666666,1.0,0,0
Built-up Area,Electronic City,3.0,2.0,100.0,1449.0,3.0,483.0,1.0,1,1
Super built-up Area,Bommanahalli,,,87.72,1625.0,3.0,541.6666666666666,,1,1
Built-up Area,Whitefield,2.0,1.0,80.0,1400.0,2.0,700.0,1.0,1,1
Super built-up Area,Electronic City,2.0,1.0,37.83,1310.0,3.0,436.6666666666667,0.6666666666666666,0,0
Built-up Area,Vijayabank bank layout,2.0,1.0,48.0,1100.0,2.0,550.0,1.0,0,0
Super built-up Area,Ramanjaneyanagar,2.0,2.0,53.51,1230.0,3.0,410.0,0.6666666666666666,1,0
Super built-up Area,Green Glen Layout,3.0,2.0,130.0,1750.0,3.0,583.3333333333334,1.0,1,1
Super built-up Area,7th Phase JP Nagar,3.0,2.0,100.0,1450.0,3.0,483.3333333333333,1.0,1,1
Super built-up Area,Haralur Road,3.0,2.0,126.0,1810.0,3.0,603.3333333333334,1.0,1,1
Super built-up Area,Vittasandra,2.0,1.0,62.3,1246.0,2.0,623.0,1.0,1,1
Super built-up Area,Brookefield,3.0,2.0,85.0,1420.0,3.0,473.3333333333333,1.0,1,1
Super built-up Area,Old Airport Road,5.0,3.0,187.0,2658.0,4.0,664.5,1.25,0,1
Super built-up Area,6th block Koramangala,2.0,3.0,89.6,1450.0,3.0,483.3333333333333,0.6666666666666666,0,0
Super built-up Area,D Group Employees Layout,4.0,1.0,230.0,1200.0,4.0,300.0,1.0,1,0
Built-up Area,Talaghattapura,3.0,2.0,170.0,2254.0,3.0,751.3333333333334,1.0,0,1
Super built-up Area,Kadugodi,3.0,3.0,75.0,1711.0,3.0,570.3333333333334,1.0,1,1
Super built-up Area,Raja Rajeshwari Nagar,2.0,2.0,37.97,1120.0,2.0,560.0,1.0,1,1
Super built-up Area,Kaggalipura,2.0,1.0,47.0,950.0,2.0,475.0,1.0,1,1
Built-up Area,Basavangudi,2.0,2.0,145.0,1560.0,2.0,780.0,1.0,1,1
Super built-up Area,Kanakpura Road,2.0,2.0,60.0,1225.0,2.0,612.5,1.0,0,0
Built-up Area,Tala Cauvery Layout,2.0,3.0,77.0,1340.0,2.0,670.0,1.0,1,1
Super built-up Area,Sarjapur  Road,3.0,3.0,145.0,1846.0,3.0,615.3333333333334,1.0,1,1
Super built-up Area,Dodda Nekkundi,2.0,1.0,46.0,1155.0,2.0,577.5,1.0,1,0
Super built-up Area,Balagere,2.0,1.0,70.0,1205.0,2.0,602.5,1.0,0,1
Super built-up Area,Thanisandra,2.0,1.0,36.0,1140.0,2.0,570.0,1.0,1,1
Super built-up Area,Raja Rajeshwari Nagar,2.0,2.0,38.65,1140.0,2.0,570.0,1.0,1,1
Super built-up Area,Jalahalli East,2.0,1.0,63.0,1300.0,3.0,433.3333333333333,0.6666666666666666,1,1
Super built-up Area,Bellandur,2.0,2.0,60.0,1051.0,2.0,525.5,1.0,1,1
Super built-up Area,Uttarahalli,2.0,1.0,45.36,1134.0,2.0,567.0,1.0,1,0
Super built-up Area,Kodihalli,4.0,1.0,260.0,2500.0,3.0,833.3333333333334,1.3333333333333333,1,1
Plot Area,Yemlur,9.0,,1900.0,12000.0,8.0,1500.0,1.125,0,1
Built-up Area,Basavanapura,2.0,2.0,32.91,1135.0,2.0,567.5,1.0,1,1
Built-up Area,"Whitefield,",3.0,2.0,77.0,1745.0,3.0,581.6666666666666,1.0,1,0
Super built-up Area,Kempegowda Nagar,3.0,2.0,105.0,1665.0,3.0,555.0,1.0,1,1
Super built-up Area,Bellari Road,2.0,2.0,48.79,1220.0,2.0,610.0,1.0,0,1
Super built-up Area,Kanakpura Road,3.0,2.0,113.0,1868.0,3.0,622.6666666666666,1.0,0,0
Plot Area,Vaderahalli,4.0,,200.0,2300.0,4.0,575.0,1.0,1,0
Super built-up Area,Akshayanagara East,2.0,1.0,76.0,1210.0,2.0,605.0,1.0,0,0
Super built-up Area,Ambalipura,2.0,1.0,77.0,1351.0,2.0,675.5,1.0,1,1
Super built-up Area,Hebbal,3.0,1.0,119.0,1636.0,3.0,545.3333333333334,1.0,0,1
Plot Area,R.T. Nagar,6.0,1.0,450.0,2400.0,5.0,480.0,1.2,1,0
Built-up Area,Attibele,1.0,1.0,12.0,418.0,1.0,418.0,1.0,1,1
Built-up Area,Kanakpura Road,2.0,2.0,62.0,1339.0,2.0,669.5,1.0,1,1
Super built-up Area,Bannerghatta,4.0,2.0,195.0,2370.0,3.0,790.0,1.3333333333333333,0,1
Super built-up Area,Mallathahalli,2.0,1.0,46.0,1100.0,2.0,550.0,1.0,1,1
Super built-up Area,7th Phase JP Nagar,3.0,2.0,58.0,1350.0,3.0,450.0,1.0,1,0
Super built-up Area,Marathahalli,2.0,2.0,52.0,1290.0,2.0,645.0,1.0,1,1
Built-up Area,Bommasandra Industrial Area,2.0,1.0,35.23,1220.0,3.0,406.6666666666667,0.6666666666666666,0,0
Super built-up Area,Sarjapur  Road,3.0,2.0,155.0,1846.0,3.0,615.3333333333334,1.0,1,1
Super built-up Area,Hegde Nagar,3.0,2.0,135.0,1847.0,3.0,615.6666666666666,1.0,1,1
Plot Area,Whitefield,4.0,2.0,350.0,3100.0,4.0,775.0,1.0,1,1
Super built-up Area,Hoodi,2.0,2.0,110.0,1430.0,2.0,715.0,1.0,0,1
Plot Area,Attibele,3.0,1.0,85.0,1350.0,3.0,450.0,1.0,1,0
Super built-up Area,Hennur Road,3.0,2.0,96.5,1590.0,3.0,530.0,1.0,0,1
Built-up Area,Peenya,3.0,1.0,67.0,1286.0,3.0,428.6666666666667,1.0,0,0
Built-up Area,Samethanahalli,2.0,2.0,40.0,1141.0,2.0,570.5,1.0,1,0
Super built-up Area,Shivaji Nagar,3.0,3.0,130.0,1554.0,2.0,777.0,1.5,1,0
Built-up Area,Hebbal,3.0,3.0,430.0,3520.0,3.0,1173.3333333333333,1.0,1,1
Super built-up Area,Malleshwaram,7.0,3.0,1700.0,7500.0,5.0,1500.0,1.4,0,0
Super built-up Area,Harlur,3.0,2.0,112.0,1749.0,3.0,583.0,1.0,1,0
Plot Area,4th Phase JP Nagar,5.0,1.0,360.0,2250.0,5.0,450.0,1.0,1,0
Carpet Area,K R C kothanur,2.0,3.0,45.0,1140.0,2.0,570.0,1.0,1,0
Plot Area,Bommenahalli,3.0,1.0,128.0,1632.0,4.0,408.0,0.75,1,1
Super built-up Area,Ramamurthy Nagar,2.0,1.0,41.0,1000.0,3.0,333.3333333333333,0.6666666666666666,1,1
Super built-up Area,Nyanappana Halli,2.0,1.0,58.0,1065.0,2.0,532.5,1.0,1,1
Super built-up Area,Haralur Road,2.0,2.0,96.0,1520.0,3.0,506.6666666666667,0.6666666666666666,0,1
Super built-up Area,Bisuvanahalli,2.0,1.0,43.0,1075.0,3.0,358.3333333333333,0.6666666666666666,1,1
Built-up Area,Gubbalala,2.0,2.0,52.36,1539.0,3.0,513.0,0.6666666666666666,1,1
Super built-up Area,Sector 7 HSR Layout,2.0,2.0,115.0,1342.0,2.0,671.0,1.0,1,1
Super built-up Area,HBR Layout,2.0,1.0,49.0,1004.0,2.0,502.0,1.0,1,1
Super built-up Area,Ramagondanahalli,2.0,2.0,95.0,1295.0,2.0,647.5,1.0,1,1
Super built-up Area,Thanisandra,2.0,1.0,74.0,1098.0,2.0,549.0,1.0,0,1
Super built-up Area,Kothanur,2.0,1.0,45.5,1070.0,2.0,535.0,1.0,1,0
Super built-up Area,Hosa Road,2.0,2.0,40.0,1016.0,2.0,508.0,1.0,1,0
Built-up Area,Bellandur,3.0,1.0,68.0,1450.0,3.0,483.3333333333333,1.0,1,1
Super built-up Area,Yelahanka,1.0,1.0,37.0,654.0,1.0,654.0,1.0,0,1
Super built-up Area,Koramangala,4.0,,775.0,5985.0,4.0,1496.25,1.0,1,0
Super built-up Area,Yelachenahalli,2.0,2.0,38.0,1080.0,2.0,540.0,1.0,0,0
Super built-up Area,Vijayanagar,2.0,1.0,75.0,1046.0,2.0,523.0,1.0,0,1
Super built-up Area,Domlur,3.0,3.0,165.0,1950.0,3.0,650.0,1.0,1,1
Super built-up Area,Bhoganhalli,3.0,1.0,84.53,1610.0,3.0,536.6666666666666,1.0,0,1
Super built-up Area,Doddakallasandra,3.0,,115.0,2493.0,3.0,831.0,1.0,1,0
Super built-up Area,Ramagondanahalli,2.0,2.0,50.5,1151.0,2.0,575.5,1.0,0,1
Super built-up Area,Electronic City,2.0,1.0,58.0,1125.0,2.0,562.5,1.0,1,1
Super built-up Area,Kammasandra,2.0,2.0,25.79,992.0,2.0,496.0,1.0,0,0
Super built-up Area,1st Block Jayanagar,3.0,2.0,60.0,1000.0,2.0,500.0,1.5,1,0
Plot Area,Banashankari Stage II,3.0,2.0,510.0,2400.0,5.0,480.0,0.6,1,0
Super built-up Area,Bommanahalli,3.0,2.0,90.0,1850.0,3.0,616.6666666666666,1.0,1,1
Super built-up Area,Harlur,2.0,1.0,75.0,1174.0,2.0,587.0,1.0,1,1
Super built-up Area,Hebbal,,,226.5,2661.0,3.0,887.0,,0,1
Super built-up Area,Sultan Palaya,2.0,1.0,45.0,1100.0,2.0,550.0,1.0,1,0
Super built-up Area,Raja Rajeshwari Nagar,2.0,1.0,38.33,1095.0,2.0,547.5,1.0,1,0
Super built-up Area,Banashankari,3.0,1.0,411.0,3580.0,3.0,1193.3333333333333,1.0,0,0
Plot Area,Choodasandra,4.0,3.0,155.0,900.0,3.0,300.0,1.3333333333333333,0,0
Super built-up Area,Kengeri Hobli,2.0,0.0,42.0,1082.0,3.0,360.6666666666667,0.6666666666666666,1,0
Super built-up Area,Uttarahalli,2.0,3.0,47.24,1350.0,3.0,450.0,0.6666666666666666,1,0
Super built-up Area,Kadugodi,2.0,2.0,78.0,1314.0,2.0,657.0,1.0,0,1
Super built-up Area,Maithri Layout,2.0,3.0,40.63,1290.0,2.0,645.0,1.0,0,0
Super built-up Area,Kaggadasapura,2.0,2.0,55.0,1010.0,2.0,505.0,1.0,1,1
Built-up Area,Shivaji Nagar,2.0,0.0,110.0,2200.0,2.0,1100.0,1.0,1,0
Built-up Area,"Sarjapur Road,",3.0,2.0,97.0,1636.0,3.0,545.3333333333334,1.0,1,0
Super built-up Area,9th Phase JP Nagar,2.0,2.0,39.0,1050.0,2.0,525.0,1.0,0,0
Plot Area,7th Phase JP Nagar,2.0,2.0,200.0,1200.0,2.0,600.0,1.0,1,0
Super built-up Area,Haralur Road,2.0,2.0,125.0,1520.0,3.0,506.6666666666667,0.6666666666666666,0,1
Super built-up Area,5th Phase JP Nagar,5.0,,110.0,2500.0,5.0,500.0,1.0,1,0
Super built-up Area,Sarjapur  Road,2.0,1.0,60.0,1067.0,2.0,533.5,1.0,0,1
Built-up Area,NRI Layout,2.0,2.0,35.0,1060.0,2.0,530.0,1.0,1,0
Super built-up Area,Bommasandra,2.0,1.0,35.28,955.0,2.0,477.5,1.0,0,1
Built-up Area,Anekal,1.0,0.0,19.4,700.0,2.0,350.0,0.5,1,0
Super built-up Area,Kanakpura Road,2.0,1.0,83.0,1366.0,2.0,683.0,1.0,0,1
Built-up Area,Electronic City,2.0,2.0,35.03,1090.0,2.0,545.0,1.0,1,1
Built-up Area,Jigani,3.0,2.0,58.0,1250.0,3.0,416.6666666666667,1.0,1,1
Super built-up Area,Richards Town,4.0,3.0,450.0,3600.0,4.0,900.0,1.0,1,0
Super built-up Area,Electronics City Phase 1,2.0,1.0,33.0,950.0,2.0,475.0,1.0,0,0
Super built-up Area,Indira Nagar,2.0,2.0,170.0,1470.0,2.0,735.0,1.0,1,1
Super built-up Area,Yelahanka,2.0,2.0,40.0,1250.0,2.0,625.0,1.0,1,0
Super built-up Area,Badavala Nagar,2.0,2.0,94.55,1494.0,3.0,498.0,0.6666666666666666,1,1
Built-up Area,Hennur Road,2.0,1.0,105.0,1445.0,3.0,481.6666666666667,0.6666666666666666,0,1
Super built-up Area,Vijayanagar,1.0,1.0,40.0,606.0,1.0,606.0,1.0,0,1
Super built-up Area,Devarachikkanahalli,2.0,2.0,40.0,1170.0,2.0,585.0,1.0,1,0
Super built-up Area,Koramangala,6.0,2.0,353.0,2461.0,4.0,615.25,1.5,0,1
Super built-up Area,Marathahalli,2.0,1.0,75.0,1205.0,2.0,602.5,1.0,1,1
Built-up Area,Rajaji Nagar,1.0,0.0,75.0,660.0,1.0,660.0,1.0,1,0
Super built-up Area,Dommasandra,2.0,2.0,43.5,1153.0,2.0,576.5,1.0,1,0
Plot Area,OMBR Layout,5.0,3.0,275.0,2400.0,5.0,480.0,1.0,1,0
Super built-up Area,Old Madras Road,7.0,3.0,294.0,4500.0,5.0,900.0,1.4,0,1
Super built-up Area,Vijayanagar,2.0,2.0,62.0,1200.0,2.0,600.0,1.0,1,1
Built-up Area,Vignana Nagar,3.0,3.0,42.0,1450.0,3.0,483.3333333333333,1.0,1,1
Super built-up Area,Budigere,2.0,2.0,60.0,1139.0,2.0,569.5,1.0,1,1
Super built-up Area,Green Glen Layout,3.0,2.0,105.0,1530.0,3.0,510.0,1.0,1,1
Super built-up Area,Electronic City,3.0,3.0,101.0,1575.0,3.0,525.0,1.0,1,1
Super built-up Area,Whitefield,1.0,1.0,25.0,650.0,1.0,650.0,1.0,1,1
Super built-up Area,Sai Gardens,2.0,2.0,40.0,1120.0,2.0,560.0,1.0,0,0
Super built-up Area,Akshaya Nagar,3.0,1.0,80.0,1700.0,3.0,566.6666666666666,1.0,1,1
Super built-up Area,Varthur,2.0,2.0,48.0,1090.0,2.0,545.0,1.0,1,1
Super built-up Area,Akshaya Nagar,4.0,2.0,93.0,1897.0,3.0,632.3333333333334,1.3333333333333333,1,0
Plot Area,Nelamangala,3.0,2.0,72.0,1200.0,3.0,400.0,1.0,0,1
Super built-up Area,Kanakpura Road,2.0,1.0,40.0,700.0,2.0,350.0,1.0,0,1
Super built-up Area,Thanisandra,2.0,1.0,71.13,1437.0,2.0,718.5,1.0,0,1
Super built-up Area,Ambedkar Nagar,3.0,1.0,120.0,1856.0,3.0,618.6666666666666,1.0,1,0
Plot Area,Singanayakanahalli,2.0,0.0,65.0,1500.0,3.0,500.0,0.6666666666666666,1,0
Super built-up Area,Hennur Road,2.0,1.0,59.45,1036.0,2.0,518.0,1.0,0,1
Super built-up Area,Attur Layout,8.0,,90.0,3000.0,6.0,500.0,1.3333333333333333,1,0
Super built-up Area,Mico Layout,2.0,2.0,40.0,1125.0,2.0,562.5,1.0,1,1
Super built-up Area,Uttarahalli,2.0,3.0,55.44,1320.0,3.0,440.0,0.6666666666666666,0,0
Super built-up Area,Malleshwaram,4.0,1.0,310.0,2215.0,3.0,738.3333333333334,1.3333333333333333,1,1
Super built-up Area,Electronic City,1.0,1.0,16.0,660.0,2.0,330.0,0.5,1,1
Super built-up Area,Marathahalli,3.0,3.0,110.0,1730.0,3.0,576.6666666666666,1.0,1,0
Super built-up Area,Talaghattapura,3.0,1.0,115.0,1804.0,3.0,601.3333333333334,1.0,0,1
Super built-up Area,Thanisandra,3.0,2.0,140.0,1795.0,3.0,598.3333333333334,1.0,0,1
Super built-up Area,7th Phase JP Nagar,2.0,1.0,50.0,1050.0,2.0,525.0,1.0,1,1
Super built-up Area,Dasarahalli,3.0,3.0,120.0,2100.0,3.0,700.0,1.0,1,1
Built-up Area,Rayasandra,2.0,1.0,48.5,1199.0,3.0,399.6666666666667,0.6666666666666666,1,0
Plot Area,SBM Colony,2.0,2.0,280.0,1350.0,3.0,450.0,0.6666666666666666,1,0
Super built-up Area,Vignana Nagar,2.0,2.0,47.0,1100.0,2.0,550.0,1.0,1,0
Plot Area,Udaya Nagar,1.0,1.0,75.0,1000.0,2.0,500.0,0.5,1,0
Super built-up Area,Kanakapura,2.0,2.0,70.0,1254.0,3.0,418.0,0.6666666666666666,0,0
Built-up Area,Electronics City Phase 1,2.0,2.0,49.0,940.0,2.0,470.0,1.0,1,1
Built-up Area,BTM 2nd Stage,2.0,2.0,80.0,1280.0,2.0,640.0,1.0,1,1
Super built-up Area,Whitefield,3.0,3.0,125.0,2155.0,4.0,538.75,0.75,1,1
Built-up Area,Sarjapur  Road,5.0,3.0,140.0,3200.0,5.0,640.0,1.0,1,1
Super built-up Area,Kasavanhalli,4.0,3.0,272.0,4260.0,4.0,1065.0,1.0,0,0
Super built-up Area,Hebbal,2.0,1.0,95.0,1255.0,3.0,418.3333333333333,0.6666666666666666,0,1
Super built-up Area,Suraksha Nagar,3.0,3.0,69.99,1388.0,3.0,462.6666666666667,1.0,1,1
Built-up Area,Whitefield,1.0,1.0,52.0,905.0,1.0,905.0,1.0,0,1
Super built-up Area,VGP Layout,2.0,2.0,44.0,1176.0,2.0,588.0,1.0,1,1
Super built-up Area,Uttarahalli,2.0,2.0,61.16,1390.0,3.0,463.3333333333333,0.6666666666666666,1,1
Plot Area,Giri Nagar,4.0,2.0,400.0,2400.0,4.0,600.0,1.0,1,0
Super built-up Area,Sahakara Nagar,2.0,1.0,55.0,1160.0,2.0,580.0,1.0,1,0
Super built-up Area,Seegehalli,4.0,3.0,140.0,2800.0,4.0,700.0,1.0,1,0
Plot Area,5th Block Hbr Layout,4.0,2.0,205.0,1200.0,4.0,300.0,1.0,1,0
Super built-up Area,Marathahalli,3.0,3.0,115.0,1583.0,3.0,527.6666666666666,1.0,1,1
Super built-up Area,Jigani,3.0,,63.0,1252.0,3.0,417.3333333333333,1.0,1,1
Built-up Area,Bannerghatta Road,2.0,,51.0,1350.0,3.0,450.0,0.6666666666666666,1,0
Super built-up Area,Gottigere,2.0,2.0,30.0,1075.0,2.0,537.5,1.0,1,1
Built-up Area,Hosa Road,2.0,2.0,40.0,972.0,2.0,486.0,1.0,1,0
Super built-up Area,Bannerghatta Road,3.0,1.0,83.22,1486.0,3.0,495.3333333333333,1.0,0,1
Plot Area,Vaishnavi Layout,5.0,1.0,390.0,4830.0,4.0,1207.5,1.25,1,1
Built-up Area,Cottonpet,2.0,1.0,75.0,850.0,2.0,425.0,1.0,1,0
Super built-up Area,Binny Pete,3.0,2.0,178.0,1282.0,3.0,427.3333333333333,1.0,0,1
Super built-up Area,Sarjapur  Road,5.0,1.0,215.0,2383.0,4.0,595.75,1.25,1,1
Carpet Area,Naganathapura,2.0,1.0,55.0,1103.0,2.0,551.5,1.0,1,1
Super built-up Area,Rayasandra,3.0,2.0,67.0,1577.0,3.0,525.6666666666666,1.0,1,1
Built-up Area,Yelahanka,3.0,2.0,80.01,1465.0,3.0,488.3333333333333,1.0,1,1
Built-up Area,Vimanapura,3.0,1.0,64.0,1600.0,3.0,533.3333333333334,1.0,1,1
Built-up Area,Uttarahalli,2.0,2.0,45.0,1090.0,2.0,545.0,1.0,1,1
Super built-up Area,Yelahanka,3.0,3.0,80.86,1721.0,3.0,573.6666666666666,1.0,0,1
Built-up Area,Seetharampalya,2.0,1.0,55.0,1100.0,2.0,550.0,1.0,1,0
Super built-up Area,Varthur,3.0,2.0,71.0,1450.0,3.0,483.3333333333333,1.0,1,1
Super built-up Area,Battarahalli,2.0,1.0,62.0,1071.0,2.0,535.5,1.0,1,1
Super built-up Area,Old Madras Road,3.0,2.0,169.0,2266.0,3.0,755.3333333333334,1.0,1,1
Super built-up Area,Kundalahalli Colony,3.0,2.0,130.0,2065.0,3.0,688.3333333333334,1.0,1,1
Built-up Area,Kanakpura Road,3.0,2.0,90.0,1800.0,3.0,600.0,1.0,1,1
Built-up Area,Defence Colony,2.0,2.0,125.0,1150.0,2.0,575.0,1.0,1,0
Super built-up Area,Hormavu,2.0,1.0,56.0,1123.0,2.0,561.5,1.0,1,1
Super built-up Area,Akshaya Nagar,3.0,3.0,98.0,1884.0,3.0,628.0,1.0,1,1
Super built-up Area,Lakshminarayana Pura,2.0,1.0,75.0,1145.0,2.0,572.5,1.0,1,1
Super built-up Area,Hebbal,2.0,2.0,60.0,1328.0,3.0,442.6666666666667,0.6666666666666666,0,1
Super built-up Area,Subramanyapura,2.0,1.0,55.0,950.0,2.0,475.0,1.0,1,1
Super built-up Area,Thomas Town,2.0,,59.0,1250.0,2.0,625.0,1.0,1,1
Built-up Area,Pragathi Nagar,2.0,0.0,46.0,1115.0,2.0,557.5,1.0,1,1
Super built-up Area,Gollarapalya Hosahalli,3.0,1.0,54.0,1318.0,3.0,439.3333333333333,1.0,1,1
Built-up Area,JP Nagar,4.0,3.0,160.0,3300.0,3.0,1100.0,1.3333333333333333,1,0
Super built-up Area,Kalyan nagar,2.0,1.0,48.0,1280.0,2.0,640.0,1.0,1,0
Super built-up Area,Whitefield,2.0,2.0,59.0,1230.0,2.0,615.0,1.0,1,0
Super built-up Area,Raja Rajeshwari Nagar,2.0,2.0,60.0,1420.0,3.0,473.3333333333333,0.6666666666666666,1,0
Built-up Area,Kasavanhalli,4.0,3.0,120.0,2111.0,3.0,703.6666666666666,1.3333333333333333,1,0
Super built-up Area,Vidyaranyapura,2.0,1.0,54.0,1100.0,2.0,550.0,1.0,1,0
Super built-up Area,Harlur,3.0,2.0,136.0,1750.0,3.0,583.3333333333334,1.0,1,0
Built-up Area,RMV 2nd Stage,4.0,2.0,290.0,2550.0,3.0,850.0,1.3333333333333333,1,0
Super built-up Area,Shampura,1.0,2.0,35.0,700.0,2.0,350.0,0.5,1,0
Super built-up Area,Uttarahalli,2.0,3.0,90.0,1235.0,2.0,617.5,1.0,1,1
Plot Area,Yeshwanthpur,2.0,0.0,63.0,1200.0,2.0,600.0,1.0,1,1
Super built-up Area,Kengeri,2.0,0.0,30.0,900.0,2.0,450.0,1.0,1,0
Super built-up Area,Thanisandra,2.0,1.0,38.0,1146.0,2.0,573.0,1.0,1,1
Plot Area,Yeshwanthpur,4.0,1.0,110.0,1200.0,4.0,300.0,1.0,1,0
Super built-up Area,Banashankari,1.0,1.0,200.0,2400.0,1.0,2400.0,1.0,1,0
Built-up Area,Devarachikkanahalli,1.0,1.0,24.0,615.0,1.0,615.0,1.0,1,0
Super built-up Area,Mysore Road,2.0,1.0,49.65,1070.0,2.0,535.0,1.0,0,1
Plot Area,Rajaji Nagar,5.0,2.0,300.0,1538.0,5.0,307.6,1.0,1,0
Super built-up Area,Poorna Pragna Layout,2.0,3.0,58.25,1355.0,3.0,451.6666666666667,0.6666666666666666,1,0
Built-up Area,Venkatapura,2.0,1.0,285.0,3080.0,4.0,770.0,0.5,1,1
Super built-up Area,Kundalahalli,3.0,3.0,80.0,1800.0,3.0,600.0,1.0,1,0
Built-up Area,Begur Road,2.0,3.0,50.06,1400.0,3.0,466.6666666666667,0.6666666666666666,1,1
Super built-up Area,Uttarahalli,2.0,1.0,48.0,1123.0,2.0,561.5,1.0,1,1
Plot Area,Konanakunte,2.0,1.0,130.0,1200.0,4.0,300.0,0.5,1,0
Built-up Area,Kengeri,2.0,1.0,31.0,787.0,2.0,393.5,1.0,1,1
Super built-up Area,Kambipura,2.0,1.0,45.0,1082.0,3.0,360.6666666666667,0.6666666666666666,1,1
Super built-up Area,Seegehalli,2.0,1.0,41.0,1096.0,2.0,548.0,1.0,1,0
Plot Area,R.T. Nagar,3.0,1.0,130.0,1140.0,3.0,380.0,1.0,1,0
Carpet Area,Venugopal Reddy Layout,2.0,1.0,52.0,1130.0,2.0,565.0,1.0,1,1
Built-up Area,Electronic City,1.0,1.0,12.0,550.0,1.0,550.0,1.0,1,0
Super built-up Area,Mahadevpura,2.0,2.0,85.0,1058.0,2.0,529.0,1.0,1,0
Built-up Area,Hebbal,2.0,1.0,73.0,1269.0,3.0,423.0,0.6666666666666666,1,1
Plot Area,Prithvi Layout,3.0,,140.0,946.0,3.0,315.3333333333333,1.0,1,0
Super built-up Area,4th Block Koramangala,6.0,,420.0,3400.0,4.0,850.0,1.5,1,0
Super built-up Area,Kanakpura Road,6.0,2.0,245.0,2689.0,4.0,672.25,1.5,0,1
Super built-up Area,Hennur Road,3.0,3.0,65.21,1976.0,3.0,658.6666666666666,1.0,0,1
Super built-up Area,Kothanur,3.0,3.0,77.0,1820.0,3.0,606.6666666666666,1.0,1,1
Super built-up Area,Uttarahalli,2.0,1.0,56.0,1329.0,3.0,443.0,0.6666666666666666,1,1
Super built-up Area,Kathriguppe,2.0,1.0,80.99,1350.0,3.0,450.0,0.6666666666666666,1,0
Plot Area,Nagarbhavi,3.0,0.0,175.0,1250.0,4.0,312.5,0.75,1,0
Super built-up Area,Kanakpura Road,2.0,2.0,71.5,1339.0,2.0,669.5,1.0,1,1
Super built-up Area,Uttarahalli,2.0,0.0,35.0,938.0,2.0,469.0,1.0,1,0
Super built-up Area,Kuvempu Nagar,1.0,1.0,25.0,450.0,1.0,450.0,1.0,1,0
Built-up Area,BTM 2nd Stage,2.0,2.0,70.0,1100.0,2.0,550.0,1.0,1,1
Super built-up Area,Yelahanka,2.0,1.0,40.0,1060.0,2.0,530.0,1.0,1,0
Super built-up Area,Whitefield,2.0,2.0,40.0,1125.0,2.0,562.5,1.0,1,0
Built-up Area,Whitefield,1.0,0.0,21.0,810.0,1.0,810.0,1.0,1,1
Super built-up Area,Bellandur,2.0,1.0,65.0,1060.0,2.0,530.0,1.0,1,0
Plot Area,Anandapura,4.0,0.0,90.0,1749.0,4.0,437.25,1.0,1,0
Super built-up Area,Sahakara Nagar,2.0,2.0,75.0,1200.0,3.0,400.0,0.6666666666666666,1,0
Super built-up Area,Cleveland Town,2.0,1.0,85.0,1100.0,2.0,550.0,1.0,1,1
Super built-up Area,Rachenahalli,1.0,0.0,32.64,680.0,1.0,680.0,1.0,0,1
Plot Area,Gunjur,7.0,,950.0,6613.0,5.0,1322.6,1.4,1,1
Super built-up Area,Hoodi,3.0,3.0,110.0,1925.0,3.0,641.6666666666666,1.0,1,1
Built-up Area,Kengeri,1.0,1.0,25.0,502.0,1.0,502.0,1.0,1,0
Built-up Area,Bommenahalli,3.0,0.0,250.0,3339.0,3.0,1113.0,1.0,1,1
Built-up Area,Begur,2.0,2.0,74.0,1475.0,3.0,491.6666666666667,0.6666666666666666,1,1
Super built-up Area,Indra Nagar,3.0,2.0,258.0,1550.0,3.0,516.6666666666666,1.0,0,0
Super built-up Area,Peenya,2.0,1.0,49.0,966.0,2.0,483.0,1.0,0,0
Super built-up Area,Haralur Road,2.0,2.0,75.0,1300.0,2.0,650.0,1.0,1,1
Plot Area,Bagalur Main Road,4.0,1.0,350.0,4400.0,5.0,880.0,0.8,1,0
Super built-up Area,Kogilu,3.0,2.0,120.0,1559.0,3.0,519.6666666666666,1.0,0,1
Super built-up Area,Vittasandra,2.0,1.0,63.0,1246.0,2.0,623.0,1.0,1,0
Plot Area,Rajaji Nagar,3.0,0.0,950.0,2790.0,3.0,930.0,1.0,1,0
Super built-up Area,Begur Road,2.0,3.0,53.58,1410.0,3.0,470.0,0.6666666666666666,1,1
Plot Area,Varthur Road,3.0,0.0,75.0,1300.0,4.0,325.0,0.75,1,0
Super built-up Area,Channasandra,2.0,1.0,35.5,1104.0,2.0,552.0,1.0,1,1
Built-up Area,Sultan Palaya,2.0,2.0,45.0,900.0,2.0,450.0,1.0,1,0
Built-up Area,3rd Phase JP Nagar,2.0,2.0,79.0,1550.0,3.0,516.6666666666666,0.6666666666666666,1,1
Super built-up Area,Kanakpura Road,1.0,1.0,35.0,670.0,1.0,670.0,1.0,0,1
Super built-up Area,Jakkur,2.0,1.0,98.0,1483.0,2.0,741.5,1.0,0,1
Super built-up Area,Basapura,2.0,2.0,70.0,1540.0,3.0,513.3333333333334,0.6666666666666666,1,1
Super built-up Area,Hennur,2.0,1.0,54.5,1255.0,2.0,627.5,1.0,1,0
Super built-up Area,Jayanagar,2.0,2.0,110.0,1036.0,2.0,518.0,1.0,1,0
Super built-up Area,Bannerghatta Road,2.0,2.0,75.0,1460.0,3.0,486.6666666666667,0.6666666666666666,1,1
Super built-up Area,Devarachikkanahalli,2.0,1.0,58.0,1230.0,2.0,615.0,1.0,1,1
Built-up Area,Kanakpura Road,2.0,2.0,60.0,1340.0,2.0,670.0,1.0,1,1
Built-up Area,Yelenahalli,3.0,3.0,61.37,1600.0,3.0,533.3333333333334,1.0,1,0
Built-up Area,Hegde Nagar,3.0,1.0,200.0,2162.0,3.0,720.6666666666666,1.0,0,1
Super built-up Area,Electronic City,2.0,2.0,40.0,919.0,2.0,459.5,1.0,1,1
Super built-up Area,4th Phase JP Nagar,2.0,2.0,38.9,1070.0,2.0,535.0,1.0,0,0
Super built-up Area,Hosur Road,2.0,3.0,85.0,1733.0,3.0,577.6666666666666,0.6666666666666666,1,1
Super built-up Area,Jigani,3.0,3.0,72.0,1221.0,3.0,407.0,1.0,1,1
Super built-up Area,kanakapura main road,2.0,1.0,36.44,1041.0,2.0,520.5,1.0,1,0
Built-up Area,Ambalipura,4.0,2.0,149.0,2550.0,4.0,637.5,1.0,1,1
Built-up Area,Shampura,3.0,1.0,70.0,1400.0,3.0,466.6666666666667,1.0,1,0
Plot Area,Anjanapura,2.0,0.0,55.0,600.0,1.0,600.0,2.0,1,0
Built-up Area,Nagarbhavi,2.0,2.0,40.0,710.0,1.0,710.0,2.0,1,1
Super built-up Area,Electronic City,2.0,1.0,78.25,1500.0,3.0,500.0,0.6666666666666666,0,1
Super built-up Area,Thigalarapalya,6.0,2.0,237.0,3122.0,4.0,780.5,1.5,1,1
Super built-up Area,Akshaya Nagar,3.0,3.0,175.0,2061.0,3.0,687.0,1.0,1,1
Plot Area,Brookefield,5.0,2.0,325.0,2400.0,5.0,480.0,1.0,1,0
Super built-up Area,Hebbal,2.0,1.0,95.0,1255.0,3.0,418.3333333333333,0.6666666666666666,0,1
Super built-up Area,Malleshwaram,7.0,3.0,140.0,2425.0,7.0,346.42857142857144,1.0,1,0
Super built-up Area,Balagere,2.0,1.0,74.0,1210.0,2.0,605.0,1.0,0,1
Super built-up Area,Anjanapura,2.0,1.0,40.0,950.0,2.0,475.0,1.0,1,1
Plot Area,Nagaraja Garden,4.0,1.0,156.0,1376.0,4.0,344.0,1.0,1,0
Super built-up Area,Hosa Road,2.0,1.0,55.15,1161.0,2.0,580.5,1.0,0,1
Super built-up Area,Raja Rajeshwari Nagar,2.0,2.0,44.17,1303.0,2.0,651.5,1.0,1,1
Super built-up Area,Thigalarapalya,2.0,2.0,105.0,1418.0,2.0,709.0,1.0,1,1
Plot Area,Kengeri Satellite Town,2.0,1.0,65.0,1200.0,2.0,600.0,1.0,1,0
Super built-up Area,Basavangudi,3.0,,175.0,1825.0,3.0,608.3333333333334,1.0,1,0
Built-up Area,Bannerghatta Road,2.0,0.0,48.0,1015.0,2.0,507.5,1.0,1,1
Carpet Area,Mathikere,2.0,0.0,60.0,1150.0,3.0,383.3333333333333,0.6666666666666666,1,0
Super built-up Area,Singasandra,2.0,1.0,40.0,1010.0,2.0,505.0,1.0,1,1
Super built-up Area,Reliaable Tranquil Layout,3.0,1.0,75.0,1508.0,3.0,502.6666666666667,1.0,1,1
Super built-up Area,7th Phase JP Nagar,2.0,1.0,87.0,1275.0,2.0,637.5,1.0,1,1
Built-up Area,7th Phase JP Nagar,3.0,1.0,70.0,1460.0,3.0,486.6666666666667,1.0,1,1
Super built-up Area,Old Airport Road,2.0,2.0,58.0,946.0,2.0,473.0,1.0,1,0
Super built-up Area,Vignana Nagar,2.0,2.0,58.0,1110.0,2.0,555.0,1.0,1,1
Super built-up Area,Hennur Road,3.0,1.0,125.0,1832.0,3.0,610.6666666666666,1.0,1,1
Super built-up Area,Hebbal,2.0,2.0,61.45,1088.0,2.0,544.0,1.0,0,1
Super built-up Area,Thanisandra,3.0,1.0,104.0,1564.0,3.0,521.3333333333334,1.0,1,1
Super built-up Area,Kadugodi,2.0,1.0,35.02,1030.0,2.0,515.0,1.0,0,1
Super built-up Area,9th Phase JP Nagar,2.0,0.0,27.0,660.0,2.0,330.0,1.0,1,0
Super built-up Area,Sarjapur  Road,3.0,1.0,95.0,1700.0,3.0,566.6666666666666,1.0,1,1
Super built-up Area,Panathur,2.0,2.0,62.9,1205.0,2.0,602.5,1.0,0,0
Super built-up Area,Lottegolla Halli,3.0,2.0,90.0,1950.0,3.0,650.0,1.0,1,0
Super built-up Area,Devanahalli Int. Airport,2.0,1.0,62.0,1080.0,2.0,540.0,1.0,0,0
Built-up Area,Ardendale,4.0,,140.0,2800.0,4.0,700.0,1.0,1,1
Super built-up Area,Mailasandra,2.0,1.0,43.66,999.0,2.0,499.5,1.0,0,1
Super built-up Area,Kanakpura Road,2.0,1.0,89.76,1300.0,2.0,650.0,1.0,0,1
Super built-up Area,HRBR Layout,2.0,1.0,78.0,1265.0,2.0,632.5,1.0,1,1
Built-up Area,Attibele,2.0,2.0,42.0,1200.0,2.0,600.0,1.0,1,0
Super built-up Area,Bhoganhalli,4.0,0.0,106.0,1974.0,4.0,493.5,1.0,0,1
Super built-up Area,Chelekare,2.0,2.0,40.0,1180.0,2.0,590.0,1.0,1,1
Super built-up Area,Amruthahalli,2.0,3.0,63.0,1350.0,3.0,450.0,0.6666666666666666,1,0
Super built-up Area,Kodichikkanahalli,2.0,2.0,65.0,1560.0,3.0,520.0,0.6666666666666666,1,1
Plot Area,8th Block Jayanagar,2.0,0.0,650.0,2800.0,2.0,1400.0,1.0,1,0
Super built-up Area,Hosakerehalli,2.0,1.0,41.23,1085.0,2.0,542.5,1.0,0,1
Super built-up Area,Vijayanagar,2.0,2.0,75.0,1300.0,3.0,433.3333333333333,0.6666666666666666,1,1
Super built-up Area,Marathahalli,3.0,2.0,56.0,1600.0,3.0,533.3333333333334,1.0,1,1
Super built-up Area,Atmananda Colony,2.0,2.0,55.0,1127.0,2.0,563.5,1.0,1,0
Super built-up Area,Kengeri Satellite Town,2.0,2.0,32.0,795.0,2.0,397.5,1.0,1,1
Super built-up Area,Nagarbhavi,3.0,2.0,88.0,1850.0,3.0,616.6666666666666,1.0,1,0
Built-up Area,Bommasandra Industrial Area,2.0,1.0,29.45,1020.0,2.0,510.0,1.0,0,0
Built-up Area,Doopanahalli,2.0,1.0,200.0,1475.0,3.0,491.6666666666667,0.6666666666666666,1,1
Plot Area,Baba Nagar,3.0,3.0,96.25,1200.0,3.0,400.0,1.0,1,0
Super built-up Area,Uttarahalli,2.0,1.0,47.0,1345.0,3.0,448.3333333333333,0.6666666666666666,1,1
Super built-up Area,Kaikondrahalli,2.0,1.0,25.4,849.0,2.0,424.5,1.0,0,0
Super built-up Area,Kanakpura Road,3.0,2.0,135.0,1706.0,3.0,568.6666666666666,1.0,0,1
Super built-up Area,Yelahanka,4.0,1.0,180.0,2100.0,4.0,525.0,1.0,0,1
Super built-up Area,Nagadevanahalli,2.0,2.0,65.0,1250.0,3.0,416.6666666666667,0.6666666666666666,1,0
Built-up Area,Kanakpura Road,3.0,3.0,63.58,1260.0,3.0,420.0,1.0,1,1
Super built-up Area,Horamavu Agara,2.0,1.0,65.0,1265.0,3.0,421.6666666666667,0.6666666666666666,1,0
Super built-up Area,Abbigere,2.0,1.0,45.0,1260.0,3.0,420.0,0.6666666666666666,0,1
Super built-up Area,Jalahalli,2.0,1.0,58.0,1045.0,2.0,522.5,1.0,0,1
Super built-up Area,Hebbal Kempapura,4.0,2.0,495.0,3895.0,4.0,973.75,1.0,1,0
Super built-up Area,Rachenahalli,1.0,0.0,19.8,412.5,1.0,412.5,1.0,0,1
Super built-up Area,Bellandur,2.0,3.0,62.0,1100.0,2.0,550.0,1.0,0,0
Super built-up Area,Kudlu Gate,2.0,1.0,50.0,1113.0,2.0,556.5,1.0,0,1
Super built-up Area,Old Airport Road,4.0,3.0,208.0,2774.0,4.0,693.5,1.0,0,1
Built-up Area,Varthur,2.0,1.0,60.0,1210.0,2.0,605.0,1.0,1,1
Super built-up Area,Kogilu,1.0,1.0,30.84,700.0,1.0,700.0,1.0,1,0
Super built-up Area,Kanakpura Road,2.0,1.0,55.5,1155.0,2.0,577.5,1.0,0,1
Super built-up Area,Hoodi,2.0,1.0,89.0,1132.0,2.0,566.0,1.0,0,1
Super built-up Area,Hennur Road,2.0,2.0,104.0,1359.0,2.0,679.5,1.0,0,1
Super built-up Area,Byatarayanapura,3.0,,200.0,2631.0,4.0,657.75,0.75,1,1
Super built-up Area,Kothanur,2.0,2.0,56.0,1145.0,2.0,572.5,1.0,1,0
Built-up Area,5th Phase JP Nagar,1.0,1.0,30.0,600.0,1.0,600.0,1.0,1,1
Plot Area,Laggere,1.0,1.0,125.0,1200.0,1.0,1200.0,1.0,1,0
Built-up Area,Mahalakshmi Puram,2.0,1.0,60.0,830.0,2.0,415.0,1.0,1,0
Super built-up Area,HSR Layout,2.0,2.0,56.0,1009.0,2.0,504.5,1.0,1,1
Super built-up Area,Basavangudi,3.0,2.0,195.0,1800.0,3.0,600.0,1.0,1,1
Super built-up Area,Yelahanka,2.0,2.0,52.71,1226.0,2.0,613.0,1.0,1,1
Super built-up Area,Badrappa Layout,2.0,2.0,88.0,1500.0,2.0,750.0,1.0,1,0
Super built-up Area,Electronic City,2.0,1.0,79.0,1363.0,2.0,681.5,1.0,1,1
Built-up Area,Poorna Pragna Layout,2.0,1.0,240.0,1400.0,3.0,466.6666666666667,0.6666666666666666,1,0
Built-up Area,Bommasandra Industrial Area,2.0,1.0,33.64,1165.0,2.0,582.5,1.0,0,0
Built-up Area,HSR Layout,4.0,1.0,220.0,2792.0,4.0,698.0,1.0,1,1
Built-up Area,Kammanahalli,1.0,0.0,59.0,700.0,1.0,700.0,1.0,1,0
Super built-up Area,Kaval Byrasandra,2.0,2.0,42.0,1060.0,2.0,530.0,1.0,1,1
Built-up Area,Marathahalli,2.0,1.0,67.0,1200.0,2.0,600.0,1.0,1,1
Built-up Area,"Off Sarjapur Road,",3.0,2.0,76.0,1518.0,3.0,506.0,1.0,0,0
Built-up Area,Nagappa Reddy Layout,2.0,2.0,75.0,1495.0,3.0,498.3333333333333,0.6666666666666666,1,1
Built-up Area,Sanjay nagar,2.0,2.0,90.0,1575.0,2.0,787.5,1.0,1,0
Built-up Area,Rajaji Nagar,2.0,2.0,170.0,1440.0,2.0,720.0,1.0,1,1
Super built-up Area,Kasavanhalli,3.0,1.0,69.0,1545.0,3.0,515.0,1.0,0,1
Built-up Area,Kengeri,3.0,3.0,50.0,1470.0,3.0,490.0,1.0,1,1
Super built-up Area,Cooke Town,3.0,3.0,95.0,1500.0,3.0,500.0,1.0,1,0
Built-up Area,BTM Layout,2.0,2.0,81.0,1450.0,3.0,483.3333333333333,0.6666666666666666,1,1
Super built-up Area,Hosur Road,2.0,1.0,49.0,1179.0,2.0,589.5,1.0,1,0
Super built-up Area,7th Phase JP Nagar,3.0,2.0,110.0,1650.0,3.0,550.0,1.0,1,1
Super built-up Area,Chandapura,2.0,2.0,32.0,1095.0,3.0,365.0,0.6666666666666666,1,1
Built-up Area,Lal Bahadur Shastri Nagar,2.0,1.0,48.0,856.0,2.0,428.0,1.0,0,0
Super built-up Area,Naganathapura,2.0,1.0,62.0,1143.0,2.0,571.5,1.0,1,1
Super built-up Area,Hebbal,2.0,1.0,97.8,1349.0,2.0,674.5,1.0,1,1
Built-up Area,Anjanapura,2.0,2.0,45.0,1280.0,3.0,426.6666666666667,0.6666666666666666,1,1
Super built-up Area,Malleshwaram,1.0,1.0,60.0,480.0,1.0,480.0,1.0,1,0
Super built-up Area,Whitefield,2.0,1.0,69.06,1216.0,2.0,608.0,1.0,0,1
Super built-up Area,Malleshwaram,2.0,1.0,120.0,1290.0,2.0,645.0,1.0,1,1
Super built-up Area,Electronic City,2.0,2.0,42.0,1156.0,2.0,578.0,1.0,1,1
Super built-up Area,Thanisandra,2.0,2.0,44.0,1230.0,2.0,615.0,1.0,1,1
Super built-up Area,Volagerekallahalli,2.0,2.0,33.15,1070.0,2.0,535.0,1.0,1,1
Super built-up Area,Ramagondanahalli,2.0,1.0,49.3,1235.0,2.0,617.5,1.0,0,1
Built-up Area,6th block Koramangala,2.0,1.0,110.0,1117.0,2.0,558.5,1.0,1,1
Super built-up Area,Kundalahalli,3.0,2.0,124.0,1724.0,3.0,574.6666666666666,1.0,1,1
Plot Area,Jalahalli,4.0,0.0,90.0,1200.0,4.0,300.0,1.0,1,0
Super built-up Area,Venkatadri Layout,1.0,1.0,43.0,600.0,1.0,600.0,1.0,1,1
Super built-up Area,KR Puram,2.0,2.0,57.9,1930.0,3.0,643.3333333333334,0.6666666666666666,1,1
Super built-up Area,Whitefield,2.0,1.0,75.0,1216.0,2.0,608.0,1.0,0,1
Built-up Area,KR Puram,3.0,3.0,60.0,1452.0,3.0,484.0,1.0,1,1
Super built-up Area,Whitefield,2.0,3.0,78.0,1355.0,2.0,677.5,1.0,1,1
Built-up Area,HMT Layout,4.0,,425.0,7500.0,4.0,1875.0,1.0,1,0
Super built-up Area,Sarjapur  Road,3.0,3.0,190.0,2145.0,3.0,715.0,1.0,1,1
Super built-up Area,Bommanahalli,2.0,1.0,53.0,957.0,2.0,478.5,1.0,1,1
Built-up Area,Shantiniketan Layout,2.0,2.0,48.0,925.0,2.0,462.5,1.0,1,1
Super built-up Area,Bellandur,2.0,3.0,59.0,1550.0,2.0,775.0,1.0,1,1
Plot Area,Yelahanka New Town,2.0,1.0,899.0,4000.0,4.0,1000.0,0.5,1,0
Plot Area,Kanakpura Road,3.0,2.0,140.0,2100.0,3.0,700.0,1.0,0,0
Super built-up Area,Bannerghatta Road,2.0,1.0,61.0,1115.0,2.0,557.5,1.0,0,1
Super built-up Area,Yelahanka,3.0,2.0,83.0,1692.0,3.0,564.0,1.0,1,1
Super built-up Area,Baba Nagar,2.0,2.0,52.0,1100.0,2.0,550.0,1.0,1,0
Super built-up Area,Hormavu,2.0,2.0,69.0,1385.0,3.0,461.6666666666667,0.6666666666666666,1,1
Super built-up Area,Hosa Road,1.0,1.0,24.9,760.0,1.0,760.0,1.0,1,1
Super built-up Area,Electronics City Phase 1,2.0,2.0,67.0,1335.0,2.0,667.5,1.0,0,1
Super built-up Area,Bommanahalli,2.0,1.0,45.0,910.0,2.0,455.0,1.0,1,1
Super built-up Area,Kanakpura Road,2.0,2.0,55.0,1610.0,3.0,536.6666666666666,0.6666666666666666,1,1
Super built-up Area,Hennur Road,2.0,1.0,75.76,1341.0,2.0,670.5,1.0,0,1
Plot Area,Kurubarahalli,3.0,0.0,70.0,1200.0,3.0,400.0,1.0,1,0
Super built-up Area,Uttarahalli,2.0,2.0,44.98,1285.0,3.0,428.3333333333333,0.6666666666666666,1,1
Super built-up Area,HAL 2nd Stage,3.0,,252.0,2100.0,3.0,700.0,1.0,1,0
Super built-up Area,Yeshwanthpur,3.0,,92.13,1679.0,3.0,559.6666666666666,1.0,1,1
Built-up Area,Puttappa Layout,4.0,2.0,290.0,2675.0,4.0,668.75,1.0,1,0
Built-up Area,"Ananthanagar Phase 1,Electronic City , phase 2",2.0,1.0,45.9,1016.0,2.0,508.0,1.0,1,0
Built-up Area,Banashankari Stage II,2.0,0.0,650.0,1500.0,4.0,375.0,0.5,1,0
Super built-up Area,Rajaji Nagar,3.0,2.0,400.0,2448.0,3.0,816.0,1.0,1,1
Super built-up Area,8th Phase JP Nagar,1.0,1.0,31.0,500.0,1.0,500.0,1.0,0,1
Super built-up Area,Ngef Layout,3.0,2.0,88.0,1800.0,3.0,600.0,1.0,1,0
Super built-up Area,Whitefield,2.0,3.0,77.0,1255.0,2.0,627.5,1.0,1,1
Super built-up Area,Hennur Road,2.0,2.0,50.0,1040.0,2.0,520.0,1.0,0,1
Super built-up Area,Kattigenahalli,2.0,2.0,47.0,1062.0,2.0,531.0,1.0,1,1
Super built-up Area,Varthur Road,2.0,0.0,19.33,805.5,2.0,402.75,1.0,0,1
Super built-up Area,Hosur Road,2.0,1.0,60.0,950.0,2.0,475.0,1.0,1,1
Super built-up Area,Whitefield,2.0,1.0,73.0,1216.0,2.0,608.0,1.0,0,1
Super built-up Area,HSR Layout,2.0,2.0,98.0,1300.0,2.0,650.0,1.0,1,1
Super built-up Area,5th Phase JP Nagar,2.0,2.0,65.0,1390.0,2.0,695.0,1.0,1,0
Super built-up Area,Yelahanka,2.0,1.0,52.58,1033.0,2.0,516.5,1.0,0,1
Super built-up Area,Yelahanka,2.0,2.0,65.31,1390.0,2.0,695.0,1.0,0,1
Super built-up Area,Jalahalli,2.0,1.0,52.0,1020.0,2.0,510.0,1.0,1,0
Super built-up Area,Whitefield,1.0,0.0,34.735,709.0,1.0,709.0,1.0,0,1
Super built-up Area,Whitefield,2.0,2.0,45.0,1140.0,2.0,570.0,1.0,0,1
Super built-up Area,Yeshwanthpur,1.0,1.0,36.85,670.0,1.0,670.0,1.0,1,1
Super built-up Area,Bhoganhalli,4.0,2.0,111.0,2171.0,4.0,542.75,1.0,0,1
Super built-up Area,Bannerghatta Road,2.0,1.0,48.0,1136.0,2.0,568.0,1.0,1,1
Built-up Area,Doddakannelli,2.0,2.0,80.0,1477.0,3.0,492.3333333333333,0.6666666666666666,1,1
Super built-up Area,KR Puram,2.0,2.0,30.0,1001.0,2.0,500.5,1.0,1,0
Super built-up Area,Yelahanka,2.0,1.0,48.86,1040.0,2.0,520.0,1.0,0,1
Super built-up Area,Garudachar Palya,2.0,1.0,48.5,1060.0,2.0,530.0,1.0,1,0
Super built-up Area,Sarjapur,2.0,1.0,44.3,1240.0,2.0,620.0,1.0,1,0
Super built-up Area,Byadarahalli,5.0,,450.0,3500.0,4.0,875.0,1.25,1,1
Super built-up Area,Doddabommasandra,8.0,3.0,175.0,42000.0,9.0,4666.666666666667,0.8888888888888888,1,0
Super built-up Area,Varthur,2.0,2.0,46.0,1070.0,2.0,535.0,1.0,0,1
Built-up Area,Electronic City Phase II,2.0,1.0,65.8,1253.0,2.0,626.5,1.0,1,1
Super built-up Area,Whitefield,2.0,2.0,60.0,1190.0,2.0,595.0,1.0,1,1
Super built-up Area,Whitefield,2.0,2.0,55.0,1312.0,2.0,656.0,1.0,1,1
Built-up Area,KR Puram,2.0,0.0,40.0,750.0,2.0,375.0,1.0,1,1
Built-up Area,Koramangala,3.0,2.0,115.0,1615.0,3.0,538.3333333333334,1.0,1,1
Built-up Area,Marathahalli,2.0,1.0,60.0,1095.0,2.0,547.5,1.0,1,0
Super built-up Area,Whitefield,3.0,3.0,100.0,1745.0,3.0,581.6666666666666,1.0,1,1
Super built-up Area,Rachenahalli,2.0,2.0,52.5,1050.0,2.0,525.0,1.0,1,0
Plot Area,4th T block Jayanagar,4.0,2.0,440.0,2080.0,4.0,520.0,1.0,1,0
Super built-up Area,Thanisandra,2.0,1.0,44.6,1220.0,2.0,610.0,1.0,1,1
Super built-up Area,Kempegowda Nagar,3.0,2.0,98.0,1793.0,3.0,597.6666666666666,1.0,1,1
Super built-up Area,Uttarahalli,1.0,2.0,45.0,1100.0,2.0,550.0,0.5,1,0
Super built-up Area,Yelahanka New Town,2.0,3.0,65.0,1385.0,2.0,692.5,1.0,1,1
Super built-up Area,Begur Road,2.0,2.0,45.0,1200.0,2.0,600.0,1.0,1,0
Super built-up Area,Haralur Road,2.0,2.0,125.0,2017.0,3.0,672.3333333333334,0.6666666666666666,1,1
Super built-up Area,Attibele,1.0,1.0,10.0,400.0,1.0,400.0,1.0,1,1
Super built-up Area,Bellandur,2.0,2.0,44.81,1400.0,3.0,466.6666666666667,0.6666666666666666,0,0
Super built-up Area,Bethel Nagar,2.0,1.0,33.0,960.0,2.0,480.0,1.0,1,1
Super built-up Area,Uttarahalli,2.0,1.0,47.0,1125.0,2.0,562.5,1.0,1,1
Super built-up Area,Akshaya Nagar,2.0,2.0,60.0,1551.0,3.0,517.0,0.6666666666666666,1,1
Built-up Area,Whitefield,4.0,3.0,224.0,3200.0,4.0,800.0,1.0,0,0
Super built-up Area,Marathahalli,2.0,1.0,48.0,1060.0,2.0,530.0,1.0,1,1
Super built-up Area,Bharathi Nagar,2.0,2.0,59.0,1384.0,2.0,692.0,1.0,1,1
Super built-up Area,Byagadadhenahalli,2.0,1.0,23.0,620.0,2.0,310.0,1.0,1,1
Super built-up Area,Bommasandra,2.0,1.0,39.77,1005.0,2.0,502.5,1.0,0,1
Plot Area,Sarakki Nagar,3.0,2.0,128.0,1200.0,3.0,400.0,1.0,1,0
Built-up Area,Kirloskar Layout,3.0,2.0,35.0,1400.0,3.0,466.6666666666667,1.0,1,0
Super built-up Area,HSR Layout,3.0,3.0,88.0,2400.0,3.0,800.0,1.0,1,1
Super built-up Area,Whitefield,2.0,1.0,39.0,1096.0,2.0,548.0,1.0,1,1
Super built-up Area,Kaggadasapura,1.0,0.0,50.0,1180.0,2.0,590.0,0.5,1,0
Super built-up Area,Uttarahalli,2.0,1.0,47.0,1300.0,3.0,433.3333333333333,0.6666666666666666,1,0
Plot Area,tc.palya,2.0,1.0,62.0,1020.0,2.0,510.0,1.0,0,0
Plot Area,Margondanahalli,2.0,0.0,35.0,600.0,2.0,300.0,1.0,1,0
Super built-up Area,Dollar Scheme Colony,6.0,1.0,310.0,3563.0,4.0,890.75,1.5,1,1
Super built-up Area,Konanakunte Cross,2.0,2.0,47.0,1165.0,2.0,582.5,1.0,1,0
Super built-up Area,Bellandur,3.0,3.0,100.0,1685.0,3.0,561.6666666666666,1.0,0,1
Super built-up Area,Balagere,2.0,1.0,83.0,1210.0,2.0,605.0,1.0,1,1
Super built-up Area,Kammasandra,1.0,2.0,25.75,1030.0,2.0,515.0,0.5,1,1
Built-up Area,Nagappa Reddy Layout,2.0,2.0,43.5,1100.0,2.0,550.0,1.0,1,0
Super built-up Area,Jakkur,3.0,2.0,86.0,1482.0,3.0,494.0,1.0,0,1
Super built-up Area,Hebbal,2.0,1.0,108.0,1344.0,2.0,672.0,1.0,1,1
Super built-up Area,Kothannur,2.0,2.0,39.8,1275.0,3.0,425.0,0.6666666666666666,0,0
Super built-up Area,Omarbagh Layout,5.0,3.0,318.0,3300.0,4.0,825.0,1.25,1,1
Super built-up Area,Panathur,2.0,2.0,85.0,1210.0,2.0,605.0,1.0,1,0
Super built-up Area,Hebbal,3.0,3.0,226.0,1320.0,3.0,440.0,1.0,0,1
Super built-up Area,Hosa Road,3.0,2.0,98.13,1532.0,3.0,510.6666666666667,1.0,0,1
Super built-up Area,JP Nagar,2.0,2.0,110.0,1245.0,2.0,622.5,1.0,1,1
Super built-up Area,Nagarbhavi,2.0,,50.0,1212.0,2.0,606.0,1.0,1,1
Super built-up Area,Sarjapur  Road,2.0,1.0,65.0,1230.0,2.0,615.0,1.0,0,0
Super built-up Area,Ramagondanahalli,3.0,2.0,159.0,2257.0,3.0,752.3333333333334,1.0,1,1
Super built-up Area,Vittasandra,2.0,1.0,65.4,1246.0,2.0,623.0,1.0,1,0
Super built-up Area,Gunjur,2.0,2.0,41.0,1080.0,2.0,540.0,1.0,1,1
Super built-up Area,Varthur,2.0,3.0,85.0,1360.0,3.0,453.3333333333333,0.6666666666666666,1,1
Super built-up Area,Yelenahalli,2.0,2.0,47.88,1260.0,2.0,630.0,1.0,1,0
Built-up Area,Kengeri Satellite Town,3.0,0.0,110.0,1200.0,4.0,300.0,0.75,1,0
Plot Area,anjananager magdi road,3.0,1.0,165.0,1200.0,3.0,400.0,1.0,1,0
Super built-up Area,Kasavanhalli,2.0,1.0,39.0,950.0,2.0,475.0,1.0,1,0
Super built-up Area,Nagarbhavi,2.0,2.0,55.0,1020.0,2.0,510.0,1.0,1,0
Super built-up Area,Electronic City Phase II,2.0,2.0,40.44,1400.0,3.0,466.6666666666667,0.6666666666666666,0,1
Plot Area,Kodipalya,4.0,0.0,88.0,1440.0,4.0,360.0,1.0,1,0
Super built-up Area,KR Puram,,,62.81,1462.5,3.0,487.5,,0,1
Super built-up Area,Electronics City Phase 1,2.0,1.0,69.0,1175.0,2.0,587.5,1.0,0,1
Super built-up Area,Raja Rajeshwari Nagar,2.0,1.0,40.17,1185.0,2.0,592.5,1.0,1,1
Super built-up Area,Aishwarya Crystal Layout,3.0,1.0,113.0,2250.0,3.0,750.0,1.0,1,1
Super built-up Area,Sarjapur  Road,2.0,2.0,40.43,1178.0,2.0,589.0,1.0,1,1
Super built-up Area,Ulsoor,4.0,2.0,450.0,36000.0,4.0,9000.0,1.0,1,1
Super built-up Area,Whitefield,1.0,1.0,44.9,825.0,1.0,825.0,1.0,1,1
Super built-up Area,Madiwala,3.0,2.0,43.0,1250.0,3.0,416.6666666666667,1.0,0,0
Super built-up Area,Electronics City Phase 1,2.0,2.0,55.0,1113.12,2.0,556.56,1.0,1,1
Super built-up Area,2nd Block Jayanagar,3.0,3.0,223.0,1718.0,3.0,572.6666666666666,1.0,1,1
Super built-up Area,Gottigere,2.0,1.0,35.0,1010.0,2.0,505.0,1.0,1,1
Plot Area,Syndicate Bank Colony,4.0,3.0,240.0,1500.0,4.0,375.0,1.0,1,0
Plot Area,Rayasandra,1.0,1.0,16.5,540.0,1.0,540.0,1.0,1,0
Super built-up Area,Electronic City,2.0,2.0,29.46,1020.0,2.0,510.0,1.0,0,0
Super built-up Area,Hosur Road,2.0,1.0,71.64,1194.0,2.0,597.0,1.0,0,1
Super built-up Area,Electronic City,2.0,1.0,67.15,1108.0,2.0,554.0,1.0,1,1
Built-up Area,Hebbal,2.0,1.0,451.0,3895.0,4.0,973.75,0.5,1,1
Super built-up Area,Kanakpura Road,2.0,1.0,34.99,700.0,2.0,350.0,1.0,0,1
Super built-up Area,Somasundara Palya,3.0,3.0,68.0,1600.0,3.0,533.3333333333334,1.0,1,0
Super built-up Area,Nagarbhavi,3.0,2.0,90.0,1850.0,3.0,616.6666666666666,1.0,1,0
Super built-up Area,Tumkur Road,2.0,2.0,33.0,1250.0,2.0,625.0,1.0,1,1
Built-up Area,Ramamurthy Nagar,1.0,1.0,43.0,600.0,1.0,600.0,1.0,1,0
Super built-up Area,Raja Rajeshwari Nagar,2.0,1.0,49.27,1140.0,2.0,570.0,1.0,1,1
Super built-up Area,CQAL Layout,2.0,2.0,75.0,1200.0,3.0,400.0,0.6666666666666666,1,0
Super built-up Area,Nayandanahalli,2.0,1.0,55.0,985.0,2.0,492.5,1.0,1,1
Super built-up Area,Bellandur,2.0,2.0,55.0,982.0,2.0,491.0,1.0,1,1
Built-up Area,9th Phase JP Nagar,1.0,0.0,20.0,600.0,1.0,600.0,1.0,1,1
Super built-up Area,Old Madras Road,5.0,1.0,142.0,2640.0,3.0,880.0,1.6666666666666667,1,1
Super built-up Area,Akshaya Nagar,2.0,2.0,68.8,1314.0,2.0,657.0,1.0,1,1
Super built-up Area,Vijaya Bank Layout,2.0,2.0,68.5,1700.0,3.0,566.6666666666666,0.6666666666666666,1,0
Super built-up Area,1st Phase JP Nagar,2.0,2.0,93.0,1077.0,2.0,538.5,1.0,0,1
Built-up Area,Chandapura,,,66.165,1891.0,4.0,472.75,,1,1
Super built-up Area,Varanasi,4.0,1.0,99.0,2000.0,5.0,400.0,0.8,1,0
Super built-up Area,DUO Layout,3.0,2.0,75.0,1643.0,3.0,547.6666666666666,1.0,1,1
Plot Area,Kengeri,3.0,1.0,67.0,1200.0,3.0,400.0,1.0,1,0
Super built-up Area,Abbigere,2.0,1.0,41.82,1020.0,2.0,510.0,1.0,1,1
Built-up Area,Daadys Gaarden Layout,3.0,2.0,55.0,1740.0,3.0,580.0,1.0,1,1
Super built-up Area,GM Palaya,2.0,2.0,47.0,1225.0,2.0,612.5,1.0,0,0
Built-up Area,Thanisandra,2.0,1.0,61.0,1241.0,3.0,413.6666666666667,0.6666666666666666,1,1
Super built-up Area,Hennur,2.0,2.0,40.6,1041.0,2.0,520.5,1.0,1,1
Super built-up Area,Bommanahalli,2.0,2.0,46.0,1050.0,2.0,525.0,1.0,1,1
Super built-up Area,Srinivas Colony,3.0,1.0,901.0,4400.0,3.0,1466.6666666666667,1.0,0,0
Super built-up Area,Kanakpura Road,2.0,3.0,64.39,1309.0,2.0,654.5,1.0,0,1
Super built-up Area,Dodda Nekkundi,2.0,2.0,45.0,1128.0,2.0,564.0,1.0,1,0
Super built-up Area,Raja Rajeshwari Nagar,2.0,1.0,50.0,1430.0,3.0,476.6666666666667,0.6666666666666666,1,1
Super built-up Area,Old Madras Road,2.0,1.0,47.86,1065.0,2.0,532.5,1.0,0,1
Super built-up Area,OMBR Layout,2.0,1.0,64.0,1085.0,2.0,542.5,1.0,1,0
Plot Area,Vishveshwarya Layout,1.0,1.0,30.0,750.0,1.0,750.0,1.0,1,0
Super built-up Area,Bellandur,2.0,2.0,37.28,981.0,2.0,490.5,1.0,1,0
Carpet Area,Bhoganhalli,4.0,1.0,129.0,1548.3,4.0,387.075,1.0,0,1
Super built-up Area,Hebbal Kempapura,4.0,2.0,300.0,2302.0,4.0,575.5,1.0,1,1
Built-up Area,Kalyan nagar,2.0,2.0,60.0,1410.0,3.0,470.0,0.6666666666666666,1,0
Super built-up Area,Hosa Road,3.0,1.0,117.0,1525.84,3.0,508.6133333333333,1.0,0,1
Super built-up Area,Begur Road,2.0,2.0,42.6,1200.0,2.0,600.0,1.0,1,1
Built-up Area,Sampangi Rama Nagar,2.0,2.0,80.0,1030.0,2.0,515.0,1.0,1,0
Super built-up Area,BTM 1st Stage,2.0,,95.0,1852.0,3.0,617.3333333333334,0.6666666666666666,1,1
Built-up Area,Electronic City,2.0,1.0,33.5,1160.0,2.0,580.0,1.0,0,0
Built-up Area,Jigani,2.0,1.0,49.0,918.0,2.0,459.0,1.0,1,1
Built-up Area,JP Nagar,2.0,2.0,49.9,1150.0,3.0,383.3333333333333,0.6666666666666666,1,0
Super built-up Area,Indira Nagar,3.0,,324.0,2700.0,3.0,900.0,1.0,1,0
Built-up Area,Moodalapalya,2.0,2.0,69.0,1150.0,2.0,575.0,1.0,0,0
Super built-up Area,Whitefield,2.0,2.0,53.49,1227.0,2.0,613.5,1.0,1,1
Super built-up Area,Hebbal,3.0,2.0,77.68,1255.0,3.0,418.3333333333333,1.0,0,1
Super built-up Area,Panathur,2.0,1.0,82.0,1198.0,2.0,599.0,1.0,1,1
Plot Area,Devarachikkanahalli,3.0,1.0,160.0,1200.0,3.0,400.0,1.0,1,0
Built-up Area,Frazer Town,3.0,1.0,180.0,1700.0099999999998,3.0,566.67,1.0,1,1
Built-up Area,Nelamangala,3.0,1.0,95.0,2600.0,4.0,650.0,0.75,1,1
Super built-up Area,Pattandur Agrahara,2.0,1.0,32.0,797.0,2.0,398.5,1.0,1,1
Built-up Area,Nayandanahalli,2.0,3.0,68.0,1350.0,3.0,450.0,0.6666666666666666,1,1
Built-up Area,Sahakara Nagar,4.0,,200.0,2500.0,4.0,625.0,1.0,1,1
Super built-up Area,Thigalarapalya,4.0,2.0,160.0,2215.0,3.0,738.3333333333334,1.3333333333333333,1,1
Super built-up Area,Kanakpura Road,1.0,1.0,30.0,525.0,1.0,525.0,1.0,0,1
Super built-up Area,Bannerghatta Road,4.0,3.0,260.0,2700.0,4.0,675.0,1.0,1,0
Super built-up Area,Gokaula Extension,2.0,1.0,90.0,1500.0,3.0,500.0,0.6666666666666666,1,0
Plot Area,Subash Nagar,2.0,0.0,55.0,900.0,2.0,450.0,1.0,1,0
Super built-up Area,Poorna Pragna Layout,2.0,3.0,58.27,1355.0,3.0,451.6666666666667,0.6666666666666666,1,0
Super built-up Area,Kudlu Gate,2.0,2.0,49.81,1465.0,3.0,488.3333333333333,0.6666666666666666,1,0
Plot Area,Ramamurthy Nagar,2.0,1.0,57.0,1006.0,2.0,503.0,1.0,1,1
Built-up Area,Vishveshwarya Layout,4.0,1.0,75.0,2000.0,4.0,500.0,1.0,1,0
Super built-up Area,Electronic City,2.0,1.0,65.7,1128.0,2.0,564.0,1.0,0,1
Built-up Area,Pattanagere,2.0,0.0,35.0,850.0,2.0,425.0,1.0,1,0
Super built-up Area,ISRO Layout,2.0,3.0,68.0,1310.0,3.0,436.6666666666667,0.6666666666666666,1,1
Super built-up Area,Banashankari,2.0,2.0,86.0,1390.0,2.0,695.0,1.0,1,1
Super built-up Area,Kathriguppe,2.0,2.0,76.45,1390.0,3.0,463.3333333333333,0.6666666666666666,1,0
Plot Area,Marathahalli,4.0,2.0,325.0,2396.0,4.0,599.0,1.0,1,0
Super built-up Area,Electronic City,2.0,1.0,33.0,1170.0,2.0,585.0,1.0,1,1
Super built-up Area,Gottigere,2.0,2.0,50.0,1385.0,3.0,461.6666666666667,0.6666666666666666,1,1
Super built-up Area,Old Madras Road,2.0,1.0,42.0,1160.0,2.0,580.0,1.0,1,0
Super built-up Area,Electronic City Phase II,2.0,1.0,33.5,1160.0,2.0,580.0,1.0,0,1
Super built-up Area,Bannerghatta Road,2.0,2.0,69.0,1200.0,3.0,400.0,0.6666666666666666,1,1
Super built-up Area,Mahadevpura,2.0,2.0,55.0,1475.0,2.0,737.5,1.0,1,1
Built-up Area,Sarjapur  Road,3.0,0.0,98.0,1939.0,3.0,646.3333333333334,1.0,0,1
Built-up Area,7th Phase JP Nagar,2.0,2.0,42.0,850.0,2.0,425.0,1.0,1,1
Built-up Area,Balagere,1.0,1.0,45.0,675.0,1.0,675.0,1.0,0,1
Built-up Area,Electronic City,2.0,1.0,51.0,1060.0,2.0,530.0,1.0,1,1
Super built-up Area,Whitefield,2.0,2.0,47.0,1235.0,2.0,617.5,1.0,0,1
Plot Area,RTO ullalu,4.0,1.0,110.0,600.0,2.0,300.0,2.0,0,0
Super built-up Area,Austin Town,2.0,1.0,60.0,1250.0,2.0,625.0,1.0,1,0
Super built-up Area,Banashankari,2.0,3.0,70.0,1460.0,2.0,730.0,1.0,1,1
Super built-up Area,Akshaya Nagar,3.0,2.0,85.0,1690.0,3.0,563.3333333333334,1.0,1,1
Built-up Area,Indira Nagar,1.0,2.0,57.0,850.0,1.0,850.0,1.0,1,1
Super built-up Area,Kanakpura Road,3.0,2.0,82.0,1843.0,3.0,614.3333333333334,1.0,1,1
Built-up Area,7th Phase JP Nagar,3.0,2.0,117.0,1680.0,3.0,560.0,1.0,1,1
Super built-up Area,Kundalahalli,2.0,1.0,84.0,1047.0,2.0,523.5,1.0,1,1
Super built-up Area,8th Phase JP Nagar,2.0,2.0,35.0,1100.0,2.0,550.0,1.0,0,0
Plot Area,Indira Nagar,8.0,1.0,600.0,3250.0,8.0,406.25,1.0,1,0
Super built-up Area,Nagarbhavi,2.0,3.0,53.0,1120.0,2.0,560.0,1.0,1,0
Super built-up Area,Raja Rajeshwari Nagar,2.0,2.0,38.33,1095.0,2.0,547.5,1.0,1,1
Super built-up Area,Carmelaram,2.0,2.0,35.0,970.0,2.0,485.0,1.0,0,0
Built-up Area,Hosa Road,2.0,3.0,85.0,1100.0,3.0,366.6666666666667,0.6666666666666666,1,1
Super built-up Area,Uttarahalli,3.0,2.0,85.0,1685.0,3.0,561.6666666666666,1.0,1,1
Built-up Area,Doddanekundi,2.0,1.0,59.0,1148.0,2.0,574.0,1.0,1,0
Built-up Area,Marathahalli,2.0,1.0,65.0,1050.0,2.0,525.0,1.0,1,1
Super built-up Area,Bannerghatta Road,2.0,1.0,76.0,1465.0,3.0,488.3333333333333,0.6666666666666666,1,1
Plot Area,Kothanur,5.0,,230.0,3401.0,4.0,850.25,1.25,1,1
Built-up Area,Electronic City,1.0,1.0,60.0,630.0,1.0,630.0,1.0,0,1
Super built-up Area,7th Phase JP Nagar,3.0,1.0,150.0,1850.0,3.0,616.6666666666666,1.0,1,1
Built-up Area,Cottonpet,2.0,1.0,225.0,1750.0,4.0,437.5,0.5,1,0
Built-up Area,Shikaripalya,3.0,1.0,60.0,1350.0,3.0,450.0,1.0,1,1
Super built-up Area,Sector 7 HSR Layout,3.0,2.0,160.0,1760.0,3.0,586.6666666666666,1.0,1,1
Super built-up Area,Rajaji Nagar,2.0,2.0,185.0,1440.0,2.0,720.0,1.0,1,1
Super built-up Area,Banashankari Stage III,2.0,0.0,42.0,1200.0,2.0,600.0,1.0,1,1
Built-up Area,Hennur Bande,2.0,1.0,78.0,1100.0,2.0,550.0,1.0,1,1
Built-up Area,Kaggadasapura,2.0,2.0,46.0,1140.0,2.0,570.0,1.0,1,0
Super built-up Area,Hormavu,3.0,0.0,73.595,1617.5,3.0,539.1666666666666,1.0,0,1
Super built-up Area,Gottigere,2.0,2.0,45.0,1410.0,2.0,705.0,1.0,1,1
Super built-up Area,Mahadevpura,2.0,1.0,67.39,1434.0,3.0,478.0,0.6666666666666666,1,1
Plot Area,"ravindra nagar, T.dasarahalli peenya",2.0,2.0,74.0,1180.0,2.0,590.0,1.0,1,0
Super built-up Area,EPIP Zone,2.0,2.0,86.0,1343.0,2.0,671.5,1.0,1,1
Built-up Area,LB Shastri Nagar,2.0,1.0,69.0,1184.0,2.0,592.0,1.0,1,0
Super built-up Area,Koramangala,3.0,0.0,300.0,2246.0,3.0,748.6666666666666,1.0,1,1
Built-up Area,Rajankunte,4.0,3.0,200.0,4510.0,3.0,1503.3333333333333,1.3333333333333333,1,0
Super built-up Area,Sarjapur  Road,5.0,,280.0,3785.0,4.0,946.25,1.25,1,1
Super built-up Area,1st Block BEL Layout,3.0,2.0,85.0,1540.0,3.0,513.3333333333334,1.0,1,0
Super built-up Area,Kanakpura Road,3.0,3.0,65.11,1550.0,3.0,516.6666666666666,1.0,1,1
Super built-up Area,Yelahanka,2.0,1.0,57.0,1345.0,3.0,448.3333333333333,0.6666666666666666,1,1
Super built-up Area,Electronic City Phase II,2.0,2.0,45.0,975.0,3.0,325.0,0.6666666666666666,1,1
Super built-up Area,JP Nagar,2.0,1.0,34.56,1152.0,2.0,576.0,1.0,0,1
Built-up Area,Old Airport Road,4.0,2.0,700.0,3200.0,4.0,800.0,1.0,1,0
Super built-up Area,Kodathi,2.0,2.0,31.5,1033.0,3.0,344.3333333333333,0.6666666666666666,0,0
Super built-up Area,Richards Town,3.0,0.0,230.0,1800.0,3.0,600.0,1.0,1,1
Super built-up Area,Marathahalli,2.0,2.0,53.67,1102.0,2.0,551.0,1.0,1,0
Super built-up Area,Subramanyapura,2.0,2.0,42.81,1223.0,3.0,407.6666666666667,0.6666666666666666,1,0
Super built-up Area,Kadugodi,3.0,3.0,112.0,1762.0,3.0,587.3333333333334,1.0,0,1
Built-up Area,KR Puram,6.0,0.0,85.0,2000.0,6.0,333.3333333333333,1.0,1,0
Super built-up Area,Electronic City,2.0,2.0,38.0,1410.0,3.0,470.0,0.6666666666666666,1,1
Super built-up Area,Thanisandra,3.0,1.0,64.86,1853.0,3.0,617.6666666666666,1.0,0,1
Super built-up Area,Kothanur,2.0,,69.0,1455.0,2.0,727.5,1.0,1,0
Super built-up Area,Hebbal,2.0,1.0,110.0,1138.0,2.0,569.0,1.0,0,1
Built-up Area,Sarjapur  Road,3.0,2.0,169.0,2556.0,3.0,852.0,1.0,1,1
Super built-up Area,TC Palaya,2.0,0.0,66.5,1200.0,3.0,400.0,0.6666666666666666,0,0
Super built-up Area,Anantapura,2.0,2.0,37.0,1200.0,2.0,600.0,1.0,1,0
Super built-up Area,Thanisandra,4.0,2.0,185.0,2195.8356,3.0,731.9452,1.3333333333333333,1,1
Super built-up Area,Whitefield,3.0,2.0,138.0,1870.0,3.0,623.3333333333334,1.0,0,1
Super built-up Area,Panathur,2.0,1.0,86.0,1199.0,2.0,599.5,1.0,0,1
Super built-up Area,Doddakallasandra,2.0,2.0,54.4,1360.0,3.0,453.3333333333333,0.6666666666666666,1,0
Super built-up Area,Babusapalaya,3.0,3.0,53.0,1230.0,3.0,410.0,1.0,1,0
Super built-up Area,Hosahalli Extension,3.0,2.0,120.0,2000.0,3.0,666.6666666666666,1.0,1,0
Plot Area,Kasturi Nagar,4.0,2.0,250.0,1200.0,4.0,300.0,1.0,1,0
Super built-up Area,Kundalahalli,2.0,1.0,83.0,1047.0,2.0,523.5,1.0,1,1
Plot Area,Electronic City Phase II,4.0,,260.0,6000.0,4.0,1500.0,1.0,0,0
Plot Area,Ramamurthy Nagar,2.0,1.0,76.0,1200.0,2.0,600.0,1.0,0,0
Super built-up Area,Kengeri Satellite Town,2.0,0.0,44.285,1302.5,2.0,651.25,1.0,0,1
Super built-up Area,Kengeri,2.0,1.0,30.0,725.0,2.0,362.5,1.0,1,0
Super built-up Area,Jakkur,3.0,1.0,100.0,1645.0,3.0,548.3333333333334,1.0,1,1
Built-up Area,Sultan Palaya,2.0,1.0,65.0,870.0,2.0,435.0,1.0,1,0
Super built-up Area,Marathahalli,2.0,1.0,49.95,1026.0,2.0,513.0,1.0,1,0
Built-up Area,Bennigana Halli,3.0,1.0,145.0,2000.0,3.0,666.6666666666666,1.0,0,0
Super built-up Area,Cooke Town,2.0,2.0,200.0,1710.0,2.0,855.0,1.0,1,0
Super built-up Area,Hosur Road,3.0,1.0,130.0,1766.0,3.0,588.6666666666666,1.0,0,1
Super built-up Area,Makali,1.0,1.0,15.0,500.0,1.0,500.0,1.0,1,0
Built-up Area,JP Nagar,1.0,1.0,15.0,1100.0,2.0,550.0,0.5,0,0
Super built-up Area,Jigani,3.0,3.0,52.0,1221.0,3.0,407.0,1.0,1,1
Super built-up Area,Rachenahalli,1.0,1.0,46.0,680.0,1.0,680.0,1.0,1,0
Super built-up Area,Sarjapur  Road,2.0,2.0,90.0,1278.0,2.0,639.0,1.0,1,1
Super built-up Area,Kodichikkanahalli,2.0,2.0,66.0,1025.0,2.0,512.5,1.0,1,1
Super built-up Area,Whitefield,2.0,1.0,39.0,1175.0,2.0,587.5,1.0,0,1
Super built-up Area,Sarjapur  Road,2.0,0.0,28.275,975.0,2.0,487.5,1.0,0,1
Built-up Area,6th Phase JP Nagar,1.0,1.0,75.0,600.0,1.0,600.0,1.0,1,0
Super built-up Area,Seethappa Layout,2.0,1.0,42.0,850.0,2.0,425.0,1.0,1,0
Super built-up Area,Anjanapura,2.0,0.0,25.0,710.0,2.0,355.0,1.0,1,0
Built-up Area,Huskur,2.0,1.0,33.64,1165.0,2.0,582.5,1.0,0,0
Super built-up Area,Sarjapur,1.0,1.0,19.0,625.0,1.0,625.0,1.0,0,1
Super built-up Area,Kaggadasapura,3.0,1.0,66.0,1340.0,3.0,446.6666666666667,1.0,1,0
Super built-up Area,Ananth Nagar,2.0,1.0,35.0,937.0,2.0,468.5,1.0,1,1
Super built-up Area,JP Nagar,1.0,1.0,52.5,750.0,1.0,750.0,1.0,1,1
Built-up Area,Shampura,3.0,3.0,78.0,1475.0,3.0,491.6666666666667,1.0,1,1
Plot Area,Singapura Village,4.0,1.0,130.0,2230.0,4.0,557.5,1.0,1,0
Plot Area,Jnanabharathi Layout,5.0,1.0,100.0,2200.0,4.0,550.0,1.25,1,0
Plot Area,Mysore Road,2.0,0.0,65.0,900.0,2.0,450.0,1.0,1,1
Super built-up Area,Electronic City Phase II,2.0,2.0,37.0,1116.0,2.0,558.0,1.0,1,1
Built-up Area,Hoodi,2.0,1.0,75.0,948.0,2.0,474.0,1.0,1,0
Super built-up Area,R.T. Nagar,2.0,1.0,55.0,970.0,2.0,485.0,1.0,1,0
Super built-up Area,Akshayanagara East,3.0,2.0,67.23,1519.0,3.0,506.3333333333333,1.0,1,0
Super built-up Area,Thanisandra,2.0,1.0,65.0,1200.0,3.0,400.0,0.6666666666666666,1,0
Super built-up Area,Bhoganhalli,3.0,2.0,127.0,1760.0,3.0,586.6666666666666,1.0,1,1
Plot Area,Whitefield,5.0,3.0,525.0,4400.0,4.0,1100.0,1.25,1,1
Super built-up Area,Sahakara Nagar,3.0,3.0,179.0,1914.0,3.0,638.0,1.0,1,1
Super built-up Area,Budigere,3.0,2.0,85.5,1820.0,3.0,606.6666666666666,1.0,1,1
Built-up Area,Kalena Agrahara,3.0,2.0,78.0,1565.0,3.0,521.6666666666666,1.0,1,1
Super built-up Area,Begur Road,2.0,3.0,42.69,1334.0,2.0,667.0,1.0,1,1
Super built-up Area,Sarakki Nagar,2.0,2.0,76.23,924.0,2.0,462.0,1.0,0,0
Super built-up Area,Jigani,2.0,2.0,49.0,914.0,2.0,457.0,1.0,1,1
Built-up Area,Kengeri,1.0,1.0,17.0,500.0,1.0,500.0,1.0,1,0
Super built-up Area,Yelahanka,3.0,3.0,125.0,2145.0,3.0,715.0,1.0,0,1
Built-up Area,Electronic City,3.0,2.0,100.0,1650.0,3.0,550.0,1.0,0,0
Super built-up Area,Marathahalli,4.0,3.0,220.0,3940.0,4.0,985.0,1.0,1,1
Built-up Area,Electronic City,2.0,1.0,29.45,1020.0,2.0,510.0,1.0,0,0
Built-up Area,Basaveshwara Nagar,2.0,3.0,58.0,1180.0,2.0,590.0,1.0,1,0
Super built-up Area,Ulsoor,2.0,3.0,120.0,1255.0,2.0,627.5,1.0,1,1
Super built-up Area,Langford Gardens,5.0,2.0,650.0,2777.29,3.0,925.7633333333333,1.6666666666666667,0,1
Super built-up Area,Bommasandra,2.0,1.0,35.0,1014.0,2.0,507.0,1.0,1,1
Super built-up Area,Attibele,1.0,1.0,25.0,695.0,2.0,347.5,0.5,1,1
Plot Area,Prithvi Layout,4.0,3.0,220.0,2273.0,3.0,757.6666666666666,1.3333333333333333,1,1
Super built-up Area,GM Palaya,2.0,2.0,48.95,1140.0,2.0,570.0,1.0,0,0
Built-up Area,Giri Nagar,4.0,1.0,375.0,3000.0,6.0,500.0,0.6666666666666666,1,0
Super built-up Area,Begur Road,4.0,2.0,152.0,2400.0,4.0,600.0,1.0,0,1
Super built-up Area,Attibele,1.0,1.0,25.0,850.0,2.0,425.0,0.5,1,1
Super built-up Area,Banashankari,2.0,1.0,60.0,1200.0,2.0,600.0,1.0,1,1
Built-up Area,"Bellandur,",4.0,3.0,206.0,3160.0,4.0,790.0,1.0,0,0
Super built-up Area,Hoodi,3.0,3.0,96.87,1769.0,3.0,589.6666666666666,1.0,1,1
Carpet Area,Bhoganhalli,4.0,1.0,131.0,1554.3,4.0,388.575,1.0,0,1
Super built-up Area,Haralur Road,2.0,2.0,46.0,1243.0,2.0,621.5,1.0,1,0
Plot Area,2nd Block Jayanagar,5.0,2.0,1150.0,4920.0,4.0,1230.0,1.25,0,0
Super built-up Area,Mallasandra,2.0,1.0,40.0,905.0,2.0,452.5,1.0,1,1
Built-up Area,Kothanur,1.0,1.0,30.0,627.0,1.0,627.0,1.0,1,0
Built-up Area,Domlur,3.0,2.0,285.0,2180.0,3.0,726.6666666666666,1.0,0,0
Super built-up Area,Frazer Town,3.0,2.0,260.0,2400.0,3.0,800.0,1.0,1,0
Super built-up Area,Marathahalli,3.0,1.0,73.0,1435.0,3.0,478.3333333333333,1.0,1,1
Super built-up Area,Jakkur,6.0,3.0,400.0,3405.1,4.0,851.275,1.5,0,1
Built-up Area,Kodihalli,3.0,2.0,130.0,1620.0,3.0,540.0,1.0,1,1
Super built-up Area,Whitefield,3.0,2.0,125.0,1862.0,3.0,620.6666666666666,1.0,1,0
Super built-up Area,Kaikondrahalli,1.0,1.0,19.9,674.0,2.0,337.0,0.5,0,0
Super built-up Area,Marathahalli,2.0,1.0,59.0,1220.0,2.0,610.0,1.0,1,0
Super built-up Area,Electronic City,2.0,1.0,49.0,1025.0,2.0,512.5,1.0,1,1
Super built-up Area,Thanisandra,2.0,3.0,54.5,1430.0,3.0,476.6666666666667,0.6666666666666666,1,1
Super built-up Area,Panathur,2.0,3.0,65.0,1235.0,2.0,617.5,1.0,1,1
Super built-up Area,Electronics City Phase 1,2.0,3.0,32.0,1291.0,3.0,430.3333333333333,0.6666666666666666,1,1
Super built-up Area,Kanakpura Road,3.0,2.0,95.0,1498.0,3.0,499.3333333333333,1.0,1,1
Super built-up Area,Sarjapur  Road,3.0,2.0,240.0,2180.0,3.0,726.6666666666666,1.0,1,1
Super built-up Area,Electronic City,2.0,1.0,29.7,1000.0,2.0,500.0,1.0,0,0
Plot Area,Ejipura,2.0,1.0,70.0,922.0,2.0,461.0,1.0,1,0
Built-up Area,Victoria Layout,2.0,1.0,72.0,850.0,2.0,425.0,1.0,1,0
Super built-up Area,AECS Layout,2.0,2.0,64.0,1123.0,2.0,561.5,1.0,1,1
Super built-up Area,Raja Rajeshwari Nagar,2.0,1.0,75.0,1235.0,2.0,617.5,1.0,1,1
Super built-up Area,Kogilu,2.0,1.0,55.55,1250.0,2.0,625.0,1.0,1,0
Plot Area,Whitefield,5.0,,360.0,2403.0,4.0,600.75,1.25,1,1
Super built-up Area,Sarjapur  Road,2.0,1.0,45.91,984.0,2.0,492.0,1.0,0,1
Super built-up Area,Sarjapur  Road,2.0,1.0,99.0,1305.0,2.0,652.5,1.0,1,1
Plot Area,Attur Layout,1.0,0.0,65.0,1200.0,2.0,600.0,0.5,1,0
Super built-up Area,Hebbal,5.0,3.0,204.0,2790.0,4.0,697.5,1.25,0,1
Super built-up Area,Old Madras Road,3.0,2.0,125.0,2010.0,4.0,502.5,0.75,1,1
Built-up Area,Electronics City Phase 1,2.0,0.0,42.0,995.0,2.0,497.5,1.0,1,0
Built-up Area,Varthur Road,2.0,2.0,59.0,1277.0,2.0,638.5,1.0,1,1
Super built-up Area,7th Phase JP Nagar,2.0,2.0,61.33,1236.0,2.0,618.0,1.0,1,0
Super built-up Area,Akshaya Nagar,2.0,3.0,67.0,1265.0,2.0,632.5,1.0,1,1
Super built-up Area,Kanakpura Road,,,27.0,525.0,1.0,525.0,,0,1
Built-up Area,Gubbalala,4.0,,141.0,2570.0,5.0,514.0,0.8,1,1
Plot Area,Hennur Road,5.0,3.0,390.0,2400.0,4.0,600.0,1.25,1,0
Super built-up Area,Shikaripalya,3.0,2.0,56.24,1442.0,3.0,480.6666666666667,1.0,1,1
Super built-up Area,Ardendale,2.0,2.0,70.0,1224.0,2.0,612.0,1.0,1,1
Super built-up Area,Bellandur,2.0,1.0,59.0,1205.0,2.0,602.5,1.0,1,0
Super built-up Area,Richmond Town,2.0,3.0,100.0,1233.0,2.0,616.5,1.0,1,1
Super built-up Area,5th Block Hbr Layout,2.0,3.0,69.0,1312.0,2.0,656.0,1.0,1,0
Super built-up Area,Electronic City,3.0,2.0,90.0,1449.0,3.0,483.0,1.0,1,1
Super built-up Area,Yelenahalli,2.0,1.0,54.0,1090.0,2.0,545.0,1.0,1,1
Plot Area,Kaggadasapura,5.0,0.0,150.0,2100.0,5.0,420.0,1.0,1,0
Super built-up Area,Uttarahalli,2.0,3.0,62.55,1390.0,3.0,463.3333333333333,0.6666666666666666,1,0
Super built-up Area,JP Nagar,2.0,3.0,78.0,1200.0,2.0,600.0,1.0,1,1
Super built-up Area,BTM 2nd Stage,2.0,2.0,58.0,1000.0,2.0,500.0,1.0,1,1
Plot Area,Devanahalli,5.0,2.0,190.0,2400.0,4.0,600.0,1.25,0,1
Super built-up Area,Thanisandra,3.0,1.0,85.73,1732.0,3.0,577.3333333333334,1.0,0,1
Super built-up Area,Banashankari,2.0,2.0,80.0,1290.0,2.0,645.0,1.0,1,1
Super built-up Area,Marasandra,3.0,3.0,85.0,1840.0,3.0,613.3333333333334,1.0,1,0
Super built-up Area,Thanisandra,4.0,2.0,100.0,1917.0,3.0,639.0,1.3333333333333333,1,1
Built-up Area,Bhuvaneshwari Nagar,2.0,2.0,57.0,1100.0,2.0,550.0,1.0,1,1
Super built-up Area,Kudlu,2.0,3.0,60.0,1455.0,3.0,485.0,0.6666666666666666,1,0
Super built-up Area,Devarachikkanahalli,2.0,2.0,65.0,1425.0,3.0,475.0,0.6666666666666666,1,1
Super built-up Area,Whitefield,3.0,1.0,113.0,1655.0,3.0,551.6666666666666,1.0,0,1
Super built-up Area,Haralur Road,5.0,3.0,160.0,2805.0,4.0,701.25,1.25,0,1
Super built-up Area,AGS Layout,2.0,1.0,46.79,1040.0,2.0,520.0,1.0,1,0
Super built-up Area,Akshaya Nagar,2.0,1.0,55.0,1126.0,2.0,563.0,1.0,1,0
Super built-up Area,Hebbal,2.0,1.0,55.55,1250.0,2.0,625.0,1.0,1,0
Plot Area,Yelahanka,4.0,2.0,180.0,1800.0,4.0,450.0,1.0,1,1
Plot Area,Kalkere Channasandra,2.0,0.0,53.0,1200.0,2.0,600.0,1.0,1,0
Built-up Area,Ashirvad Colony,3.0,1.0,100.0,2050.0,4.0,512.5,0.75,1,1
Super built-up Area,Whitefield,1.0,1.0,29.44,530.0,1.0,530.0,1.0,1,1
Built-up Area,Sarjapur,4.0,0.0,139.5,2585.5,4.0,646.375,1.0,0,1
Super built-up Area,Kambipura,2.0,1.0,37.0,883.0,2.0,441.5,1.0,1,1
Super built-up Area,Sompura,3.0,1.0,59.0,1275.0,3.0,425.0,1.0,1,1
Super built-up Area,Doddabanahalli,2.0,2.0,30.0,800.0,2.0,400.0,1.0,1,0
Super built-up Area,Devanahalli,1.0,0.0,95.0,1200.0,1.0,1200.0,1.0,1,0
Super built-up Area,Bellandur,2.0,1.0,58.0,1063.0,2.0,531.5,1.0,1,1
Super built-up Area,Balagere,1.0,1.0,43.0,656.0,1.0,656.0,1.0,1,1
Super built-up Area,Shakthi Nagar,2.0,2.0,36.0,1125.0,2.0,562.5,1.0,1,0
Super built-up Area,Marathahalli,2.0,1.0,48.06,881.0,2.0,440.5,1.0,0,1
Built-up Area,Bisuvanahalli,1.0,1.0,32.0,700.0,2.0,350.0,0.5,1,1
Plot Area,AGS Layout,3.0,0.0,110.0,1936.0,3.0,645.3333333333334,1.0,1,0
Super built-up Area,Hosa Road,3.0,1.0,101.0,1680.0,3.0,560.0,1.0,0,1
Super built-up Area,Rayasandra,2.0,2.0,57.0,1253.0,2.0,626.5,1.0,1,1
Super built-up Area,Rajaji Nagar,3.0,3.0,230.0,1640.0,3.0,546.6666666666666,1.0,1,1
Super built-up Area,Mysore Road,3.0,2.0,50.0,1082.0,3.0,360.6666666666667,1.0,1,0
Built-up Area,Electronic City,2.0,1.0,30.75,1065.0,2.0,532.5,1.0,0,0
Super built-up Area,Iblur Village,4.0,2.0,145.0,2100.0,3.0,700.0,1.3333333333333333,0,1
Super built-up Area,Electronic City,2.0,1.0,58.0,1070.0,2.0,535.0,1.0,1,1
Super built-up Area,Raja Rajeshwari Nagar,3.0,2.0,57.6,1280.0,3.0,426.6666666666667,1.0,0,0
Built-up Area,Electronic City Phase II,2.0,1.0,29.25,1125.0,2.0,562.5,1.0,0,1
Super built-up Area,Sarjapur  Road,3.0,2.0,122.0,1755.0,3.0,585.0,1.0,1,0
Super built-up Area,Electronic City,2.0,1.0,54.0,1210.0,2.0,605.0,1.0,1,1
Super built-up Area,Talaghattapura,2.0,2.0,30.43,951.0,2.0,475.5,1.0,0,0
Built-up Area,Electronic City,2.0,1.0,75.0,1500.0,3.0,500.0,0.6666666666666666,0,1
Super built-up Area,Coffee Board Layout,3.0,2.0,90.0,1652.5,3.0,550.8333333333334,1.0,1,1
Super built-up Area,Yeshwanthpur,2.0,2.0,76.18,1381.0,3.0,460.3333333333333,0.6666666666666666,1,1
Super built-up Area,Whitefield,2.0,1.0,57.0,1085.0,2.0,542.5,1.0,0,1
Super built-up Area,Whitefield,1.0,1.0,50.0,905.0,1.0,905.0,1.0,0,1
Super built-up Area,Hennur Road,3.0,2.0,95.0,1685.0,3.0,561.6666666666666,1.0,1,1
Super built-up Area,Somasundara Palya,2.0,2.0,75.0,1200.0,2.0,600.0,1.0,1,1
Super built-up Area,Anandapura,2.0,1.0,42.9,1151.0,2.0,575.5,1.0,1,1
Built-up Area,Brookefield,3.0,3.0,170.0,3532.0,4.0,883.0,0.75,1,1
Super built-up Area,Kanakpura Road,3.0,2.0,86.91,1665.0,3.0,555.0,1.0,1,1
Built-up Area,Kengeri Satellite Town,2.0,1.0,40.0,800.0,2.0,400.0,1.0,1,1
Built-up Area,Chamrajpet,2.0,1.0,162.0,1050.0,2.0,525.0,1.0,1,0
Super built-up Area,Rajiv Nagar,2.0,2.0,46.5,1030.0,2.0,515.0,1.0,1,1
Super built-up Area,Hoodi,2.0,1.0,71.03,1257.0,2.0,628.5,1.0,1,1
Super built-up Area,Whitefield,3.0,2.0,82.0,1600.0,3.0,533.3333333333334,1.0,0,1
Super built-up Area,Choodasandra,3.0,3.0,75.0,1465.0,3.0,488.3333333333333,1.0,1,1
Super built-up Area,Jakkur,3.0,2.0,111.0,1650.0,3.0,550.0,1.0,1,1
Built-up Area,Yelahanka New Town,1.0,1.0,80.0,680.0,2.0,340.0,0.5,1,0
Plot Area,Whitefield,4.0,2.0,80.0,1230.0,4.0,307.5,1.0,0,0
Super built-up Area,Koramangala,2.0,2.0,82.0,1300.0,2.0,650.0,1.0,1,1
Built-up Area,KR Puram,2.0,1.0,44.5,1000.0,2.0,500.0,1.0,1,1
Super built-up Area,Mahadevpura,2.0,1.0,53.8,1146.0,2.0,573.0,1.0,1,1
Super built-up Area,Indira Nagar,4.0,,312.0,2601.0,3.0,867.0,1.3333333333333333,0,0
Super built-up Area,Vishwanatha Nagenahalli,3.0,2.0,110.0,2159.0,3.0,719.6666666666666,1.0,1,1
Super built-up Area,Whitefield,2.0,2.0,40.0,1255.0,2.0,627.5,1.0,1,1
Super built-up Area,Padmanabhanagar,2.0,1.0,60.0,1200.0,2.0,600.0,1.0,1,1
Built-up Area,Sarjapur  Road,2.0,1.0,37.0,1040.0,2.0,520.0,1.0,1,1
Super built-up Area,Uttarahalli,2.0,1.0,41.3,1180.0,2.0,590.0,1.0,1,1
Super built-up Area,KR Puram,2.0,3.0,47.0,1200.0,2.0,600.0,1.0,1,0
Built-up Area,Sarjapur  Road,3.0,2.0,51.0,1374.0,3.0,458.0,1.0,1,1
Super built-up Area,Vidyaranyapura,10.0,3.0,130.0,4700.0,9.0,522.2222222222222,1.1111111111111112,1,0
Super built-up Area,Whitefield,1.0,0.0,32.15,630.5,1.0,630.5,1.0,0,1
Plot Area,south,2.0,0.0,480.0,2400.0,3.0,800.0,0.6666666666666666,1,0
Super built-up Area,Jalahalli,4.0,2.0,165.0,2384.0,3.0,794.6666666666666,1.3333333333333333,1,1
Super built-up Area,Electronic City,2.0,2.0,28.41,1033.0,3.0,344.3333333333333,0.6666666666666666,0,0
Super built-up Area,Yelahanka,2.0,1.0,54.0,1200.0,2.0,600.0,1.0,1,1
Built-up Area,Haralur Road,3.0,2.0,105.0,2017.0,3.0,672.3333333333334,1.0,1,1
Plot Area,Rainbow Drive,3.0,2.0,138.0,1500.0,3.0,500.0,1.0,1,0
Super built-up Area,Kamala Nagar,2.0,0.0,43.0,700.0,2.0,350.0,1.0,1,0
Super built-up Area,Kanakpura Road,2.0,2.0,52.33,1495.0,3.0,498.3333333333333,0.6666666666666666,1,0
Super built-up Area,Kothanur,2.0,1.0,68.5,1302.0,2.0,651.0,1.0,1,0
Built-up Area,Whitefield,1.0,1.0,52.0,905.0,1.0,905.0,1.0,0,1
Super built-up Area,Raja Rajeshwari Nagar,2.0,1.0,55.79,1303.0,2.0,651.5,1.0,1,1
Built-up Area,Electronics City Phase 1,3.0,0.0,71.0,1350.0,3.0,450.0,1.0,1,0
Super built-up Area,Gottigere,2.0,2.0,95.0,1380.0,3.0,460.0,0.6666666666666666,1,1
Super built-up Area,Harlur,3.0,1.0,110.0,1620.0,3.0,540.0,1.0,1,1
Built-up Area,Chandapura,4.0,3.0,250.0,4800.0,4.0,1200.0,1.0,1,0
Super built-up Area,Sarjapur  Road,2.0,1.0,38.5,1000.0,2.0,500.0,1.0,1,1
Super built-up Area,Thanisandra,1.0,1.0,54.0,1250.0,2.0,625.0,0.5,0,0
Built-up Area,3rd Block Koramangala,3.0,3.0,170.0,1750.0,3.0,583.3333333333334,1.0,1,0
Super built-up Area,Anekal,3.0,2.0,55.0,997.0,3.0,332.3333333333333,1.0,1,0
Super built-up Area,Kothanur,3.0,,111.0,1760.0,3.0,586.6666666666666,1.0,0,1
Super built-up Area,Yelahanka,2.0,2.0,75.0,1322.0,2.0,661.0,1.0,1,1
Plot Area,Kanaka Nagar,3.0,0.0,99.0,1365.0,3.0,455.0,1.0,1,0
Super built-up Area,Sahakara Nagar,3.0,2.0,125.0,1500.0,3.0,500.0,1.0,1,1
Super built-up Area,Kaggadasapura,2.0,2.0,50.0,1256.0,3.0,418.6666666666667,0.6666666666666666,1,1
Super built-up Area,Brookefield,2.0,2.0,48.0,941.0,2.0,470.5,1.0,1,1
Plot Area,Devanahalli,4.0,3.0,465.0,5000.0,4.0,1250.0,1.0,1,1
Super built-up Area,Kanakpura Road,3.0,2.0,86.58,1665.0,3.0,555.0,1.0,1,1
Super built-up Area,Hennur Road,2.0,,84.18,1414.0,2.0,707.0,1.0,1,1
Super built-up Area,Chikkalasandra,2.0,3.0,55.25,1270.0,3.0,423.3333333333333,0.6666666666666666,1,0
Plot Area,Kengeri Satellite Town,3.0,0.0,300.0,4100.0,4.0,1025.0,0.75,1,0
Built-up Area,Mathikere,3.0,,105.0,1800.0,6.0,300.0,0.5,1,0
Super built-up Area,Kanakpura Road,1.0,1.0,38.44,712.0,1.0,712.0,1.0,0,1
Super built-up Area,Rajaji Nagar,5.0,0.0,251.5,2648.0,4.0,662.0,1.25,0,1
Plot Area,Basaveshwara Nagar Yelahanka,4.0,2.0,180.0,900.0,3.0,300.0,1.3333333333333333,1,0
Super built-up Area,Hebbal,2.0,1.0,49.0,1200.0,2.0,600.0,1.0,1,1
Super built-up Area,Kengeri Satellite Town,1.0,1.0,22.0,654.0,1.0,654.0,1.0,1,0
Super built-up Area,Peenya,1.0,1.0,55.0,708.0,2.0,354.0,0.5,1,0
Built-up Area,Wilson Garden,3.0,3.0,135.0,1680.0,3.0,560.0,1.0,1,1
Super built-up Area,Jakkasandra Extension,2.0,2.0,58.0,990.0,2.0,495.0,1.0,1,0
Super built-up Area,Uttarahalli,2.0,1.0,42.0,1380.0,2.0,690.0,1.0,1,1
Super built-up Area,Hebbal,2.0,2.0,62.0,1088.0,2.0,544.0,1.0,0,1
Super built-up Area,Harlur,3.0,2.0,77.5,1414.0,3.0,471.3333333333333,1.0,1,1
Built-up Area,Seshadripuram,2.0,1.0,100.0,1240.0,2.0,620.0,1.0,1,0
Built-up Area,Ganesha Block,3.0,3.0,118.0,1810.0,3.0,603.3333333333334,1.0,1,0
Super built-up Area,4th Block Jayanagar,3.0,2.0,240.0,2005.0,3.0,668.3333333333334,1.0,0,0
Super built-up Area,Kothanur,2.0,2.0,58.0,1185.0,2.0,592.5,1.0,1,0
Plot Area,Whitefield,3.0,2.0,57.15,1200.0,3.0,400.0,1.0,0,0
Super built-up Area,Shikaripalya,2.0,1.0,58.0,1265.0,2.0,632.5,1.0,1,1
Built-up Area,Sahakara Nagar,2.0,1.0,55.0,1100.0,2.0,550.0,1.0,1,0
Built-up Area,Friends Colony,2.0,2.0,44.0,1035.0,2.0,517.5,1.0,1,1
Super built-up Area,Sonnenahalli,1.0,0.0,30.715,614.5,1.0,614.5,1.0,1,1
Built-up Area,2nd Block Jayanagar,2.0,1.0,97.0,1000.0,2.0,500.0,1.0,1,0
Super built-up Area,Hegde Nagar,2.0,2.0,49.35,1179.0,2.0,589.5,1.0,1,0
Super built-up Area,Vittasandra,3.0,1.0,84.0,1650.0,3.0,550.0,1.0,1,1
Plot Area,Malur Hosur Road,4.0,3.0,100.0,2800.0,6.0,466.6666666666667,0.6666666666666666,1,0
Plot Area,Lakshmipura Vidyaanyapura,6.0,2.0,120.0,3500.0,8.0,437.5,0.75,1,0
Built-up Area,Nagaraja Garden,3.0,1.0,78.65,1430.0,3.0,476.6666666666667,1.0,1,0
Super built-up Area,Marathahalli,2.0,2.0,58.0,1130.0,3.0,376.6666666666667,0.6666666666666666,1,1
Super built-up Area,JP Nagar,2.0,,110.0,1850.0,3.0,616.6666666666666,0.6666666666666666,1,1
Super built-up Area,Hennur,3.0,2.0,54.24,1340.0,3.0,446.6666666666667,1.0,1,0
Super built-up Area,Sarjapur  Road,,,338.0,4334.0,4.0,1083.5,,1,1
Plot Area,Nagawara Junction,2.0,0.0,30.0,600.0,2.0,300.0,1.0,1,0
Super built-up Area,Banashankari,5.0,2.0,250.0,2582.0,3.0,860.6666666666666,1.6666666666666667,1,1
Super built-up Area,Channasandra,2.0,1.0,55.0,1160.0,2.0,580.0,1.0,1,0
Built-up Area,Hegganahalli,2.0,1.0,45.0,1200.0,1.0,1200.0,2.0,1,0
Built-up Area,Rajanna Layout,2.0,1.0,37.6,1116.0,2.0,558.0,1.0,0,0
Super built-up Area,Sarakki Nagar,4.0,1.0,338.0,2663.0,3.0,887.6666666666666,1.3333333333333333,1,1
Built-up Area,Devasthanagalu,2.0,2.0,45.0,1090.0,2.0,545.0,1.0,1,1
Super built-up Area,JP Nagar,2.0,1.0,45.0,1100.0,2.0,550.0,1.0,1,1
Super built-up Area,Kammasandra,2.0,1.0,34.13,1365.0,3.0,455.0,0.6666666666666666,0,1
Super built-up Area,Vijayanagar,3.0,2.0,79.19,1484.0,3.0,494.6666666666667,1.0,0,1
Super built-up Area,Green Glen Layout,3.0,2.0,68.0,1630.0,3.0,543.3333333333334,1.0,1,1
Super built-up Area,Whitefield,2.0,2.0,52.43,1451.0,3.0,483.6666666666667,0.6666666666666666,0,1
Super built-up Area,Kanakpura Road,2.0,1.0,107.0,1330.0,2.0,665.0,1.0,0,1
Super built-up Area,Thanisandra,3.0,2.0,135.0,2127.0,3.0,709.0,1.0,1,1
Plot Area,Hallehalli,4.0,2.0,65.0,1260.0,4.0,315.0,1.0,1,0
Super built-up Area,Sarjapur  Road,2.0,2.0,45.75,1173.0,3.0,391.0,0.6666666666666666,1,1
Super built-up Area,Electronics City Phase 1,2.0,1.0,56.0,1445.0,3.0,481.6666666666667,0.6666666666666666,1,0
Super built-up Area,Jayamahal Extension,4.0,1.0,400.0,2250.0,4.0,562.5,1.0,1,0
Plot Area,Bannerghatta Road,4.0,2.0,239.0,1500.0,3.0,500.0,1.3333333333333333,0,1
Super built-up Area,Thanisandra,3.0,0.0,115.89,2336.5,3.0,778.8333333333334,1.0,0,1
Super built-up Area,JP Nagar,2.0,1.0,47.88,1197.0,2.0,598.5,1.0,1,1
Plot Area,2nd Stage Nagarbhavi,4.0,1.0,225.0,1200.0,4.0,300.0,1.0,1,0
Super built-up Area,Sarjapur  Road,7.0,,329.0,3930.0,5.0,786.0,1.4,1,1
Super built-up Area,Kanakpura Road,3.0,3.0,62.4,1450.0,3.0,483.3333333333333,1.0,1,1
Super built-up Area,Whitefield,2.0,1.0,37.85,1187.0,2.0,593.5,1.0,1,1
Plot Area,Wilson Garden,6.0,3.0,850.0,4000.0,6.0,666.6666666666666,1.0,1,0
Super built-up Area,Channasandra,2.0,2.0,41.0,1050.0,2.0,525.0,1.0,0,0
Super built-up Area,Panathur,2.0,2.0,54.8,1370.0,3.0,456.6666666666667,0.6666666666666666,0,1
Super built-up Area,Yelahanka,2.0,2.0,39.37,1036.0,2.0,518.0,1.0,1,1
Super built-up Area,JP Nagar,3.0,2.0,41.2,1275.0,3.0,425.0,1.0,0,0
Super built-up Area,Old Madras Road,3.0,2.0,115.0,2010.0,4.0,502.5,0.75,1,1
Super built-up Area,Thanisandra,2.0,2.0,46.6,1265.0,2.0,632.5,1.0,1,1
Super built-up Area,Anandapura,3.0,2.0,58.0,1576.0,3.0,525.3333333333334,1.0,1,1
Super built-up Area,Dodda Nekkundi,2.0,1.0,56.0,1148.0,2.0,574.0,1.0,1,0
Super built-up Area,Green View Layout,2.0,1.0,36.0,1000.0,2.0,500.0,1.0,1,1
Super built-up Area,Kudlu,2.0,2.0,85.0,1293.0,3.0,431.0,0.6666666666666666,1,1
Plot Area,TC Palaya,2.0,0.0,66.0,1200.0,3.0,400.0,0.6666666666666666,0,0
Super built-up Area,Munnekollal,2.0,3.0,75.0,1210.0,2.0,605.0,1.0,1,1
Built-up Area,HSR Layout,2.0,1.0,69.0,1126.0,2.0,563.0,1.0,1,1
Built-up Area,Sarakki Nagar,4.0,1.0,175.0,1840.0,3.0,613.3333333333334,1.3333333333333333,1,0
Built-up Area,Vidyaranyapura,2.0,0.0,70.0,1440.0,3.0,480.0,0.6666666666666666,1,1
Built-up Area,Ramamurthy Nagar,2.0,2.0,52.0,1300.0,3.0,433.3333333333333,0.6666666666666666,1,1
Super built-up Area,Thanisandra,2.0,2.0,75.0,1276.0,2.0,638.0,1.0,1,1
Super built-up Area,Whitefield,2.0,1.0,83.0,1216.0,2.0,608.0,1.0,1,1
Super built-up Area,Marenahalli,1.0,0.0,75.0,840.0,1.0,840.0,1.0,0,0
Built-up Area,Sompura,2.0,2.0,39.0,1126.0,2.0,563.0,1.0,1,1
Super built-up Area,Raja Rajeshwari Nagar,2.0,0.0,65.0,1162.0,2.0,581.0,1.0,0,1
Super built-up Area,Whitefield,2.0,2.0,65.0,1301.0,2.0,650.5,1.0,1,1
Super built-up Area,Devanahalli,1.0,1.0,34.0,658.0,1.0,658.0,1.0,0,1
Plot Area,Sahakara Nagar,3.0,1.0,250.0,1350.0,3.0,450.0,1.0,1,0
Super built-up Area,Whitefield,3.0,2.0,280.0,2500.0,3.0,833.3333333333334,1.0,1,1
Built-up Area,1st Phase JP Nagar,1.0,1.0,63.0,839.907117,1.0,839.907117,1.0,1,1
Built-up Area,Chandapura,3.0,2.0,42.0,1208.51,3.0,402.83666666666664,1.0,1,1
Super built-up Area,Raja Rajeshwari Nagar,2.0,2.0,38.41,1133.0,2.0,566.5,1.0,1,1
Super built-up Area,Shettigere,2.0,1.0,116.0,1760.0,3.0,586.6666666666666,0.6666666666666666,1,1
Super built-up Area,Sarjapur,2.0,1.0,25.38,940.0,2.0,470.0,1.0,1,1
Super built-up Area,Badavala Nagar,2.0,2.0,57.0,1145.0,2.0,572.5,1.0,1,1
Super built-up Area,Bannerghatta Road,2.0,0.0,67.73,1302.5,2.0,651.25,1.0,1,1
Built-up Area,Rahat Bagh,5.0,1.0,550.0,3900.0,4.0,975.0,1.25,1,1
Super built-up Area,Omarbagh Layout,5.0,0.0,268.5,3317.5,4.0,829.375,1.25,1,1
Built-up Area,Dasarahalli,2.0,2.0,50.0,1300.0,2.0,650.0,1.0,1,0
Super built-up Area,Malleshwaram,4.0,3.0,326.0,2475.0,3.0,825.0,1.3333333333333333,1,1
Super built-up Area,6th Phase JP Nagar,3.0,,200.0,2040.0,3.0,680.0,1.0,1,1
Built-up Area,Hosakerehalli,1.0,0.0,150.0,1200.0,1.0,1200.0,1.0,1,0
Plot Area,Jigani,4.0,1.0,190.0,2420.0,4.0,605.0,1.0,1,0
Built-up Area,Thubarahalli,2.0,1.0,80.0,1216.0,2.0,608.0,1.0,1,1
Super built-up Area,Tumkur Road,2.0,1.0,110.0,1459.0,3.0,486.3333333333333,0.6666666666666666,1,1
Super built-up Area,Jakkur,2.0,0.0,80.0,1622.0,3.0,540.6666666666666,0.6666666666666666,1,1
Super built-up Area,Kanakpura Road,3.0,2.0,85.0,1843.0,3.0,614.3333333333334,1.0,1,1
Plot Area,Chikkasandra,1.0,1.0,52.0,600.0,2.0,300.0,0.5,1,0
Super built-up Area,Malleshpalya,2.0,1.0,69.5,1430.0,3.0,476.6666666666667,0.6666666666666666,1,1
Plot Area,Kammanahalli,2.0,0.0,280.0,1800.0,4.0,450.0,0.5,1,0
Super built-up Area,Begur Road,2.0,2.0,57.91,1565.0,3.0,521.6666666666666,0.6666666666666666,1,1
Super built-up Area,Devarabeesana Halli,3.0,2.0,160.0,1670.0,3.0,556.6666666666666,1.0,1,1
Super built-up Area,Lakshminarayana Pura,3.0,2.0,150.0,1695.0,3.0,565.0,1.0,1,1
Super built-up Area,Akshayanagara West,2.0,2.0,75.0,1410.0,2.0,705.0,1.0,1,1
Super built-up Area,Kengeri Satellite Town,2.0,3.0,42.0,1060.0,2.0,530.0,1.0,1,0
Built-up Area,Sarjapur  Road,2.0,2.0,50.0,1120.0,2.0,560.0,1.0,1,0
Plot Area,Hosa Road,2.0,0.0,50.0,880.0,2.0,440.0,1.0,1,0
Super built-up Area,Dodda Nekkundi,3.0,3.0,57.2,1435.0,3.0,478.3333333333333,1.0,1,0
Super built-up Area,Doddakallasandra,2.0,2.0,56.99,1425.0,3.0,475.0,0.6666666666666666,1,0
Super built-up Area,Arekere,2.0,3.0,50.0,900.0,2.0,450.0,1.0,1,1
Built-up Area,Escorts Colony,5.0,2.0,93.0,2400.0,5.0,480.0,1.0,0,0
Built-up Area,Thanisandra,1.0,1.0,34.3,693.0,1.0,693.0,1.0,0,1
Super built-up Area,Electronic City,4.0,3.0,119.0,2435.0,4.0,608.75,1.0,0,1
Super built-up Area,Iblur Village,3.0,2.0,150.0,1920.0,3.0,640.0,1.0,0,1
Super built-up Area,Electronic City,1.0,1.0,47.0,630.0,1.0,630.0,1.0,0,1
Super built-up Area,Nagavarapalya,1.0,1.0,55.0,705.0,1.0,705.0,1.0,1,1
Super built-up Area,Srinivasa Nagar,2.0,2.0,75.6,1200.0,3.0,400.0,0.6666666666666666,0,0
Super built-up Area,Mahadevpura,2.0,2.0,62.0,1532.0,2.0,766.0,1.0,1,1
Super built-up Area,Rajiv Nagar,2.0,1.0,93.0,1330.0,2.0,665.0,1.0,1,1
Plot Area,3rd Block Hrbr Layout,3.0,1.0,210.0,1200.0,4.0,300.0,0.75,1,0
Built-up Area,Sarjapur  Road,2.0,2.0,60.0,1530.0,3.0,510.0,0.6666666666666666,1,1
Super built-up Area,Kasavanhalli,2.0,2.0,42.0,1105.0,2.0,552.5,1.0,1,0
Plot Area,1st Phase JP Nagar,2.0,0.0,180.0,1566.0,2.0,783.0,1.0,1,0
Super built-up Area,Harlur,3.0,1.0,95.1,1630.0,3.0,543.3333333333334,1.0,0,1
Built-up Area,Brookefield,2.0,3.0,75.0,1595.0,3.0,531.6666666666666,0.6666666666666666,1,1
Super built-up Area,7th Phase JP Nagar,2.0,2.0,53.0,1000.0,2.0,500.0,1.0,1,1
Plot Area,"asha township, off hennur road",5.0,3.0,285.0,2400.0,5.0,480.0,1.0,0,0
Super built-up Area,Electronic City Phase II,2.0,1.0,28.88,1000.0,2.0,500.0,1.0,0,1
Plot Area,1A Block Koramangala,4.0,1.0,650.0,2360.0,4.0,590.0,1.0,1,0
Super built-up Area,Uttarahalli,2.0,3.0,95.0,1737.0,3.0,579.0,0.6666666666666666,1,0
Super built-up Area,Near International Airport,4.0,2.0,150.0,2100.0,4.0,525.0,1.0,1,0
Built-up Area,Hosakerehalli,6.0,1.0,145.0,3600.0,8.0,450.0,0.75,1,0
Built-up Area,Mysore Road,2.0,1.0,50.0,883.0,2.0,441.5,1.0,1,1
Super built-up Area,BTM Layout,2.0,3.0,75.0,1776.0,3.0,592.0,0.6666666666666666,1,1
Super built-up Area,Anjanapura,2.0,1.0,37.72,1347.0,3.0,449.0,0.6666666666666666,0,1
Super built-up Area,Whitefield,2.0,2.0,55.0,1330.0,3.0,443.3333333333333,0.6666666666666666,1,1
Plot Area,Sector 1 HSR Layout,2.0,1.0,120.0,600.0,2.0,300.0,1.0,1,0
Built-up Area,Rajaji Nagar,4.0,3.0,370.0,3730.0,4.0,932.5,1.0,1,0
Super built-up Area,Harlur,3.0,2.0,135.0,1459.0,3.0,486.3333333333333,1.0,1,1
Super built-up Area,Thanisandra,5.0,2.0,135.0,2259.0,4.0,564.75,1.25,0,1
Built-up Area,JP Nagar,4.0,1.0,160.0,2700.0,7.0,385.7142857142857,0.5714285714285714,1,0
Super built-up Area,Gubbalala,2.0,2.0,32.25,1008.0,2.0,504.0,1.0,1,0
Super built-up Area,NTI Layout,2.0,2.0,52.5,1200.0,2.0,600.0,1.0,1,1
Super built-up Area,Vasanth nagar,4.0,1.0,528.0,2328.0,4.0,582.0,1.0,0,1
Super built-up Area,Electronic City,1.0,1.0,15.5,660.0,2.0,330.0,0.5,1,1
Super built-up Area,Rajaji Nagar,2.0,2.0,250.0,1800.0,3.0,600.0,0.6666666666666666,1,1
Super built-up Area,Rajaji Nagar,4.0,3.0,550.0,3100.0,4.0,775.0,1.0,1,1
Super built-up Area,Yelahanka,2.0,0.0,50.58,1405.0,2.0,702.5,1.0,0,1
Super built-up Area,Yelahanka,1.0,1.0,26.0,602.0,1.0,602.0,1.0,0,1
Super built-up Area,JP Nagar,2.0,3.0,82.0,1500.0,3.0,500.0,0.6666666666666666,1,1
Built-up Area,Glass Factory Layout,3.0,2.0,60.0,1539.0,3.0,513.0,1.0,1,1
Super built-up Area,Judicial Layout,2.0,1.0,53.0,1100.0,3.0,366.6666666666667,0.6666666666666666,0,1
Super built-up Area,Raja Rajeshwari Nagar,2.0,1.0,49.0,1151.0,2.0,575.5,1.0,1,1
Super built-up Area,Dasappa Layout,2.0,1.0,46.0,920.0,2.0,460.0,1.0,1,0
Super built-up Area,Kathriguppe,3.0,3.0,78.3,1350.0,3.0,450.0,1.0,1,1
Super built-up Area,Bannerghatta Road,2.0,2.0,65.0,1200.0,2.0,600.0,1.0,1,1
Super built-up Area,Thanisandra,2.0,1.0,78.0,1265.0,2.0,632.5,1.0,1,0
Super built-up Area,Sarjapur  Road,3.0,2.0,93.5,1700.0,3.0,566.6666666666666,1.0,0,1
Built-up Area,Ramamurthy Nagar,3.0,0.0,75.0,1600.0,3.0,533.3333333333334,1.0,1,0
Built-up Area,4th T block Jayanagar,4.0,1.0,120.0,1550.0,4.0,387.5,1.0,1,0
Built-up Area,R.T. Nagar,3.0,3.0,125.0,1560.0,3.0,520.0,1.0,1,1
Plot Area,Raja Rajeshwari Nagar,4.0,1.0,160.0,1200.0,4.0,300.0,1.0,1,0
Super built-up Area,Sarjapur  Road,3.0,1.0,56.0,1403.0,3.0,467.6666666666667,1.0,1,1
Super built-up Area,Tumkur Road,3.0,1.0,94.0,1416.0,3.0,472.0,1.0,1,1
Super built-up Area,Kanakpura Road,2.0,2.0,68.0,1628.0,2.0,814.0,1.0,1,0
Plot Area,Chamrajpet,4.0,2.0,211.0,1660.4,4.0,415.1,1.0,1,0
Super built-up Area,7th Phase JP Nagar,3.0,2.0,125.0,1680.0,3.0,560.0,1.0,1,1
Super built-up Area,Doddathoguru,3.0,3.0,62.0,1595.0,3.0,531.6666666666666,1.0,1,1
Super built-up Area,Kanakpura Road,2.0,3.0,95.0,1507.0,3.0,502.3333333333333,0.6666666666666666,1,1
Super built-up Area,Frazer Town,3.0,,288.0,2560.0,3.0,853.3333333333334,1.0,1,1
Super built-up Area,Hennur Road,3.0,1.0,133.0,1949.0,3.0,649.6666666666666,1.0,1,1
Plot Area,BTM 2nd Stage,2.0,1.0,175.0,800.0,2.0,400.0,1.0,1,0
Built-up Area,Electronic City Phase II,2.0,1.0,28.88,1000.0,2.0,500.0,1.0,0,1
Super built-up Area,Sonam Layout,2.0,1.0,50.0,905.0,2.0,452.5,1.0,0,0
Super built-up Area,Hosakerehalli,3.0,2.0,245.0,2480.0,3.0,826.6666666666666,1.0,1,1
Super built-up Area,CR Layout,3.0,,200.0,1495.0,3.0,498.3333333333333,1.0,1,0
Super built-up Area,Kaikondrahalli,3.0,3.0,105.0,1605.0,3.0,535.0,1.0,1,0
Built-up Area,Bommanahalli,2.0,1.0,73.0,1290.0,2.0,645.0,1.0,1,0
Super built-up Area,Yelahanka,2.0,1.0,60.0,1100.0,2.0,550.0,1.0,1,1
Super built-up Area,Vishveshwarya Layout,6.0,0.0,92.0,2100.0,6.0,350.0,1.0,1,0
Super built-up Area,Electronics City Phase 1,2.0,1.0,49.8,995.0,2.0,497.5,1.0,1,0
Super built-up Area,Rajaji Nagar,4.0,3.0,598.0,3526.0,4.0,881.5,1.0,1,1
Super built-up Area,Gottigere,2.0,2.0,47.0,1425.0,3.0,475.0,0.6666666666666666,1,1
Super built-up Area,BTM 4th Stage,2.0,2.0,55.0,1455.0,3.0,485.0,0.6666666666666666,1,0
Super built-up Area,Jalahalli West,1.0,1.0,23.0,550.0,1.0,550.0,1.0,1,1
Plot Area,Vishveshwarya Layout,4.0,,210.0,7000.0,4.0,1750.0,1.0,1,0
Super built-up Area,Srinivasa Nagar,3.0,0.0,130.0,4000.0,5.0,800.0,0.6,1,0
Super built-up Area,Gollahalli,2.0,1.0,53.0,1060.0,2.0,530.0,1.0,0,0
Super built-up Area,AGS Layout,2.0,2.0,75.0,1080.0,3.0,360.0,0.6666666666666666,1,0
Built-up Area,HBR Layout,3.0,2.0,125.0,1783.0,3.0,594.3333333333334,1.0,1,1
Super built-up Area,Haralur Road,2.0,2.0,90.0,1520.0,3.0,506.6666666666667,0.6666666666666666,0,1
Super built-up Area,Sarjapur  Road,2.0,1.0,55.0,1060.0,2.0,530.0,1.0,1,1
Super built-up Area,Raja Rajeshwari Nagar,2.0,1.0,54.35,1267.0,2.0,633.5,1.0,1,1
Super built-up Area,Whitefield,2.0,2.0,55.0,1155.0,2.0,577.5,1.0,1,0
Built-up Area,Karuna Nagar,3.0,2.0,180.0,2500.0,3.0,833.3333333333334,1.0,1,1
Super built-up Area,Bannerghatta Road,2.0,1.0,65.0,1240.0,2.0,620.0,1.0,1,1
Super built-up Area,Gollahalli,3.0,2.0,78.0,1570.0,3.0,523.3333333333334,1.0,1,1
Super built-up Area,NGR Layout,2.0,1.0,45.9,1019.0,2.0,509.5,1.0,1,0
Super built-up Area,Whitefield,3.0,3.0,76.0,1355.0,2.0,677.5,1.5,1,1
Super built-up Area,Arekempanahalli,3.0,2.0,110.0,1537.0,3.0,512.3333333333334,1.0,1,0
Super built-up Area,Whitefield,5.0,3.0,226.0,4075.0,4.0,1018.75,1.25,1,1
Super built-up Area,Raja Rajeshwari Nagar,3.0,3.0,52.45,1550.0,3.0,516.6666666666666,1.0,1,1
Built-up Area,Raja Rajeshwari Nagar,2.0,1.0,50.0,1100.0,2.0,550.0,1.0,1,1
Super built-up Area,Devarabeesana Halli,3.0,2.0,150.0,1750.0,3.0,583.3333333333334,1.0,1,1
Super built-up Area,9th Phase JP Nagar,2.0,2.0,71.0,1466.0,2.0,733.0,1.0,0,1
Super built-up Area,Rachenahalli,3.0,2.0,72.5,1550.0,3.0,516.6666666666666,1.0,1,1
Super built-up Area,Akshaya Nagar,4.0,3.0,102.0,2300.0,3.0,766.6666666666666,1.3333333333333333,1,1
Super built-up Area,Kengeri,1.0,1.0,22.5,540.0,1.0,540.0,1.0,0,1
Plot Area,8th Phase JP Nagar,3.0,2.0,130.0,950.0,3.0,316.6666666666667,1.0,1,1
Built-up Area,Chamundi Nagar,7.0,1.0,250.0,2800.0,7.0,400.0,1.0,1,0
Super built-up Area,Silk Board,2.0,3.0,48.0,1020.0,2.0,510.0,1.0,1,0
Super built-up Area,Cunningham Road,3.0,2.0,501.0,2880.0,3.0,960.0,1.0,1,1
Super built-up Area,Hebbal,4.0,2.0,165.0,1987.0,3.0,662.3333333333334,1.3333333333333333,1,1
Super built-up Area,Hoodi,2.0,1.0,75.0,1305.0,2.0,652.5,1.0,1,1
Built-up Area,Sarjapur,3.0,1.0,125.0,2100.0,4.0,525.0,0.75,1,0
Built-up Area,Electronic City,2.0,1.0,32.5,1125.0,2.0,562.5,1.0,0,0
Super built-up Area,Horamavu Banaswadi,2.0,2.0,49.5,1225.0,2.0,612.5,1.0,1,0
Super built-up Area,Hennur,2.0,1.0,55.5,1255.0,2.0,627.5,1.0,1,0
Super built-up Area,MRCR Layout,2.0,1.0,90.0,1191.0,2.0,595.5,1.0,1,0
Plot Area,Uttarahalli,6.0,2.0,303.0,3600.0,6.0,600.0,1.0,1,0
Built-up Area,Electronic City,2.0,1.0,33.64,1165.0,2.0,582.5,1.0,0,0
Super built-up Area,Kacharakanahalli,2.0,1.0,35.11,865.0,2.0,432.5,1.0,0,0
Super built-up Area,Nagarbhavi,2.0,2.0,88.0,1850.0,3.0,616.6666666666666,0.6666666666666666,1,0
Super built-up Area,Hennur Road,2.0,2.0,89.0,1232.0,2.0,616.0,1.0,0,1
Super built-up Area,Thanisandra,3.0,3.0,85.73,1732.0,3.0,577.3333333333334,1.0,0,1
Super built-up Area,Yelahanka,2.0,1.0,100.0,1614.0,3.0,538.0,0.6666666666666666,1,1
Built-up Area,Magadi Road,1.0,1.0,22.0,600.0,2.0,300.0,0.5,1,1
Super built-up Area,Thigalarapalya,4.0,2.0,155.0,2072.0,3.0,690.6666666666666,1.3333333333333333,1,1
Super built-up Area,Electronic City,2.0,2.0,34.0,919.0,2.0,459.5,1.0,1,1
Built-up Area,Shettihalli,4.0,1.0,90.0,2100.0,4.0,525.0,1.0,1,0
Plot Area,Marsur,3.0,1.0,150.0,1200.0,3.0,400.0,1.0,1,1
Super built-up Area,OLd Gurappanapalya,5.0,,250.0,2849.0,4.0,712.25,1.25,1,1
Built-up Area,Doctors Layout,2.0,2.0,42.0,1000.0,2.0,500.0,1.0,1,1
Super built-up Area,Whitefield,2.0,1.0,75.0,1216.0,2.0,608.0,1.0,1,1
Super built-up Area,Lingadheeranahalli,4.0,2.0,154.0,2245.0,4.0,561.25,1.0,1,1
Super built-up Area,Bannerghatta Road,3.0,1.0,125.0,1476.0,3.0,492.0,1.0,0,1
Super built-up Area,Ambedkar Nagar,3.0,2.0,130.0,1852.0,3.0,617.3333333333334,1.0,1,1
Super built-up Area,Udaya Nagar,2.0,2.0,47.0,1225.0,2.0,612.5,1.0,0,0
Super built-up Area,Panathur,3.0,1.0,67.12,1597.0,3.0,532.3333333333334,1.0,1,1
Super built-up Area,Jakkur,4.0,3.0,160.0,2423.0,3.0,807.6666666666666,1.3333333333333333,0,1
Super built-up Area,Marathahalli,2.0,1.0,90.0,1152.0,2.0,576.0,1.0,0,1
Super built-up Area,Harlur,3.0,2.0,133.0,1762.0,3.0,587.3333333333334,1.0,1,0
Plot Area,Kammasandra,3.0,2.0,92.0,1400.0,3.0,466.6666666666667,1.0,1,1
Plot Area,New Thippasandra,6.0,3.0,400.0,2400.0,6.0,400.0,1.0,1,0
Super built-up Area,Raja Rajeshwari Nagar,2.0,2.0,40.17,1185.0,2.0,592.5,1.0,1,1
Super built-up Area,Yelahanka,3.0,2.0,108.0,1890.0,3.0,630.0,1.0,0,1
Super built-up Area,Varthur Road,2.0,2.0,58.0,1247.0,3.0,415.6666666666667,0.6666666666666666,1,0
Super built-up Area,Bellandur,2.0,2.0,59.99,1201.0,2.0,600.5,1.0,1,0
Built-up Area,Gunjur Palya,2.0,2.0,40.0,830.0,2.0,415.0,1.0,0,1
Built-up Area,Electronic City Phase II,2.0,1.0,30.29,1165.0,2.0,582.5,1.0,0,1
Super built-up Area,Bommanahalli,1.0,2.0,55.0,1100.0,2.0,550.0,0.5,1,1
Built-up Area,9th Phase JP Nagar,2.0,,93.0,1890.0,3.0,630.0,0.6666666666666666,1,1
Super built-up Area,Maithri Layout,3.0,2.0,60.0,1685.0,3.0,561.6666666666666,1.0,1,1
Super built-up Area,Sarakki Nagar,4.0,3.0,349.0,3131.0,4.0,782.75,1.0,1,1
Super built-up Area,Battarahalli,2.0,1.0,43.0,1165.0,2.0,582.5,1.0,1,0
Super built-up Area,Kachanayakanahalli,2.0,1.0,45.0,827.0,2.0,413.5,1.0,1,1
Plot Area,Uttarahalli,4.0,3.0,179.0,1200.0,4.0,300.0,1.0,1,0
Built-up Area,Electronics City Phase 1,1.0,0.0,26.0,635.0,1.0,635.0,1.0,1,1
Built-up Area,Whitefield,4.0,3.0,380.0,4000.0,4.0,1000.0,1.0,1,1
Super built-up Area,Vishwanatha Nagenahalli,2.0,1.0,50.0,1050.0,2.0,525.0,1.0,1,1
Super built-up Area,Jakkur,3.0,2.0,168.0,1819.18,3.0,606.3933333333333,1.0,0,0
Plot Area,Kanakapura,3.0,3.0,125.0,1500.0,3.0,500.0,1.0,1,0
Super built-up Area,Yelenahalli,2.0,2.0,57.0,1500.0,3.0,500.0,0.6666666666666666,1,0
Super built-up Area,Benson Town,4.0,3.0,470.0,2850.0,3.0,950.0,1.3333333333333333,1,1
Super built-up Area,Raja Rajeshwari Nagar,3.0,3.0,72.0,1751.0,3.0,583.6666666666666,1.0,1,1
Super built-up Area,Vasanth nagar,6.0,1.0,1102.0,4750.0,4.0,1187.5,1.5,0,1
Super built-up Area,Bommasandra,2.0,1.0,40.89,1020.0,2.0,510.0,1.0,0,1
Super built-up Area,Thanisandra,2.0,1.0,43.5,1148.0,2.0,574.0,1.0,1,1
Plot Area,2nd Block Hrbr Layout,3.0,,1100.0,4273.0,3.0,1424.3333333333333,1.0,1,0
Super built-up Area,B Narayanapura,2.0,1.0,49.27,1060.0,2.0,530.0,1.0,1,0
Built-up Area,Haralur Road,2.0,2.0,60.0,1300.0,2.0,650.0,1.0,1,0
Built-up Area,Hormavu,4.0,0.0,100.0,3000.0,4.0,750.0,1.0,1,0
Super built-up Area,Bellandur,2.0,2.0,65.0,1325.0,2.0,662.5,1.0,1,1
Super built-up Area,Sai Gardens,2.0,2.0,61.0,1261.0,2.0,630.5,1.0,1,1
Super built-up Area,Manayata Tech Park,2.0,2.0,46.0,1100.0,2.0,550.0,1.0,1,0
Built-up Area,Ramamurthy Nagar,2.0,1.0,33.0,700.0,2.0,350.0,1.0,1,0
Super built-up Area,7th Phase JP Nagar,2.0,2.0,135.0,1675.0,3.0,558.3333333333334,0.6666666666666666,1,1
Plot Area,Ullal Road,4.0,2.0,190.0,3400.0,4.0,850.0,1.0,1,0
Super built-up Area,Kodihalli,5.0,3.0,388.0,3260.0,4.0,815.0,1.25,0,1
Super built-up Area,Doddakammanahalli,2.0,2.0,56.0,1180.0,2.0,590.0,1.0,1,0
Built-up Area,Uttarahalli,2.0,2.0,45.0,1160.0,2.0,580.0,1.0,1,1
Super built-up Area,Kasavanhalli,3.0,2.0,105.0,1863.0,4.0,465.75,0.75,1,0
Super built-up Area,Sahakara Nagar,3.0,2.0,149.0,1914.0,3.0,638.0,1.0,1,1
Super built-up Area,BTM Layout,3.0,2.0,79.0,1458.0,3.0,486.0,1.0,1,1
Built-up Area,Babusapalaya,2.0,1.0,40.0,1105.0,2.0,552.5,1.0,1,0
Super built-up Area,Hulimavu,5.0,3.0,220.0,3035.0,3.0,1011.6666666666666,1.6666666666666667,1,1
Super built-up Area,Akshaya Nagar,3.0,,90.0,1662.0,3.0,554.0,1.0,1,1
Super built-up Area,Yelahanka,3.0,2.0,86.0,1556.0,3.0,518.6666666666666,1.0,1,1
Super built-up Area,Jigani,2.0,2.0,50.0,918.0,2.0,459.0,1.0,1,1
Super built-up Area,Sarjapur  Road,2.0,1.0,98.0,1455.0,3.0,485.0,0.6666666666666666,1,1
Super built-up Area,Jakkasandra Extension,2.0,1.0,70.0,1205.0,2.0,602.5,1.0,1,0
Super built-up Area,BEML Layout,2.0,1.0,65.0,1194.0,2.0,597.0,1.0,1,0
Plot Area,Laggere,2.0,0.0,75.0,1200.0,2.0,600.0,1.0,1,0
Built-up Area,Bannerghatta Road,2.0,2.0,52.0,1100.0,3.0,366.6666666666667,0.6666666666666666,1,1
Super built-up Area,Sarjapur  Road,3.0,2.0,48.87,1405.0,3.0,468.3333333333333,1.0,1,1
Super built-up Area,Subramanyapura,2.0,1.0,56.0,929.0,2.0,464.5,1.0,1,1
Built-up Area,Frazer Town,5.0,,341.0,3436.0,4.0,859.0,1.25,1,1
Super built-up Area,8th Phase JP Nagar,4.0,3.0,92.0,2100.0,4.0,525.0,1.0,1,0
Super built-up Area,Channasandra,2.0,1.0,40.47,1065.0,2.0,532.5,1.0,0,1
Super built-up Area,Bannerghatta Road,3.0,0.0,84.29,1532.5,3.0,510.8333333333333,1.0,0,1
Super built-up Area,Hormavu,2.0,1.0,32.78,1093.0,2.0,546.5,1.0,0,0
Built-up Area,Anandapura,2.0,2.0,45.0,1250.0,2.0,625.0,1.0,1,1
Super built-up Area,Marathahalli,3.0,3.0,105.0,1680.0,3.0,560.0,1.0,1,1
Super built-up Area,Nagarbhavi,2.0,1.0,50.0,1146.0,2.0,573.0,1.0,1,1
Super built-up Area,Jagajyothi layout,2.0,3.0,58.0,1250.0,2.0,625.0,1.0,0,0
Super built-up Area,Ramagondanahalli,3.0,1.0,60.44,1451.0,3.0,483.6666666666667,1.0,0,1
Super built-up Area,Nobo Nagar,2.0,3.0,55.0,1424.0,3.0,474.6666666666667,0.6666666666666666,1,1
Super built-up Area,Gottigere,2.0,3.0,62.0,1435.0,3.0,478.3333333333333,0.6666666666666666,1,1
Super built-up Area,Devanahalli,1.0,0.0,26.91,658.0,1.0,658.0,1.0,0,1
Super built-up Area,Bommanahalli,3.0,2.0,45.0,1300.0,3.0,433.3333333333333,1.0,0,0
Super built-up Area,Whitefield,2.0,2.0,65.0,1242.0,2.0,621.0,1.0,1,1
Super built-up Area,Marathahalli,3.0,3.0,119.0,1910.0,3.0,636.6666666666666,1.0,1,0
Super built-up Area,Yelahanka,4.0,2.0,85.0,1610.0,3.0,536.6666666666666,1.3333333333333333,1,1
Super built-up Area,Hulimavu,2.0,1.0,65.0,1127.0,2.0,563.5,1.0,1,1
Super built-up Area,Yelahanka,2.0,1.0,42.0,1075.0,3.0,358.3333333333333,0.6666666666666666,1,0
Super built-up Area,Mysore Road,2.0,1.0,51.0,1155.0,2.0,577.5,1.0,1,0
Super built-up Area,Krishna Reddy Layout,3.0,1.0,55.0,1250.0,3.0,416.6666666666667,1.0,1,1
Plot Area,Kuvempu Layout,4.0,2.0,160.0,2200.0,3.0,733.3333333333334,1.3333333333333333,0,1
Built-up Area,Billekahalli,3.0,1.0,150.0,2400.0,3.0,800.0,1.0,1,0
Super built-up Area,Chandapura,2.0,2.0,29.5,876.0,2.0,438.0,1.0,1,1
Super built-up Area,Nagarbhavi,2.0,2.0,89.0,1850.0,3.0,616.6666666666666,0.6666666666666666,1,0
Super built-up Area,Kadugodi,2.0,3.0,83.0,1314.0,2.0,657.0,1.0,0,1
Super built-up Area,Rachenahalli,1.0,1.0,39.8,690.0,1.0,690.0,1.0,0,1
Built-up Area,Electronic City Phase II,,,167.5,3550.0,4.0,887.5,,1,1
Built-up Area,Srirampura,2.0,3.0,55.0,1230.0,2.0,615.0,1.0,1,1
Super built-up Area,Bommasandra,2.0,1.0,37.2,920.0,2.0,460.0,1.0,0,1
Built-up Area,Sarjapur  Road,3.0,3.0,140.0,1850.0,3.0,616.6666666666666,1.0,1,1
Super built-up Area,Electronic City,2.0,2.0,60.0,1073.0,2.0,536.5,1.0,1,1
Super built-up Area,Maithri Layout,3.0,3.0,76.0,1540.0,3.0,513.3333333333334,1.0,1,1
Super built-up Area,Kanakpura Road,3.0,3.0,63.5,1550.0,3.0,516.6666666666666,1.0,1,1
Super built-up Area,Kalyan nagar,2.0,1.0,65.0,1198.0,2.0,599.0,1.0,1,1
Super built-up Area,HBR Layout,3.0,2.0,90.0,1656.0,3.0,552.0,1.0,1,1
Super built-up Area,Kaveri Nagar,3.0,3.0,155.0,1900.0,3.0,633.3333333333334,1.0,1,1
Built-up Area,Ramagondanahalli,3.0,2.0,142.0,1910.0,3.0,636.6666666666666,1.0,1,1
Super built-up Area,Mysore Road,2.0,1.0,43.0,1003.0,2.0,501.5,1.0,1,0
Built-up Area,Chickpet,2.0,0.0,48.0,1098.0,2.0,549.0,1.0,1,0
Super built-up Area,Whitefield,2.0,,67.0,1495.0,3.0,498.3333333333333,0.6666666666666666,1,1
Super built-up Area,Thanisandra,3.0,2.0,76.02,2172.0,3.0,724.0,1.0,0,1
Plot Area,Sarakki Nagar,4.0,2.0,358.0,2400.0,4.0,600.0,1.0,1,0
Plot Area,T G extension,1.0,2.0,95.0,1200.0,2.0,600.0,0.5,1,0
Super built-up Area,Whitefield,3.0,1.0,65.0,1548.0,3.0,516.0,1.0,1,1
Plot Area,2nd Block Koramangala,5.0,,972.0,5400.0,7.0,771.4285714285714,0.7142857142857143,0,0
Super built-up Area,Whitefield,5.0,0.0,154.5,2856.0,4.0,714.0,1.25,0,1
Super built-up Area,Hosur Road,3.0,1.0,103.0,1689.0,3.0,563.0,1.0,0,1
Super built-up Area,Electronic City Phase II,2.0,1.0,53.0,1031.0,2.0,515.5,1.0,1,0
Super built-up Area,Bhoganhalli,4.0,2.0,111.0,2119.0,4.0,529.75,1.0,0,1
Plot Area,Whitefield,2.0,2.0,46.13,1200.0,2.0,600.0,1.0,0,0
Super built-up Area,JCR Layout,2.0,2.0,37.0,1060.0,2.0,530.0,1.0,1,0
Super built-up Area,Devi Nagar,2.0,1.0,61.0,1100.0,2.0,550.0,1.0,1,1
Plot Area,GKW Layout,4.0,2.0,225.0,1350.0,4.0,337.5,1.0,1,0
Super built-up Area,Hennur Road,2.0,1.0,77.88,1250.0,3.0,416.6666666666667,0.6666666666666666,1,1
Super built-up Area,8th Block Jayanagar,2.0,2.0,110.0,1100.0,2.0,550.0,1.0,0,0
Plot Area,Whitefield,2.0,1.0,46.13,1200.0,2.0,600.0,1.0,0,0
Super built-up Area,Seegehalli,2.0,2.0,46.0,1420.0,3.0,473.3333333333333,0.6666666666666666,1,0
Super built-up Area,Electronic City,2.0,1.0,78.0,1500.0,3.0,500.0,0.6666666666666666,0,1
Built-up Area,OLd Gurappanapalya,3.0,1.0,155.0,1942.0,3.0,647.3333333333334,1.0,1,1
Super built-up Area,Haralur Road,3.0,2.0,130.0,1985.0,3.0,661.6666666666666,1.0,0,1
Super built-up Area,Sarjapur  Road,1.0,0.0,39.9,950.0,1.0,950.0,1.0,0,1
Plot Area,AMS Layout,4.0,2.0,80.0,1200.0,3.0,400.0,1.3333333333333333,1,0
Super built-up Area,Green Glen Layout,3.0,2.0,105.0,1752.0,3.0,584.0,1.0,1,1
Plot Area,Abbigere,3.0,2.0,120.0,1200.0,4.0,300.0,0.75,1,0
Super built-up Area,Old Madras Road,2.0,2.0,84.0,1480.0,3.0,493.3333333333333,0.6666666666666666,1,1
Super built-up Area,Sarjapur  Road,3.0,2.0,130.0,1826.0,3.0,608.6666666666666,1.0,1,1
Super built-up Area,8th Phase JP Nagar,2.0,1.0,39.33,1035.0,2.0,517.5,1.0,1,0
Built-up Area,Sarjapur  Road,4.0,,98.0,2600.0,4.0,650.0,1.0,1,1
Built-up Area,Kasavanhalli,3.0,2.0,92.0,1667.0,3.0,555.6666666666666,1.0,1,0
Super built-up Area,Thanisandra,2.0,2.0,55.0,934.0,2.0,467.0,1.0,1,1
Built-up Area,JP Nagar,3.0,1.0,69.34,909.872467,3.0,303.2908223333333,1.0,1,0
Super built-up Area,Mahadevpura,2.0,1.0,76.0,1620.0,3.0,540.0,0.6666666666666666,1,1
Super built-up Area,Electronic City,2.0,1.0,47.0,1070.0,2.0,535.0,1.0,0,1
Built-up Area,Hosur Road,5.0,3.0,180.0,3600.0,5.0,720.0,1.0,1,0
Super built-up Area,Uttarahalli,2.0,2.0,60.0,1280.0,3.0,426.6666666666667,0.6666666666666666,0,0
Super built-up Area,rr nagar,2.0,2.0,60.0,1400.0,2.0,700.0,1.0,1,0
Built-up Area,"Varthur Road,",2.0,1.0,64.0,1330.0,2.0,665.0,1.0,1,0
Super built-up Area,Electronic City Phase II,2.0,2.0,48.33,1611.0,3.0,537.0,0.6666666666666666,0,1
Super built-up Area,Whitefield,3.0,2.0,58.0,1405.0,3.0,468.3333333333333,1.0,1,1
Super built-up Area,VGP Layout,3.0,3.0,90.0,1515.0,3.0,505.0,1.0,1,1
Super built-up Area,Thigalarapalya,4.0,2.0,150.0,1830.0,3.0,610.0,1.3333333333333333,1,1
Built-up Area,Kaggadasapura,3.0,0.0,60.0,1710.0,3.0,570.0,1.0,1,1
Built-up Area,BTM Layout,2.0,1.0,51.5,935.0,2.0,467.5,1.0,1,1
Super built-up Area,Jakkur,3.0,2.0,136.0,2197.0,3.0,732.3333333333334,1.0,0,0
Super built-up Area,Yeshwanthpur,3.0,,92.13,1678.0,3.0,559.3333333333334,1.0,1,1
Built-up Area,Brookefield,2.0,0.0,80.0,1410.0,3.0,470.0,0.6666666666666666,1,1
Super built-up Area,Jakkur,2.0,2.0,65.0,1125.0,2.0,562.5,1.0,1,1
Super built-up Area,Magadi Road,2.0,1.0,55.38,1191.0,3.0,397.0,0.6666666666666666,1,1
Super built-up Area,Thubarahalli,2.0,2.0,79.0,1200.0,2.0,600.0,1.0,1,0
Super built-up Area,CV Raman Nagar,2.0,3.0,67.0,1525.0,3.0,508.3333333333333,0.6666666666666666,1,1
Super built-up Area,KUDLU MAIN ROAD,3.0,3.0,56.0,1464.0,3.0,488.0,1.0,1,0
Super built-up Area,Seegehalli,2.0,1.0,27.0,920.0,2.0,460.0,1.0,0,0
Built-up Area,Yelahanka,1.0,1.0,17.5,651.0,1.0,651.0,1.0,1,0
Super built-up Area,Chikkabanavar,1.0,2.0,25.0,600.0,2.0,300.0,0.5,1,1
Super built-up Area,Thanisandra,2.0,2.0,44.0,1185.0,2.0,592.5,1.0,1,1
Super built-up Area,Electronics City Phase 1,2.0,1.0,68.0,1190.0,2.0,595.0,1.0,0,1
Plot Area,Harohalli,2.0,0.0,200.0,91040.4,2.0,45520.2,1.0,1,0
Super built-up Area,Whitefield,5.0,0.0,158.5,2856.0,4.0,714.0,1.25,0,1
Super built-up Area,Whitefield,2.0,3.0,73.0,1355.0,2.0,677.5,1.0,1,1
Plot Area,KR Puram,1.0,0.0,65.0,1200.0,2.0,600.0,0.5,1,0
Plot Area,Kundalahalli,4.0,3.0,550.0,7000.0,4.0,1750.0,1.0,1,0
Super built-up Area,Yelahanka New Town,2.0,1.0,24.0,500.0,1.0,500.0,2.0,1,1
Super built-up Area,Bommasandra Industrial Area,3.0,3.0,50.0,1250.0,3.0,416.6666666666667,1.0,1,1
Built-up Area,Uttarahalli,2.0,1.0,58.0,1480.0,3.0,493.3333333333333,0.6666666666666666,1,0
Built-up Area,Ambalipura,4.0,2.0,329.0,3300.0,4.0,825.0,1.0,1,1
Super built-up Area,KR Puram,,,70.445,1583.0,3.0,527.6666666666666,,0,1
Super built-up Area,Green Woods Layout,2.0,1.0,53.0,1206.0,2.0,603.0,1.0,1,1
Super built-up Area,Rajaji Nagar,2.0,1.0,130.0,1357.0,2.0,678.5,1.0,0,1
Built-up Area,Hosakerehalli,2.0,1.0,46.5,925.0,2.0,462.5,1.0,1,0
Super built-up Area,8th Phase JP Nagar,2.0,1.0,40.9,909.0,2.0,454.5,1.0,1,1
Plot Area,Seegehalli,5.0,2.0,335.0,3000.0,3.0,1000.0,1.6666666666666667,1,1
Built-up Area,Brookefield,2.0,1.0,55.0,1100.0,2.0,550.0,1.0,1,1
Plot Area,Malleshwaram,5.0,2.0,815.0,3000.0,4.0,750.0,1.25,0,0
Super built-up Area,Raja Rajeshwari Nagar,2.0,2.0,44.17,1306.0,2.0,653.0,1.0,1,1
Plot Area,Roopena Agrahara,4.0,1.0,95.0,1200.0,4.0,300.0,1.0,1,0
Super built-up Area,Kalena Agrahara,1.0,1.0,39.0,610.0,1.0,610.0,1.0,1,1
Super built-up Area,Yelahanka,2.0,2.0,56.4,1484.0,3.0,494.6666666666667,0.6666666666666666,1,1
Super built-up Area,Ramamurthy Nagar,2.0,1.0,47.0,1125.0,2.0,562.5,1.0,0,1
Super built-up Area,Whitefield,5.0,1.0,158.0,2882.0,4.0,720.5,1.25,0,1
Super built-up Area,Kundalahalli,3.0,1.0,115.0,2075.0,3.0,691.6666666666666,1.0,1,0
Built-up Area,Stage-4 Bommanahalli,2.0,1.0,58.0,1250.0,2.0,625.0,1.0,1,1
Super built-up Area,Horamavu Banaswadi,2.0,2.0,51.5,1272.0,2.0,636.0,1.0,1,0
Super built-up Area,Venkateshpuram,2.0,1.0,24.0,625.0,2.0,312.5,1.0,0,0
Built-up Area,1st Phase JP Nagar,2.0,2.0,50.0,840.0,1.0,840.0,2.0,1,1
Super built-up Area,Hennur Road,4.0,2.0,180.0,2502.0,4.0,625.5,1.0,1,1
Super built-up Area,Rayasandra,1.0,1.0,26.9,583.0,1.0,583.0,1.0,1,1
Super built-up Area,Gunjur Palya,2.0,1.0,27.0,900.0,2.0,450.0,1.0,0,0
Built-up Area,Kanakapura,3.0,1.0,121.0,2200.0,3.0,733.3333333333334,1.0,0,0
Super built-up Area,Whitefield,1.0,1.0,51.0,750.0,1.0,750.0,1.0,0,1
Super built-up Area,Marathahalli,3.0,3.0,58.0,1600.0,3.0,533.3333333333334,1.0,1,1
Super built-up Area,Chikkalasandra,2.0,2.0,49.0,1365.0,3.0,455.0,0.6666666666666666,1,1
Built-up Area,"Judicial Layout, Kanakapura Road,",3.0,2.0,64.0,1300.0,3.0,433.3333333333333,1.0,0,0
Built-up Area,Kurubarahalli,1.0,0.0,69.0,1200.0,1.0,1200.0,1.0,1,0
Super built-up Area,Hormavu,2.0,2.0,35.0,1260.0,2.0,630.0,1.0,1,1
Super built-up Area,Electronics City Phase 1,2.0,2.0,33.92,1190.0,2.0,595.0,1.0,1,1
Super built-up Area,Hosakerehalli,4.0,1.0,260.0,2480.0,3.0,826.6666666666666,1.3333333333333333,1,1
Super built-up Area,Vishwapriya Layout,3.0,2.0,38.0,1250.0,3.0,416.6666666666667,1.0,0,0
Built-up Area,Kaggadasapura,3.0,0.0,75.0,1500.0,3.0,500.0,1.0,1,0
Super built-up Area,Banashankari Stage V,3.0,3.0,47.57,1510.0,3.0,503.3333333333333,1.0,1,1
Super built-up Area,7th Phase JP Nagar,2.0,1.0,59.0,1187.0,2.0,593.5,1.0,0,0
Super built-up Area,Kundalahalli,2.0,1.0,53.76,1120.0,2.0,560.0,1.0,1,1
Super built-up Area,Whitefield,2.0,0.0,34.555,1115.0,2.0,557.5,1.0,0,1
Super built-up Area,Dodsworth Layout,3.0,3.0,99.0,1717.0,3.0,572.3333333333334,1.0,1,1
Built-up Area,Mullur,3.0,,95.0,2099.0,3.0,699.6666666666666,1.0,1,1
Super built-up Area,Kasturi Nagar,2.0,2.0,58.0,1100.0,2.0,550.0,1.0,1,0
Plot Area,Hegganahalli,1.0,0.0,48.0,1200.0,1.0,1200.0,1.0,1,0
Built-up Area,Bannerghatta Road,2.0,1.0,45.87,1465.0,3.0,488.3333333333333,0.6666666666666666,1,1
Plot Area,Kothanur,1.0,0.0,75.0,1500.0,1.0,1500.0,1.0,1,0
Plot Area,Prashanth Nagar,4.0,1.0,600.0,4050.0,5.0,810.0,0.8,1,0
Super built-up Area,Haralur Road,2.0,1.0,90.0,1255.0,3.0,418.3333333333333,0.6666666666666666,1,1
Super built-up Area,5th Phase JP Nagar,2.0,3.0,88.0,1220.0,2.0,610.0,1.0,1,0
Built-up Area,Electronic City Phase II,2.0,1.0,30.88,1065.0,2.0,532.5,1.0,0,1
Built-up Area,Sultan Palaya,3.0,3.0,80.0,1765.0,3.0,588.3333333333334,1.0,1,0
Super built-up Area,Bellandur,2.0,2.0,87.0,1281.0,2.0,640.5,1.0,1,1
Super built-up Area,Electronic City,2.0,2.0,25.0,1210.0,2.0,605.0,1.0,1,1
Carpet Area,Kaggadasapura,2.0,3.0,43.0,1215.0,2.0,607.5,1.0,1,1
Plot Area,Ananth Nagar,3.0,1.0,87.0,1200.0,4.0,300.0,0.75,1,0
Super built-up Area,Mysore Road,2.0,2.0,73.0,1237.0,2.0,618.5,1.0,1,1
Super built-up Area,Lakshminarayana Pura,2.0,1.0,70.0,1300.0,2.0,650.0,1.0,1,1
Super built-up Area,Whitefield,2.0,2.0,39.99,1105.0,2.0,552.5,1.0,1,1
Super built-up Area,Chandapura,2.0,2.0,42.0,1505.0,3.0,501.6666666666667,0.6666666666666666,1,1
Super built-up Area,Hebbal Kempapura,5.0,,310.0,3900.0,4.0,975.0,1.25,1,1
Built-up Area,Banashankari,2.0,3.0,65.0,1186.0,2.0,593.0,1.0,1,1
Super built-up Area,Kengeri,2.0,1.0,35.5,750.0,2.0,375.0,1.0,1,1
Built-up Area,Varthur,2.0,2.0,28.0,1083.0,2.0,541.5,1.0,1,1
Built-up Area,Nagaraja Garden,2.0,1.0,78.65,1430.0,3.0,476.6666666666667,0.6666666666666666,1,0
Super built-up Area,Thanisandra,2.0,2.0,68.0,1056.0,2.0,528.0,1.0,1,1
Super built-up Area,VGP Layout,3.0,3.0,85.0,2108.0,3.0,702.6666666666666,1.0,1,1
Super built-up Area,Banashankari,3.0,2.0,101.0,1650.0,3.0,550.0,1.0,1,1
Built-up Area,Electronic City Phase II,3.0,1.0,36.6,1220.0,3.0,406.6666666666667,1.0,0,1
Super built-up Area,Rayasandra,2.0,1.0,54.0,1198.0,2.0,599.0,1.0,1,1
Super built-up Area,Ejipura,2.0,1.0,70.0,1190.0,2.0,595.0,1.0,1,1
Built-up Area,"Judicial Layout, Kanakapura Road,",2.0,1.0,41.0,900.0,2.0,450.0,1.0,0,0
Super built-up Area,J.P.nagar 6th Phase.Sarakki Nagar,4.0,2.0,185.0,2690.0,4.0,672.5,1.0,0,0
Built-up Area,Kanakapura,2.0,2.0,65.0,1340.0,2.0,670.0,1.0,1,0
Plot Area,Bommenahalli,3.0,2.0,2250.0,2940.0,4.0,735.0,0.75,0,1
Plot Area,Giri Nagar,6.0,1.0,400.0,2400.0,6.0,400.0,1.0,1,0
Super built-up Area,Yelahanka,2.0,2.0,59.2,1260.0,2.0,630.0,1.0,0,1
Super built-up Area,Talaghattapura,3.0,2.0,153.0,2254.0,3.0,751.3333333333334,1.0,0,1
Super built-up Area,Old Madras Road,5.0,1.0,210.0,2990.0,3.0,996.6666666666666,1.6666666666666667,1,1
Built-up Area,1st Block BEL Layout,5.0,1.0,250.0,1800.0,4.0,450.0,1.25,1,0
Built-up Area,JP Nagar,2.0,1.0,45.0,820.0,2.0,410.0,1.0,1,1
Super built-up Area,Electronic City,2.0,2.0,65.0,1296.0,2.0,648.0,1.0,1,1
Super built-up Area,Uttarahalli,2.0,1.0,53.55,1190.0,2.0,595.0,1.0,1,0
Super built-up Area,Whitefield,2.0,1.0,77.0,1173.0,2.0,586.5,1.0,0,1
Plot Area,Sarjapura - Attibele Road,3.0,2.0,90.0,1800.0,3.0,600.0,1.0,0,0
Built-up Area,Yelahanka,2.0,0.0,52.0,1102.0,2.0,551.0,1.0,1,1
Super built-up Area,Sarjapur,2.0,1.0,36.0,913.0,2.0,456.5,1.0,1,0
Super built-up Area,Hormavu,2.0,1.0,35.27,1176.0,3.0,392.0,0.6666666666666666,0,0
Built-up Area,Prithvi Layout,3.0,,65.0,1620.0,3.0,540.0,1.0,1,1
Super built-up Area,Billekahalli,3.0,,225.0,2968.0,3.0,989.3333333333334,1.0,1,1
Super built-up Area,Yelahanka,2.0,3.0,65.0,1519.0,2.0,759.5,1.0,0,1
Super built-up Area,Dodsworth Layout,3.0,2.0,99.0,1594.0,3.0,531.3333333333334,1.0,0,1
Super built-up Area,Kaverappa Layout,2.0,1.0,68.0,1250.0,2.0,625.0,1.0,1,1
Super built-up Area,Haralur Road,2.0,1.0,60.0,1056.0,2.0,528.0,1.0,1,1
Plot Area,Whitefield,3.0,1.0,68.4,1200.0,3.0,400.0,1.0,0,0
Plot Area,Kothnur Narayanapura,1.0,0.0,77.5,1290.0,2.0,645.0,0.5,1,0
Built-up Area,Amruthnagar,2.0,1.0,48.0,1150.0,2.0,575.0,1.0,1,0
Super built-up Area,Ambedkar Colony,2.0,1.0,145.0,1464.0,2.0,732.0,1.0,1,1
Plot Area,Anekal,2.0,1.0,36.0,1200.0,4.0,300.0,0.5,1,0
Built-up Area,Gollarapalya Hosahalli,2.0,0.0,36.5,861.0,2.0,430.5,1.0,1,1
Super built-up Area,Kundalahalli,2.0,1.0,82.62,1047.0,2.0,523.5,1.0,1,1
Plot Area,Lakshmipura,2.0,0.0,75.0,1200.0,2.0,600.0,1.0,1,0
Built-up Area,Hongasandra,2.0,1.0,45.0,1065.0,2.0,532.5,1.0,1,0
Built-up Area,Rajaji Nagar,3.0,3.0,369.0,2300.0,3.0,766.6666666666666,1.0,1,1
Super built-up Area,Ramamurthy Nagar,2.0,1.0,62.0,1000.0,2.0,500.0,1.0,1,1
Super built-up Area,Lingadheeranahalli,3.0,1.0,113.0,1682.0,3.0,560.6666666666666,1.0,1,1
Super built-up Area,Harlur,3.0,2.0,131.0,1756.0,3.0,585.3333333333334,1.0,1,0
Plot Area,BEL Road,4.0,2.0,1000.0,4000.0,5.0,800.0,0.8,1,0
Super built-up Area,Vittasandra,2.0,1.0,67.32,1238.0,2.0,619.0,1.0,1,0
Super built-up Area,Dasanapura,2.0,1.0,42.0,814.0,2.0,407.0,1.0,1,1
Built-up Area,Dodda Nekkundi,2.0,1.0,46.5,1145.0,2.0,572.5,1.0,1,1
Super built-up Area,Varthur,2.0,1.0,34.0,965.0,2.0,482.5,1.0,1,1
Super built-up Area,Doddabele,2.0,1.0,36.0,750.0,2.0,375.0,1.0,1,0
Built-up Area,Banashankari,2.0,2.0,55.0,1300.0,3.0,433.3333333333333,0.6666666666666666,1,1
Super built-up Area,1st Phase JP Nagar,3.0,3.0,131.0,1590.0,3.0,530.0,1.0,0,1
Super built-up Area,Begur Road,1.0,1.0,40.0,644.0,1.0,644.0,1.0,0,1
Super built-up Area,Whitefield,2.0,1.0,37.0,982.0,2.0,491.0,1.0,0,1
Super built-up Area,Indira Nagar,2.0,2.0,100.0,1260.0,2.0,630.0,1.0,1,0
Super built-up Area,Rayasandra,3.0,2.0,75.17,1555.0,3.0,518.3333333333334,1.0,1,1
Built-up Area,Race Course Road,4.0,1.0,450.0,2500.0,4.0,625.0,1.0,1,0
Super built-up Area,Kaggadasapura,2.0,2.0,48.0,1225.0,2.0,612.5,1.0,0,0
Super built-up Area,Electronics City Phase 1,2.0,1.0,46.0,1085.0,2.0,542.5,1.0,1,1
Super built-up Area,Rajaji Nagar,3.0,2.0,220.0,1640.0,3.0,546.6666666666666,1.0,1,1
Built-up Area,Thanisandra,3.0,1.0,110.0,1595.0,3.0,531.6666666666666,1.0,0,1
Super built-up Area,Raja Rajeshwari Nagar,2.0,2.0,40.44,1196.0,2.0,598.0,1.0,1,1
Super built-up Area,Yelahanka,3.0,1.0,108.0,1859.0,3.0,619.6666666666666,1.0,0,1
Super built-up Area,9th Phase JP Nagar,2.0,1.0,60.0,1079.0,2.0,539.5,1.0,0,1
Super built-up Area,Whitefield,2.0,1.0,42.0,1118.0,2.0,559.0,1.0,1,1
Super built-up Area,CV Raman Nagar,2.0,2.0,60.0,1198.0,2.0,599.0,1.0,1,1
Super built-up Area,Chandapura,,,30.215,1162.5,3.0,387.5,,0,1
Super built-up Area,Thigalarapalya,4.0,2.0,135.0,1830.0,3.0,610.0,1.3333333333333333,1,1
Super built-up Area,Banashankari Stage VI,2.0,1.0,59.0,1160.0,2.0,580.0,1.0,0,1
Super built-up Area,Srirampuram,2.0,1.0,156.0,1485.0,3.0,495.0,0.6666666666666666,1,0
Super built-up Area,Ejipura,3.0,3.0,135.0,2070.0,3.0,690.0,1.0,1,1
Built-up Area,Kannamangala,2.0,0.0,52.5,957.0,2.0,478.5,1.0,0,1
Plot Area,Basaveshwara Nagar,4.0,1.0,310.0,2400.0,5.0,480.0,0.8,1,0
Super built-up Area,Bannerghatta Road,2.0,1.0,69.0,1268.0,2.0,634.0,1.0,0,1
Super built-up Area,Bannerghatta Road,2.0,2.0,87.0,1450.0,3.0,483.3333333333333,0.6666666666666666,1,1
Built-up Area,Manorayana Palya,2.0,2.0,75.0,1600.0,3.0,533.3333333333334,0.6666666666666666,1,1
Super built-up Area,Uttarahalli,2.0,1.0,57.0,1330.0,3.0,443.3333333333333,0.6666666666666666,1,1
Super built-up Area,Jakkur,2.0,2.0,65.0,1355.0,3.0,451.6666666666667,0.6666666666666666,1,1
Super built-up Area,Abbaiah Reddy Layout,2.0,1.0,38.49,1100.0,2.0,550.0,1.0,1,1
Super built-up Area,Chikkalasandra,2.0,1.0,46.76,1075.0,2.0,537.5,1.0,1,0
Super built-up Area,Lingarajapuram,2.0,1.0,55.0,800.0,2.0,400.0,1.0,1,0
Built-up Area,Vasantha Vallabha Nagar,1.0,1.0,44.0,900.0,2.0,450.0,0.5,1,1
Super built-up Area,Haralur Road,2.0,1.0,42.0,1140.0,2.0,570.0,1.0,1,1
Super built-up Area,Ganga Nagar,2.0,2.0,125.0,1480.0,3.0,493.3333333333333,0.6666666666666666,1,0
Super built-up Area,Padmanabhanagar,2.0,2.0,90.63,1710.0,3.0,570.0,0.6666666666666666,0,0
Super built-up Area,Talaghattapura,3.0,3.0,148.0,2106.0,3.0,702.0,1.0,0,1
Plot Area,Sadahalli,2.0,,130.0,3800.0,3.0,1266.6666666666667,0.6666666666666666,1,1
Super built-up Area,Marathahalli,2.0,,104.0,1602.0,2.0,801.0,1.0,1,1
Super built-up Area,Sarjapur  Road,2.0,2.0,116.0,1660.0,3.0,553.3333333333334,0.6666666666666666,1,1
Super built-up Area,Electronic City Phase II,3.0,2.0,80.0,1549.0,3.0,516.3333333333334,1.0,1,1
Super built-up Area,Marathahalli,1.0,1.0,38.0,700.0,1.0,700.0,1.0,0,1
Super built-up Area,Balagere,2.0,1.0,64.0,1012.0,2.0,506.0,1.0,0,1
Super built-up Area,Whitefield,2.0,1.0,69.0,1216.0,2.0,608.0,1.0,0,1
Super built-up Area,Electronic City Phase II,2.0,1.0,56.13,1065.0,2.0,532.5,1.0,1,1
Super built-up Area,Thanisandra,3.0,1.0,93.15,1411.0,3.0,470.3333333333333,1.0,0,1
Super built-up Area,Pai Layout,2.0,2.0,57.5,1400.0,2.0,700.0,1.0,1,1
Super built-up Area,Hoskote,3.0,2.0,29.0,1250.0,3.0,416.6666666666667,1.0,1,1
Super built-up Area,Haralur Road,2.0,3.0,62.0,1245.0,2.0,622.5,1.0,1,0
Super built-up Area,Choodasandra,2.0,1.0,50.0,1115.0,2.0,557.5,1.0,1,1
Super built-up Area,Vidyaranyapura,2.0,1.0,35.0,1000.0,2.0,500.0,1.0,1,1
Super built-up Area,Panathur,3.0,0.0,71.89,1580.0,3.0,526.6666666666666,1.0,0,1
Super built-up Area,Subramanyapura,3.0,2.0,90.0,1800.0,3.0,600.0,1.0,1,1
Super built-up Area,Mathikere,2.0,2.0,130.0,1500.0,2.0,750.0,1.0,1,1
Super built-up Area,Kothannur,3.0,2.0,44.0,1275.0,3.0,425.0,1.0,0,0
Super built-up Area,Kasavanhalli,3.0,2.0,82.0,1494.0,3.0,498.0,1.0,1,1
Super built-up Area,Bhoganhalli,3.0,2.0,129.0,1949.0,3.0,649.6666666666666,1.0,1,1
Super built-up Area,BTM Layout,2.0,1.0,46.5,1020.0,2.0,510.0,1.0,1,1
Super built-up Area,Mysore Road,2.0,1.0,45.0,883.0,2.0,441.5,1.0,1,1
Built-up Area,Old Airport Road,4.0,,280.0,3200.0,4.0,800.0,1.0,1,0
Super built-up Area,Anand nagar,3.0,3.0,125.0,2010.0,3.0,670.0,1.0,1,0
Super built-up Area,Yeshwanthpur,2.0,2.0,80.0,1240.0,2.0,620.0,1.0,1,1
Super built-up Area,6th Phase JP Nagar,2.0,1.0,63.0,1213.0,2.0,606.5,1.0,1,0
Super built-up Area,Hegde Nagar,3.0,3.0,88.0,1835.0,3.0,611.6666666666666,1.0,1,1
Super built-up Area,Bannerghatta Road,5.0,,195.0,2932.0,4.0,733.0,1.25,1,1
Built-up Area,Whitefield,5.0,2.0,250.0,3425.0,4.0,856.25,1.25,1,0
Built-up Area,Gottigere,2.0,0.0,45.0,945.0,2.0,472.5,1.0,1,1
Super built-up Area,Sathya Layout,2.0,2.0,100.0,1504.0,3.0,501.3333333333333,0.6666666666666666,1,1
Super built-up Area,Lakshminarayana Pura,3.0,2.0,150.0,1569.0,3.0,523.0,1.0,1,1
Super built-up Area,Harlur,3.0,2.0,130.0,1755.0,3.0,585.0,1.0,1,1
Super built-up Area,Vijayanagar,3.0,,140.0,1760.0,3.0,586.6666666666666,1.0,1,1
Super built-up Area,Hoodi,2.0,3.0,43.94,1240.0,2.0,620.0,1.0,0,0
Super built-up Area,Electronics City Phase 1,3.0,2.0,72.54,1450.0,3.0,483.3333333333333,1.0,0,1
Super built-up Area,5th Phase JP Nagar,2.0,0.0,48.0,1000.0,2.0,500.0,1.0,1,1
Plot Area,Shivaji Nagar,1.0,1.0,306.0,3820.0,1.0,3820.0,1.0,1,0
Super built-up Area,Thyagaraja Nagar,4.0,2.0,145.0,2000.0,5.0,400.0,0.8,1,0
Super built-up Area,Choodasandra,2.0,2.0,59.0,1215.0,2.0,607.5,1.0,1,1
Plot Area,5 Bedroom Farm House in Lakshmipura,6.0,2.0,550.0,26136.0,5.0,5227.2,1.2,1,0
Super built-up Area,Yelachenahalli,3.0,3.0,73.5,1330.0,3.0,443.3333333333333,1.0,1,0
Super built-up Area,Raja Rajeshwari Nagar,2.0,1.0,75.0,1178.0,2.0,589.0,1.0,0,1
Plot Area,Hulimavu,4.0,3.0,192.0,1500.0,4.0,375.0,1.0,0,1
Super built-up Area,Shree Ananth Nagar Layout,2.0,2.0,59.0,2040.0,2.0,1020.0,1.0,1,1
Super built-up Area,Bellandur,3.0,2.0,85.0,2000.0,3.0,666.6666666666666,1.0,0,0
Super built-up Area,Shanti Nagar,2.0,1.0,165.0,1602.0,3.0,534.0,0.6666666666666666,0,1
Plot Area,2nd Stage Arekere Mico Layout,4.0,1.0,130.0,1200.0,4.0,300.0,1.0,1,0
Built-up Area,Jayamahal,3.0,1.0,220.0,1800.0,3.0,600.0,1.0,1,1
Plot Area,Dasarahalli,2.0,1.0,152.0,2400.0,3.0,800.0,0.6666666666666666,1,0
Super built-up Area,Sarjapur  Road,3.0,3.0,108.0,1700.0,3.0,566.6666666666666,1.0,1,1
Built-up Area,Jigani,3.0,2.0,65.0,1200.0,3.0,400.0,1.0,1,1
Plot Area,Veer Sandra,3.0,0.0,72.0,1500.0,3.0,500.0,1.0,1,1
Plot Area,Karuna Nagar,3.0,2.0,165.0,1240.0,3.0,413.3333333333333,1.0,1,1
Built-up Area,Whitefield,3.0,2.0,400.0,3000.0,3.0,1000.0,1.0,1,0
Built-up Area,Kanakpura Road,3.0,3.0,85.0,1737.0,3.0,579.0,1.0,1,0
Built-up Area,Chennappa Layout,2.0,1.0,48.0,1280.0,3.0,426.6666666666667,0.6666666666666666,1,1
Super built-up Area,CV Raman Nagar,2.0,2.0,85.0,1560.0,2.0,780.0,1.0,1,1
Super built-up Area,Kambipura,2.0,1.0,44.0,883.0,2.0,441.5,1.0,1,0
Super built-up Area,Kengeri Satellite Town,2.0,1.0,33.0,750.0,2.0,375.0,1.0,1,0
Super built-up Area,Brookefield,3.0,3.0,140.0,2400.0,4.0,600.0,0.75,1,1
Super built-up Area,Bhuvaneshwari Nagar,2.0,1.0,45.0,900.0,2.0,450.0,1.0,1,1
Super built-up Area,Hormavu,2.0,1.0,49.35,1030.0,2.0,515.0,1.0,1,0
Super built-up Area,7th Phase JP Nagar,3.0,2.0,155.0,1850.0,3.0,616.6666666666666,1.0,1,1
Built-up Area,Hennur Road,3.0,1.0,110.0,1831.0,3.0,610.3333333333334,1.0,1,1
Super built-up Area,Raja Rajeshwari Nagar 5th Stage,2.0,1.0,38.33,1095.0,2.0,547.5,1.0,1,0
Built-up Area,Electronic City Phase II,2.0,1.0,38.13,1320.0,3.0,440.0,0.6666666666666666,0,1
Super built-up Area,Sarjapur  Road,2.0,0.0,40.72,1272.5,3.0,424.1666666666667,0.6666666666666666,1,1
Built-up Area,7th Phase JP Nagar,2.0,1.0,61.0,1000.0,2.0,500.0,1.0,1,0
Super built-up Area,Budigere,3.0,2.0,85.4,1820.0,3.0,606.6666666666666,1.0,1,1
Super built-up Area,Bisuvanahalli,2.0,1.0,41.0,1075.0,3.0,358.3333333333333,0.6666666666666666,1,1
Plot Area,TC Palaya,3.0,0.0,83.0,1500.0,3.0,500.0,1.0,0,0
Super built-up Area,Electronics City Phase 1,1.0,0.0,16.9,360.0,1.0,360.0,1.0,1,0
Super built-up Area,Kadugodi,1.0,0.0,40.7,925.0,1.0,925.0,1.0,1,1
Super built-up Area,Electronic City,2.0,1.0,70.93,1140.0,2.0,570.0,1.0,0,1
Super built-up Area,Chennammana Kere,2.0,2.0,58.4,1145.0,2.0,572.5,1.0,0,0
Super built-up Area,RMV Extension Stage 2,3.0,3.0,120.0,1862.0,3.0,620.6666666666666,1.0,1,0
Super built-up Area,Devarachikkanahalli,2.0,2.0,43.0,947.0,2.0,473.5,1.0,1,0
Built-up Area,Langford Town,4.0,2.0,211.0,7502.4383,4.0,1875.609575,1.0,1,0
Super built-up Area,Kalena Agrahara,2.0,2.0,40.0,1120.0,2.0,560.0,1.0,1,0
Built-up Area,Sadanand Nagar,3.0,3.0,200.0,2700.0,3.0,900.0,1.0,1,0
Super built-up Area,Kaggadasapura,2.0,2.0,75.0,1805.0,3.0,601.6666666666666,0.6666666666666666,1,1
Super built-up Area,Basavangudi,2.0,3.0,93.0,1100.0,2.0,550.0,1.0,1,0
Plot Area,Bommenahalli,3.0,0.0,135.0,1355.0,4.0,338.75,0.75,1,1
Built-up Area,"Whietfield,",3.0,2.0,98.0,1677.0,3.0,559.0,1.0,0,0
Built-up Area,Hosapalya,8.0,3.0,95.0,2500.0,8.0,312.5,1.0,1,0
Super built-up Area,Uttarahalli,3.0,3.0,74.0,1560.0,3.0,520.0,1.0,1,0
Super built-up Area,Arekere,3.0,2.0,150.0,2060.0,3.0,686.6666666666666,1.0,1,0
Super built-up Area,Koramangala,2.0,0.0,115.0,1716.0,3.0,572.0,0.6666666666666666,1,1
Super built-up Area,Harlur,3.0,1.0,140.0,1864.0,3.0,621.3333333333334,1.0,1,0
Built-up Area,Electronics City Phase 1,1.0,1.0,32.0,638.0,1.0,638.0,1.0,1,0
Super built-up Area,Chandapura,2.0,1.0,30.0,937.0,2.0,468.5,1.0,0,1
Built-up Area,Hennur Gardens,2.0,1.0,115.0,1490.0,3.0,496.6666666666667,0.6666666666666666,1,1
Super built-up Area,Frazer Town,5.0,3.0,410.0,4856.0,4.0,1214.0,1.25,1,1
Plot Area,Whitefield,6.0,1.0,525.0,4003.0,4.0,1000.75,1.5,1,1
Super built-up Area,Whitefield,2.0,1.0,37.0,1100.0,2.0,550.0,1.0,0,1
Super built-up Area,Thigalarapalya,2.0,2.0,48.53,1000.0,2.0,500.0,1.0,1,1
Super built-up Area,Horamavu Agara,2.0,1.0,37.0,1060.0,2.0,530.0,1.0,1,0
Super built-up Area,Kundalahalli,2.0,1.0,91.0,1047.0,2.0,523.5,1.0,1,1
Built-up Area,Basaveshwara Nagar,2.0,2.0,80.0,1200.0,2.0,600.0,1.0,1,0
Super built-up Area,Akshaya Nagar,2.0,2.0,75.0,1420.0,3.0,473.3333333333333,0.6666666666666666,1,1
Super built-up Area,Sarjapur  Road,3.0,,85.0,1539.0,3.0,513.0,1.0,1,1
Super built-up Area,Tejaswini Nagar,3.0,1.0,59.0,1550.0,3.0,516.6666666666666,1.0,1,1
Super built-up Area,Kasavanhalli,3.0,3.0,82.0,1555.0,3.0,518.3333333333334,1.0,1,0
Super built-up Area,Seegehalli,3.0,3.0,68.0,1553.0,3.0,517.6666666666666,1.0,1,1
Super built-up Area,Electronic City Phase II,2.0,2.0,26.0,920.0,2.0,460.0,1.0,1,1
Super built-up Area,Jeevan bima nagar,3.0,3.0,120.0,1740.0,3.0,580.0,1.0,1,1
Super built-up Area,OMBR Layout,3.0,2.0,145.0,1855.0,3.0,618.3333333333334,1.0,1,0
Super built-up Area,Kundalahalli,3.0,1.0,146.0,1724.0,3.0,574.6666666666666,1.0,0,1
Super built-up Area,B Narayanapura,2.0,2.0,60.0,1020.0,2.0,510.0,1.0,1,1
Super built-up Area,Uttarahalli,2.0,1.0,50.0,1250.0,3.0,416.6666666666667,0.6666666666666666,1,0
Super built-up Area,Sanjay nagar,3.0,2.0,75.0,1450.0,3.0,483.3333333333333,1.0,1,0
Super built-up Area,Thubarahalli,2.0,2.0,80.0,1200.0,2.0,600.0,1.0,1,1
Built-up Area,Haralur Road,2.0,2.0,58.0,1140.0,2.0,570.0,1.0,1,1
Super built-up Area,Basava Nagar,1.0,1.0,16.0,550.0,1.0,550.0,1.0,1,1
Super built-up Area,Bannerghatta Road,3.0,1.0,44.0,1450.0,3.0,483.3333333333333,1.0,0,1
Super built-up Area,Kanakpura Road,2.0,1.0,35.07,700.0,2.0,350.0,1.0,0,1
Plot Area,Whitefield,3.0,1.0,56.0,1200.0,3.0,400.0,1.0,0,0
Super built-up Area,Yelahanka,2.0,1.0,45.0,1050.0,2.0,525.0,1.0,1,1
Super built-up Area,Somasundara Palya,3.0,3.0,69.0,1600.0,3.0,533.3333333333334,1.0,1,0
Super built-up Area,Bannerghatta Road,2.0,3.0,75.0,1625.0,3.0,541.6666666666666,0.6666666666666666,1,0
Super built-up Area,Volagerekallahalli,2.0,2.0,65.0,1492.0,2.0,746.0,1.0,1,1
Super built-up Area,Whitefield,5.0,0.0,157.5,2856.0,4.0,714.0,1.25,0,1
Super built-up Area,Sarjapur  Road,2.0,3.0,82.0,1489.0,3.0,496.3333333333333,0.6666666666666666,1,1
Super built-up Area,Kanakapura,2.0,2.0,62.38,1560.0,3.0,520.0,0.6666666666666666,1,0
Super built-up Area,Haralur Road,2.0,2.0,42.0,1140.0,2.0,570.0,1.0,1,1
Super built-up Area,Lavakusha Nagar,3.0,2.0,65.0,1431.0,3.0,477.0,1.0,1,1
Super built-up Area,Lingadheeranahalli,3.0,1.0,114.0,1682.0,3.0,560.6666666666666,1.0,1,1
Super built-up Area,Panathur,2.0,1.0,86.26,1198.0,2.0,599.0,1.0,0,1
Plot Area,Outer Ring Road East,3.0,2.0,325.0,3664.0,3.0,1221.3333333333333,1.0,0,1
Super built-up Area,Sarjapur  Road,2.0,2.0,69.75,1550.0,3.0,516.6666666666666,0.6666666666666666,1,1
Super built-up Area,Kodichikkanahalli,2.0,1.0,45.0,1026.0,2.0,513.0,1.0,1,0
Built-up Area,Hennur,2.0,2.0,52.0,1260.0,3.0,420.0,0.6666666666666666,1,0
Plot Area,Singanayakanahalli,2.0,0.0,42.0,690.0,2.0,345.0,1.0,1,0
Super built-up Area,Sarjapur  Road,1.0,1.0,45.0,539.0,1.0,539.0,1.0,1,1
Built-up Area,Sarakki Nagar,4.0,1.0,85.0,1200.0,4.0,300.0,1.0,1,0
Built-up Area,Attibele,3.0,3.0,120.0,2400.0,3.0,800.0,1.0,1,0
Super built-up Area,Thubarahalli,2.0,2.0,79.55,1200.0,2.0,600.0,1.0,1,1
Plot Area,Kundalahalli,5.0,2.0,350.0,2500.0,4.0,625.0,1.25,1,0
Super built-up Area,Sarjapur  Road,2.0,2.0,40.0,1186.0,3.0,395.3333333333333,0.6666666666666666,1,1
Super built-up Area,Thanisandra,2.0,2.0,39.5,1039.0,2.0,519.5,1.0,1,1
Plot Area,Mahalakshmi Puram,5.0,3.0,233.0,1500.0,4.0,375.0,1.25,1,0
Plot Area,Gottigere,4.0,1.0,100.0,1500.0,5.0,300.0,0.8,1,0
Super built-up Area,Malleshwaram,3.0,2.0,150.0,2520.0,3.0,840.0,1.0,1,1
Built-up Area,Brookefield,2.0,2.0,66.5,1225.0,2.0,612.5,1.0,1,1
Built-up Area,Bommanahalli,2.0,2.0,72.0,1350.0,2.0,675.0,1.0,1,1
Super built-up Area,Vittal Mallya Road,2.0,2.0,300.0,1030.0,2.0,515.0,1.0,1,1
Built-up Area,Whitefield,2.0,2.0,49.6,1550.0,3.0,516.6666666666666,0.6666666666666666,1,0
Super built-up Area,Hoodi,3.0,2.0,79.0,1490.0,3.0,496.6666666666667,1.0,1,0
Super built-up Area,Brindavan Nagar,3.0,2.0,111.0,1520.0,3.0,506.6666666666667,1.0,1,1
Plot Area,Whitefield,4.0,,550.0,4100.0,4.0,1025.0,1.0,1,1
Built-up Area,Dena Bank Colony,2.0,3.0,64.5,1391.0,3.0,463.6666666666667,0.6666666666666666,1,1
Super built-up Area,Rachenahalli,2.0,2.0,50.0,1200.0,2.0,600.0,1.0,1,1
Plot Area,Kadabagere,4.0,2.0,86.0,1200.0,4.0,300.0,1.0,1,0
Plot Area,1st Block HBR Layout,6.0,3.0,500.0,2500.0,5.0,500.0,1.2,1,0
Super built-up Area,Yelahanka,2.0,2.0,80.0,1322.0,2.0,661.0,1.0,1,1
Super built-up Area,Whitefield,3.0,2.0,128.0,2173.0,3.0,724.3333333333334,1.0,0,1
Super built-up Area,Sarjapur  Road,2.0,2.0,75.0,1200.0,2.0,600.0,1.0,1,1
Super built-up Area,Thubarahalli,2.0,2.0,47.0,1200.0,2.0,600.0,1.0,1,0
Super built-up Area,Mysore Road,2.0,2.0,65.0,1170.0,2.0,585.0,1.0,1,0
Super built-up Area,NRI Layout,2.0,2.0,45.56,1125.0,2.0,562.5,1.0,0,0
Super built-up Area,Devanahalli,1.0,0.0,28.57,698.5,1.0,698.5,1.0,0,1
Super built-up Area,Seetharampalya,2.0,2.0,90.0,1250.0,2.0,625.0,1.0,1,1
Super built-up Area,Chandapura,2.0,2.0,27.68,1025.0,2.0,512.5,1.0,0,1
Super built-up Area,Yelahanka,2.0,2.0,36.0,1075.0,3.0,358.3333333333333,0.6666666666666666,1,0
Super built-up Area,High grounds,2.0,2.0,190.0,1900.0,3.0,633.3333333333334,0.6666666666666666,1,0
Built-up Area,Whitefield,3.0,2.0,45.0,1435.0,3.0,478.3333333333333,1.0,1,1
Super built-up Area,Electronics City Phase 1,2.0,2.0,64.98,1175.0,2.0,587.5,1.0,0,1
Built-up Area,Doddabidrakallu,2.0,1.0,33.0,900.0,2.0,450.0,1.0,1,1
Super built-up Area,Electronics City Phase 1,1.0,1.0,21.0,585.0,1.0,585.0,1.0,1,0
Plot Area,Jigani,5.0,2.0,230.0,3170.0,4.0,792.5,1.25,1,1
Super built-up Area,Shanti Nagar,2.0,1.0,170.0,1602.0,3.0,534.0,0.6666666666666666,0,1
Super built-up Area,Thanisandra,2.0,2.0,42.0,1220.0,2.0,610.0,1.0,1,1
Super built-up Area,Rajaji Nagar,3.0,3.0,350.0,2500.0,3.0,833.3333333333334,1.0,1,1
Super built-up Area,Sarjapur  Road,3.0,3.0,180.0,2145.0,3.0,715.0,1.0,1,1
Super built-up Area,Bannerghatta Road,2.0,3.0,58.0,960.0,2.0,480.0,1.0,1,1
Super built-up Area,NGR Layout,1.0,1.0,38.0,907.0,1.0,907.0,1.0,1,1
Super built-up Area,Old Madras Road,2.0,1.0,74.0,1210.0,2.0,605.0,1.0,1,1
Super built-up Area,Jnana Ganga Nagar,2.0,2.0,70.0,1230.0,2.0,615.0,1.0,1,1
Super built-up Area,5th Phase JP Nagar,2.0,1.0,75.0,1350.0,3.0,450.0,0.6666666666666666,1,1
Super built-up Area,Kenchenahalli,2.0,2.0,58.0,1150.0,2.0,575.0,1.0,1,1
Super built-up Area,Sarjapur,2.0,0.0,53.35,1404.0,3.0,468.0,0.6666666666666666,0,1
Super built-up Area,OMBR Layout,2.0,3.0,48.0,1050.0,2.0,525.0,1.0,1,0
Super built-up Area,Yelahanka,2.0,2.0,56.0,1285.0,2.0,642.5,1.0,1,1
Super built-up Area,Hormavu,2.0,1.0,50.8,1018.0,2.0,509.0,1.0,1,1
Plot Area,Hoskote,3.0,2.0,57.0,1200.0,3.0,400.0,1.0,1,0
Super built-up Area,Ejipura,3.0,3.0,95.0,1600.0,3.0,533.3333333333334,1.0,1,1
Super built-up Area,9th Phase JP Nagar,2.0,1.0,80.0,1480.0,2.0,740.0,1.0,0,1
Built-up Area,Kodichikkanahalli,7.0,0.0,125.0,2500.0,5.0,500.0,1.4,1,0
Built-up Area,Kaval Byrasandra,1.0,1.0,25.0,480.0,1.0,480.0,1.0,1,0
Super built-up Area,Akshaya Nagar,3.0,3.0,53.0,1435.0,3.0,478.3333333333333,1.0,1,1
Built-up Area,Lingarajapuram,1.0,2.0,60.0,450.0,1.0,450.0,1.0,1,0
Super built-up Area,Austin Town,2.0,0.0,23.0,600.0,1.0,600.0,2.0,1,0
Super built-up Area,CV Raman Nagar,2.0,3.0,85.0,1590.0,3.0,530.0,0.6666666666666666,1,1
Built-up Area,Nagavara,2.0,0.0,40.2,936.0,2.0,468.0,1.0,1,0
Super built-up Area,Banashankari,2.0,1.0,75.0,1181.0,2.0,590.5,1.0,1,0
Super built-up Area,Kengeri,3.0,2.0,80.0,1741.0,3.0,580.3333333333334,1.0,0,1
Super built-up Area,JP Nagar,3.0,1.0,123.0,1750.0,3.0,583.3333333333334,1.0,0,1
Super built-up Area,Varthur Road,2.0,2.0,42.7,1050.0,2.0,525.0,1.0,1,0
Super built-up Area,Tumkur Road,2.0,1.0,60.0,1027.0,2.0,513.5,1.0,0,1
Built-up Area,Dollar Scheme Colony,6.0,0.0,310.0,3463.0,4.0,865.75,1.5,1,1
Built-up Area,Sector 2 HSR Layout,3.0,2.0,70.0,1600.0,3.0,533.3333333333334,1.0,1,0
Super built-up Area,Sahakara Nagar,2.0,1.0,60.0,1000.0,2.0,500.0,1.0,1,1
Super built-up Area,Varthur,2.0,2.0,44.24,1120.0,2.0,560.0,1.0,0,1
Plot Area,Jinkethimmanahalli,2.0,0.0,85.0,1200.0,2.0,600.0,1.0,1,0
Super built-up Area,Kothnoor Dinne,2.0,2.0,35.0,1200.0,2.0,600.0,1.0,0,0
Super built-up Area,Kasturi Nagar,3.0,2.0,110.0,1570.0,3.0,523.3333333333334,1.0,1,1
Super built-up Area,Koramangala,3.0,1.0,135.0,1500.0,3.0,500.0,1.0,1,1
Built-up Area,Frazer Town,2.0,2.0,140.0,1315.0,2.0,657.5,1.0,1,1
Super built-up Area,Electronic City Phase II,2.0,1.0,33.84,1140.0,2.0,570.0,1.0,0,1
Super built-up Area,Banashankari,2.0,2.0,90.0,1105.0,2.0,552.5,1.0,1,1
Built-up Area,Electronic City,2.0,1.0,34.65,1200.0,2.0,600.0,1.0,0,0
Super built-up Area,Whitefield,1.0,1.0,62.0,905.0,1.0,905.0,1.0,0,1
Plot Area,HSR Layout,4.0,0.0,350.0,2400.0,4.0,600.0,1.0,1,0
Super built-up Area,Kudlu Gate,2.0,1.0,50.0,1185.0,2.0,592.5,1.0,1,1
Super built-up Area,Koramangala,2.0,1.0,100.0,1083.0,2.0,541.5,1.0,1,0
Super built-up Area,Rayasandra,3.0,2.0,60.0,1458.0,3.0,486.0,1.0,1,1
Super built-up Area,Hormavu,3.0,2.0,75.0,1555.0,3.0,518.3333333333334,1.0,1,1
Built-up Area,Devi Nagar,2.0,2.0,45.0,1200.0,2.0,600.0,1.0,1,1
Super built-up Area,Sarjapur  Road,2.0,1.0,58.86,1308.0,2.0,654.0,1.0,1,1
Super built-up Area,Kudlu,2.0,2.0,44.0,1024.0,2.0,512.0,1.0,1,1
Super built-up Area,Kanakapura,3.0,1.0,75.0,1450.0,3.0,483.3333333333333,1.0,1,0
Super built-up Area,Seegehalli,3.0,3.0,120.0,1639.0,3.0,546.3333333333334,1.0,1,1
Super built-up Area,Hennur Road,2.0,1.0,87.0,1232.0,2.0,616.0,1.0,0,1
Super built-up Area,Kasavanhalli,3.0,1.0,184.0,1719.0,3.0,573.0,1.0,1,1
Super built-up Area,Chandapura,2.0,1.0,24.86,975.0,2.0,487.5,1.0,0,1
Super built-up Area,New Gurappana Palya,4.0,,130.0,2000.0,3.0,666.6666666666666,1.3333333333333333,1,0
Super built-up Area,Jakkur,2.0,1.0,79.0,1230.0,2.0,615.0,1.0,1,1
Plot Area,Guddadahalli,4.0,2.0,140.0,1350.0,4.0,337.5,1.0,1,0
Super built-up Area,KR Puram,2.0,2.0,67.0,1076.0,2.0,538.0,1.0,1,0
Built-up Area,Kumaraswami Layout,7.0,1.0,125.0,2400.0,7.0,342.85714285714283,1.0,1,0
Super built-up Area,Vasanthpura,2.0,2.0,34.82,995.0,3.0,331.6666666666667,0.6666666666666666,1,0
Super built-up Area,Kodigehaali,3.0,2.0,177.0,2120.0,3.0,706.6666666666666,1.0,1,1
Plot Area,Kasthuri Nagar East Of NGEF,7.0,,460.0,2400.0,6.0,400.0,1.1666666666666667,1,0
Super built-up Area,Electronic City,2.0,2.0,40.55,1096.0,2.0,548.0,1.0,1,1
Super built-up Area,Horamavu Agara,2.0,1.0,41.51,1107.83,2.0,553.915,1.0,1,1
Built-up Area,Chamrajpet,1.0,0.0,85.0,505.0,1.0,505.0,1.0,1,0
Super built-up Area,Sarjapur  Road,2.0,2.0,115.0,1320.0,2.0,660.0,1.0,1,1
Super built-up Area,8th Phase JP Nagar,3.0,0.0,72.02,1431.5,3.0,477.1666666666667,1.0,0,1
Super built-up Area,Whitefield,2.0,1.0,99.26,1320.0,2.0,660.0,1.0,0,1
Super built-up Area,Whitefield,4.0,2.0,190.0,2901.0,3.0,967.0,1.3333333333333333,1,1
Built-up Area,GM Palaya,2.0,2.0,65.0,1315.0,3.0,438.3333333333333,0.6666666666666666,1,1
Super built-up Area,VGP Layout,2.0,1.0,44.0,1000.0,2.0,500.0,1.0,1,1
Super built-up Area,Hosakerehalli,3.0,3.0,79.8,1596.0,3.0,532.0,1.0,1,1
Super built-up Area,Bannerghatta Road,3.0,,130.0,1750.0,3.0,583.3333333333334,1.0,1,1
Plot Area,Whitefield,4.0,2.0,270.0,2403.0,4.0,600.75,1.0,1,1
Super built-up Area,Old Madras Road,3.0,2.0,47.25,1350.0,3.0,450.0,1.0,0,1
Super built-up Area,Old Madras Road,,,341.0,4062.5,4.0,1015.625,,1,1
Super built-up Area,"TR Mill Road, Chamarajpet",2.0,2.0,79.0,1175.0,2.0,587.5,1.0,0,0
Super built-up Area,Talaghattapura,2.0,1.0,29.47,921.0,2.0,460.5,1.0,1,0
Built-up Area,Malleshwaram,4.0,2.0,1100.0,4000.0,4.0,1000.0,1.0,1,0
Super built-up Area,Sultan Palaya,3.0,3.0,125.0,1713.0,3.0,571.0,1.0,1,1
Built-up Area,Ittamadu,2.0,0.0,43.0,1200.0,2.0,600.0,1.0,1,1
Built-up Area,8th Phase JP Nagar,4.0,1.0,90.0,1900.0,3.0,633.3333333333334,1.3333333333333333,1,0
Super built-up Area,Kudlu Gate,3.0,2.0,68.0,1664.0,3.0,554.6666666666666,1.0,1,0
Super built-up Area,Binny Pete,3.0,2.0,139.0,1795.0,3.0,598.3333333333334,1.0,0,1
Built-up Area,Kereguddadahalli,1.0,1.0,19.5,600.0,1.0,600.0,1.0,1,1
Built-up Area,Hoodi,2.0,3.0,65.0,1240.0,2.0,620.0,1.0,1,0
Super built-up Area,Hegde Nagar,4.0,2.0,132.0,1965.0,3.0,655.0,1.3333333333333333,1,1
Plot Area,Sarjapur,4.0,1.0,370.0,4111.0,4.0,1027.75,1.0,1,0
Super built-up Area,Electronics City Phase 1,2.0,2.0,59.76,1200.0,2.0,600.0,1.0,0,1
Super built-up Area,Ganga Nagar,2.0,3.0,68.0,1112.0,2.0,556.0,1.0,1,0
Built-up Area,Raja Rajeshwari Nagar,3.0,2.0,60.0,3000.0,3.0,1000.0,1.0,1,0
Super built-up Area,Mahadevpura,2.0,3.0,64.5,1136.0,2.0,568.0,1.0,1,0
Super built-up Area,Jigani,2.0,2.0,55.0,914.0,2.0,457.0,1.0,1,1
Super built-up Area,Poorna Pragna Layout,2.0,1.0,50.79,1270.0,3.0,423.3333333333333,0.6666666666666666,1,0
Super built-up Area,Rachenahalli,2.0,2.0,47.25,1050.0,2.0,525.0,1.0,1,0
Super built-up Area,Marathahalli,2.0,2.0,68.5,1385.0,3.0,461.6666666666667,0.6666666666666666,1,0
Super built-up Area,Medahalli,2.0,3.0,35.0,990.0,2.0,495.0,1.0,1,0
Built-up Area,Yelahanka,2.0,2.0,43.0,845.0,2.0,422.5,1.0,1,0
Super built-up Area,Whitefield,2.0,1.0,96.51,1485.0,2.0,742.5,1.0,0,1
Super built-up Area,Kanakapura,2.0,3.0,43.79,1460.0,3.0,486.6666666666667,0.6666666666666666,1,1
Super built-up Area,Thanisandra,2.0,1.0,57.0,1450.0,2.0,725.0,1.0,1,1
Built-up Area,HSR Layout,2.0,1.0,53.0,1360.0,3.0,453.3333333333333,0.6666666666666666,1,1
Built-up Area,Singasandra,2.0,3.0,58.0,1375.0,2.0,687.5,1.0,1,0
Super built-up Area,Uttarahalli,2.0,1.0,48.0,1125.0,2.0,562.5,1.0,1,1
Super built-up Area,Banashankari,1.0,1.0,60.0,720.0,1.0,720.0,1.0,1,0
Super built-up Area,7th Phase JP Nagar,2.0,2.0,100.0,1460.0,3.0,486.6666666666667,0.6666666666666666,1,1
Built-up Area,Green View Layout,2.0,2.0,40.0,1107.0,2.0,553.5,1.0,1,1
Built-up Area,Maruthi Nagar,2.0,3.0,75.0,1158.0,2.0,579.0,1.0,1,0
Super built-up Area,Yelachenahalli,1.0,1.0,30.0,800.0,2.0,400.0,0.5,1,0
Super built-up Area,Bhoganhalli,3.0,2.0,128.0,1760.0,3.0,586.6666666666666,1.0,1,1
Plot Area,Nandi Hills,4.0,2.0,200.0,3200.0,4.0,800.0,1.0,1,0
Plot Area,HAL 2nd Stage,3.0,2.0,145.0,600.0,2.0,300.0,1.5,0,0
Built-up Area,TC Palaya,3.0,1.0,60.0,1350.0,3.0,450.0,1.0,1,0
Built-up Area,Huskur,2.0,1.0,32.49,1125.0,2.0,562.5,1.0,0,0
Super built-up Area,Frazer Town,3.0,3.0,154.0,1706.0,3.0,568.6666666666666,1.0,1,0
Super built-up Area,BTM Layout,3.0,2.0,112.0,1600.0,3.0,533.3333333333334,1.0,1,1
Super built-up Area,Ramesh Nagar,2.0,0.0,90.0,1200.0,2.0,600.0,1.0,1,0
Super built-up Area,Whitefield,3.0,3.0,101.0,1755.0,3.0,585.0,1.0,1,1
Super built-up Area,Hulimavu,2.0,1.0,50.0,1200.0,2.0,600.0,1.0,1,1
Super built-up Area,BEML Layout,2.0,2.0,67.0,1200.0,2.0,600.0,1.0,1,0
Super built-up Area,Chokkanahalli,2.0,0.0,69.0,1266.67,2.0,633.335,1.0,1,1
Super built-up Area,Kariyammana Agrahara,3.0,2.0,90.0,1800.0,3.0,600.0,1.0,1,0
Plot Area,Sector 7 HSR Layout,4.0,1.0,275.0,1200.0,3.0,400.0,1.3333333333333333,1,0
Super built-up Area,2nd Phase Judicial Layout,3.0,2.0,64.0,1300.0,3.0,433.3333333333333,1.0,0,0
Plot Area,Whitefield,5.0,2.0,550.0,4800.0,4.0,1200.0,1.25,1,1
Super built-up Area,Mysore Road,2.0,0.0,50.855,1029.5,2.0,514.75,1.0,0,1
Super built-up Area,Raja Rajeshwari Nagar,2.0,2.0,40.0,1128.0,2.0,564.0,1.0,1,1
Plot Area,NS Palya,2.0,1.0,160.0,2000.0,2.0,1000.0,1.0,1,0
Super built-up Area,Panathur,2.0,1.0,80.0,1210.0,2.0,605.0,1.0,0,0
Super built-up Area,Arekere,6.0,2.0,142.0,2710.0,4.0,677.5,1.5,0,1
Super built-up Area,Raja Rajeshwari Nagar,2.0,2.0,39.0,1151.0,2.0,575.5,1.0,1,1
Super built-up Area,Electronic City,2.0,2.0,27.0,1017.0,2.0,508.5,1.0,1,1
Built-up Area,Sarjapur  Road,2.0,1.0,40.0,920.0,2.0,460.0,1.0,1,1
Plot Area,HRBR Layout,3.0,1.0,180.0,1200.0,4.0,300.0,0.75,1,0
Super built-up Area,Munnekollal,3.0,3.0,86.5,1750.0,3.0,583.3333333333334,1.0,1,1
Built-up Area,Dasanapura,2.0,1.0,65.0,1163.0,2.0,581.5,1.0,1,1
Super built-up Area,7th Phase JP Nagar,3.0,3.0,110.0,1650.0,3.0,550.0,1.0,1,1
Super built-up Area,Kundalahalli Colony,3.0,3.0,95.0,1800.0,3.0,600.0,1.0,1,1
Super built-up Area,CV Raman Nagar,2.0,1.0,58.0,1100.0,2.0,550.0,1.0,1,1
Built-up Area,R.T. Nagar,2.0,2.0,60.0,1200.0,2.0,600.0,1.0,1,0
Super built-up Area,Ganga Nagar,3.0,2.0,65.0,1410.0,3.0,470.0,1.0,1,1
Super built-up Area,Begur Road,3.0,2.0,98.0,1933.0,3.0,644.3333333333334,1.0,0,0
Super built-up Area,Begur Road,2.0,2.0,45.6,1200.0,2.0,600.0,1.0,1,1
Super built-up Area,Whitefield,2.0,3.0,63.0,1608.0,3.0,536.0,0.6666666666666666,1,1
Plot Area,Jakkasandra Extension,5.0,2.0,280.0,2679.0,4.0,669.75,1.25,1,0
Super built-up Area,Horamavu Banaswadi,2.0,2.0,46.9,1156.0,2.0,578.0,1.0,1,0
Plot Area,T.C PALYA,2.0,0.0,75.0,1230.0,2.0,615.0,1.0,0,0
Super built-up Area,Kasavanhalli,1.0,1.0,43.82,770.0,1.0,770.0,1.0,1,1
Super built-up Area,Ardendale,3.0,2.0,105.0,1777.26,3.0,592.42,1.0,1,1
Super built-up Area,Kanakpura Road,2.0,2.0,85.0,1339.0,2.0,669.5,1.0,1,1
Built-up Area,Sarjapur  Road,3.0,2.0,183.0,3044.0,3.0,1014.6666666666666,1.0,0,0
Built-up Area,Chennappa Layout,2.0,2.0,44.8,1080.0,2.0,540.0,1.0,1,1
Carpet Area,Doddabommasandra,5.0,2.0,145.0,3150.0,8.0,393.75,0.625,1,0
Plot Area,Nagadevanahalli,2.0,2.0,135.0,2400.0,2.0,1200.0,1.0,1,0
Built-up Area,Hulimavu,3.0,3.0,72.0,1450.0,3.0,483.3333333333333,1.0,1,1
Super built-up Area,Kothanur,2.0,2.0,53.0,1075.0,2.0,537.5,1.0,0,0
Super built-up Area,Sarjapur  Road,2.0,2.0,62.0,1163.0,3.0,387.6666666666667,0.6666666666666666,1,1
Built-up Area,TC Palaya,2.0,0.0,65.0,1200.0,2.0,600.0,1.0,1,0
Plot Area,Marathahalli,4.0,,325.0,3090.0,4.0,772.5,1.0,1,0
Built-up Area,Hebbal,2.0,1.0,100.0,1299.0,2.0,649.5,1.0,1,1
Super built-up Area,HRBR Layout,2.0,2.0,75.0,1170.0,2.0,585.0,1.0,1,0
Super built-up Area,JP Nagar,,,152.0,2195.0,3.0,731.6666666666666,,0,1
Super built-up Area,Yelahanka,4.0,3.0,175.0,2600.0,4.0,650.0,1.0,1,1
Super built-up Area,KR Puram,2.0,1.0,43.32,1140.0,2.0,570.0,1.0,1,1
Super built-up Area,Kanakpura Road,3.0,3.0,125.0,1900.0,3.0,633.3333333333334,1.0,1,1
Built-up Area,Bommasandra Industrial Area,2.0,1.0,31.48,1090.0,2.0,545.0,1.0,0,0
Super built-up Area,Electronic City,2.0,1.0,39.95,1110.0,2.0,555.0,1.0,1,1
Super built-up Area,Nagavarapalya,1.0,1.0,57.0,705.0,1.0,705.0,1.0,0,1
Super built-up Area,HBR Layout,2.0,1.0,60.0,1089.0,2.0,544.5,1.0,1,1
Plot Area,tc.palya,2.0,1.0,48.0,880.0,2.0,440.0,1.0,1,0
Built-up Area,Kereguddadahalli,2.0,2.0,32.0,1080.0,2.0,540.0,1.0,1,1
Super built-up Area,Thanisandra,2.0,1.0,68.1,1093.0,2.0,546.5,1.0,0,1
Super built-up Area,Banashankari Stage III,3.0,1.0,75.48,1480.0,3.0,493.3333333333333,1.0,0,0
Super built-up Area,Hegde Nagar,3.0,2.0,125.0,1703.0,3.0,567.6666666666666,1.0,1,1
Super built-up Area,Hebbal,2.0,1.0,60.0,1200.0,2.0,600.0,1.0,1,1
Super built-up Area,Marathahalli,3.0,2.0,116.0,1690.0,3.0,563.3333333333334,1.0,1,1
Super built-up Area,Yelahanka,2.0,1.0,78.0,1305.0,2.0,652.5,1.0,1,1
Super built-up Area,Talaghattapura,2.0,2.0,40.22,1257.0,3.0,419.0,0.6666666666666666,0,0
Super built-up Area,Subash Nagar,2.0,2.0,45.0,1150.0,2.0,575.0,1.0,1,0
Super built-up Area,Stage-4 Bommanahalli,2.0,0.0,55.0,1194.0,2.0,597.0,1.0,1,1
Built-up Area,Chokkahalli,3.0,1.0,90.0,2000.0,3.0,666.6666666666666,1.0,1,0
Plot Area,Anekal,4.0,1.0,99.0,1500.0,3.0,500.0,1.3333333333333333,1,0
Built-up Area,Bellari Road,2.0,0.0,42.5,1025.0,2.0,512.5,1.0,1,0
Built-up Area,Horamavu Agara,2.0,1.0,38.19,980.0,2.0,490.0,1.0,1,0
Plot Area,Hosakerehalli,2.0,1.0,100.0,1200.0,3.0,400.0,0.6666666666666666,1,0
Super built-up Area,Whitefield,3.0,1.0,149.0,2225.0,3.0,741.6666666666666,1.0,1,1
Super built-up Area,Ashirvad Colony,2.0,2.0,57.0,1022.0,2.0,511.0,1.0,1,1
Built-up Area,Narayanapura,2.0,2.0,45.0,1153.0,2.0,576.5,1.0,1,1
Super built-up Area,Pai Layout,2.0,2.0,60.0,1175.0,2.0,587.5,1.0,1,0
Built-up Area,Vidyaranyapura,3.0,3.0,68.0,1560.0,3.0,520.0,1.0,1,1
Built-up Area,Yelahanka New Town,1.0,1.0,17.0,650.0,1.0,650.0,1.0,1,0
Super built-up Area,Billekahalli,3.0,2.0,55.0,1350.0,2.0,675.0,1.5,1,1
Plot Area,Akshya Nagar,2.0,1.0,76.0,1200.0,2.0,600.0,1.0,1,0
Super built-up Area,Telecom Layout,1.0,1.0,54.0,1200.0,2.0,600.0,0.5,1,0
Super built-up Area,Chandapura,2.0,1.0,25.0,800.0,2.0,400.0,1.0,1,1
Super built-up Area,Electronic City,4.0,1.0,104.0,2093.0,4.0,523.25,1.0,0,1
Super built-up Area,Uttarahalli,2.0,2.0,55.44,1320.0,3.0,440.0,0.6666666666666666,0,0
Super built-up Area,Bannerghatta Road,2.0,1.0,73.0,1275.0,2.0,637.5,1.0,1,1
Super built-up Area,Begur Road,2.0,2.0,43.13,1215.0,2.0,607.5,1.0,1,1
Super built-up Area,Begur Road,2.0,2.0,71.5,1444.0,3.0,481.3333333333333,0.6666666666666666,1,1
Super built-up Area,Vikram Nagar,2.0,2.0,38.0,950.0,2.0,475.0,1.0,1,1
Super built-up Area,Padmanabhanagar,1.0,,90.0,1000.0,2.0,500.0,0.5,1,0
Super built-up Area,Banashankari Stage II,2.0,2.0,59.52,1240.0,3.0,413.3333333333333,0.6666666666666666,1,0
Super built-up Area,Hennur,2.0,2.0,50.0,1231.0,2.0,615.5,1.0,1,1
Super built-up Area,Benson Town,2.0,1.0,120.0,1300.0,2.0,650.0,1.0,1,0
Super built-up Area,Yeshwanthpur,3.0,2.0,110.0,1713.0,3.0,571.0,1.0,0,1
Built-up Area,Sarjapur  Road,4.0,,158.0,3004.0,3.0,1001.3333333333334,1.3333333333333333,1,1
Built-up Area,Sonnenahalli,2.0,0.0,46.0,1310.0,3.0,436.6666666666667,0.6666666666666666,1,1
Super built-up Area,Jalahalli,2.0,1.0,49.5,790.0,2.0,395.0,1.0,1,1
Super built-up Area,Koramangala,3.0,1.0,200.0,1744.0,3.0,581.3333333333334,1.0,1,1
Super built-up Area,Amblipura,3.0,2.0,100.0,1605.0,3.0,535.0,1.0,1,0
Super built-up Area,Whitefield,2.0,2.0,82.0,1250.0,2.0,625.0,1.0,1,1
Super built-up Area,Malleshwaram,3.0,3.0,337.0,2476.0,3.0,825.3333333333334,1.0,1,1
Built-up Area,Subramanyapura,2.0,2.0,76.0,1260.0,3.0,420.0,0.6666666666666666,1,1
Super built-up Area,Rajaji Nagar,3.0,1.0,175.0,1615.0,3.0,538.3333333333334,1.0,0,1
Super built-up Area,Yelahanka,2.0,1.0,56.0,1180.0,2.0,590.0,1.0,1,0
Super built-up Area,Uttarahalli,2.0,2.0,50.19,1255.0,3.0,418.3333333333333,0.6666666666666666,1,0
Super built-up Area,Electronic City,2.0,1.0,53.9,1025.0,2.0,512.5,1.0,1,1
Super built-up Area,Sarjapur  Road,4.0,2.0,150.0,1877.0,3.0,625.6666666666666,1.3333333333333333,1,1
Built-up Area,Lakshminarayana Pura,3.0,2.0,150.0,1649.0,3.0,549.6666666666666,1.0,1,1
Built-up Area,Hennur,5.0,2.0,125.0,2500.0,5.0,500.0,1.0,1,0
Built-up Area,Doddakammanahalli,3.0,2.0,98.0,1542.0,3.0,514.0,1.0,1,0
Built-up Area,Sarvabhouma Nagar,2.0,0.0,42.0,1012.0,2.0,506.0,1.0,1,1
Plot Area,Chandapura,2.0,1.0,65.0,1200.0,2.0,600.0,1.0,1,0
Super built-up Area,Sarjapur  Road,2.0,2.0,43.0,1115.0,2.0,557.5,1.0,1,0
Super built-up Area,Green Glen Layout,4.0,3.0,95.0,1680.0,3.0,560.0,1.3333333333333333,1,1
Super built-up Area,Old Madras Road,2.0,2.0,72.0,1171.0,2.0,585.5,1.0,1,1
Super built-up Area,Tumkur Road,2.0,1.0,68.62,1027.0,2.0,513.5,1.0,1,1
Super built-up Area,Shampura,3.0,3.0,75.0,1700.0,3.0,566.6666666666666,1.0,1,0
Super built-up Area,Kanakapura,2.0,2.0,38.15,1090.0,2.0,545.0,1.0,1,1
Super built-up Area,Hennur Road,2.0,1.0,74.0,1232.0,2.0,616.0,1.0,0,1
Super built-up Area,Anekal,2.0,2.0,28.0,766.0,2.0,383.0,1.0,1,0
Super built-up Area,Kanakpura Road,1.0,1.0,27.0,525.0,1.0,525.0,1.0,0,1
Super built-up Area,Hosa Road,3.0,1.0,109.0,1535.0397790000002,3.0,511.6799263333334,1.0,0,1
Built-up Area,JP Nagar,2.0,1.0,41.0,1452.0,3.0,484.0,0.6666666666666666,1,0
Super built-up Area,Choodasandra,2.0,1.0,65.0,1254.0,3.0,418.0,0.6666666666666666,1,1
Built-up Area,MS Pallya,5.0,0.0,110.0,3600.0,5.0,720.0,1.0,1,0
Super built-up Area,Kanakpura Road,3.0,1.0,118.0,1593.0,3.0,531.0,1.0,0,1
Super built-up Area,ITI Layout,2.0,2.0,77.27,1333.0,2.0,666.5,1.0,1,1
Built-up Area,Herohalli,3.0,1.0,110.0,1100.0,3.0,366.6666666666667,1.0,1,0
Super built-up Area,Raja Rajeshwari Nagar,2.0,1.0,54.99,1375.0,3.0,458.3333333333333,0.6666666666666666,1,1
Super built-up Area,Ardendale,3.0,3.0,82.0,1650.0,3.0,550.0,1.0,1,1
Super built-up Area,Thanisandra,2.0,2.0,51.48,1430.0,3.0,476.6666666666667,0.6666666666666666,1,1
Built-up Area,Electronic City,2.0,1.0,54.0,940.0,2.0,470.0,1.0,1,1
Super built-up Area,Electronic City,1.0,1.0,21.0,435.0,1.0,435.0,1.0,1,1
Super built-up Area,Begur Road,2.0,2.0,36.54,1160.0,2.0,580.0,1.0,1,1
Super built-up Area,Electronic City,2.0,1.0,77.5,1500.0,3.0,500.0,0.6666666666666666,0,1
Super built-up Area,Koramangala,2.0,1.0,100.0,1890.0,3.0,630.0,0.6666666666666666,1,1
Built-up Area,Doopanahalli,2.0,1.0,70.0,1050.0,2.0,525.0,1.0,1,0
Super built-up Area,Haralur Road,2.0,2.0,43.0,1027.0,2.0,513.5,1.0,1,0
Super built-up Area,Whitefield,,,61.28,1495.0,3.0,498.3333333333333,,0,1
Plot Area,Seegehalli,4.0,2.0,235.0,3000.0,3.0,1000.0,1.3333333333333333,1,1
Super built-up Area,Tumkur Road,2.0,1.0,95.0,1459.0,3.0,486.3333333333333,0.6666666666666666,1,1
Super built-up Area,Yelahanka,3.0,3.0,85.61,1711.0,3.0,570.3333333333334,1.0,0,1
Super built-up Area,Hoodi,2.0,2.0,98.0,1250.0,2.0,625.0,1.0,0,1
Plot Area,Anandapura,2.0,1.0,57.0,875.0,2.0,437.5,1.0,1,0
Built-up Area,Ramamurthy Nagar,2.0,1.0,67.0,1334.0,2.0,667.0,1.0,0,0
Built-up Area,Huskur,2.0,1.0,32.92,1140.0,2.0,570.0,1.0,0,0
Plot Area,Amruthahalli,5.0,2.0,200.0,1200.0,3.0,400.0,1.6666666666666667,1,0
Super built-up Area,Rajaji Nagar,3.0,1.0,190.0,1776.0,3.0,592.0,1.0,0,1
Super built-up Area,Thigalarapalya,4.0,2.0,160.0,2072.0,3.0,690.6666666666666,1.3333333333333333,1,1
Plot Area,Kundalahalli,3.0,2.0,170.0,1600.0,3.0,533.3333333333334,1.0,1,1
Super built-up Area,Kengeri Satellite Town,2.0,3.0,39.0,920.0,2.0,460.0,1.0,1,1
Super built-up Area,Chandapura,2.0,0.0,25.29,778.0,2.0,389.0,1.0,0,1
Plot Area,Nagasandra,3.0,3.0,95.0,1310.0,4.0,327.5,0.75,1,0
Super built-up Area,Electronic City,3.0,2.0,80.0,1631.0,3.0,543.6666666666666,1.0,1,1
Super built-up Area,Kanakpura Road,1.0,1.0,27.5,525.0,1.0,525.0,1.0,0,1
Built-up Area,Jalahalli,3.0,3.0,82.0,1395.0,3.0,465.0,1.0,1,1
Super built-up Area,Devi Nagar,3.0,2.0,105.0,2000.0,3.0,666.6666666666666,1.0,1,1
Super built-up Area,Hennur Road,2.0,1.0,66.0,1232.0,2.0,616.0,1.0,0,1
Super built-up Area,Virupakshapura,2.0,1.0,55.0,1075.0,2.0,537.5,1.0,1,0
Super built-up Area,Gubbalala,2.0,2.0,70.0,1205.0,2.0,602.5,1.0,1,1
Plot Area,Muthyala Nagar,4.0,2.0,165.0,1200.0,4.0,300.0,1.0,1,0
Super built-up Area,Rayasandra,2.0,1.0,55.0,1179.0,3.0,393.0,0.6666666666666666,1,1
Super built-up Area,Kodigehaali,2.0,1.0,51.0,1013.0,2.0,506.5,1.0,1,1
Super built-up Area,Uttarahalli,2.0,2.0,40.6,1160.0,2.0,580.0,1.0,1,1
Plot Area,Thyagaraja Nagar,6.0,2.0,290.0,653400.0,8.0,81675.0,0.75,1,0
Super built-up Area,7th Phase JP Nagar,2.0,2.0,62.5,1200.0,2.0,600.0,1.0,1,1
Super built-up Area,Uttarahalli,2.0,3.0,50.19,1255.0,3.0,418.3333333333333,0.6666666666666666,1,0
Built-up Area,Richmond Town,2.0,1.0,145.0,1100.0,3.0,366.6666666666667,0.6666666666666666,1,0
Built-up Area,Samethanahalli,2.0,1.0,55.0,1069.0,2.0,534.5,1.0,1,1
Plot Area,Kyalasanahalli,3.0,2.0,99.0,1200.0,3.0,400.0,1.0,1,1
Super built-up Area,Kudlu Gate,1.0,1.0,285.0,1400.0,1.0,1400.0,1.0,1,0
Super built-up Area,Marathahalli,2.0,2.0,55.0,1065.0,2.0,532.5,1.0,1,1
Built-up Area,Lakshminarayana Pura,2.0,0.0,75.0,1395.0,2.0,697.5,1.0,1,1
Built-up Area,Hebbal Kempapura,2.0,1.0,165.0,1725.0,3.0,575.0,0.6666666666666666,1,1
Built-up Area,Coconut Grove Layout,2.0,2.0,43.0,1007.0,2.0,503.5,1.0,1,1
Built-up Area,Kengeri,2.0,2.0,55.0,1436.0,3.0,478.6666666666667,0.6666666666666666,1,0
Super built-up Area,Amrita Nagar,6.0,3.0,150.0,4250.0,6.0,708.3333333333334,1.0,1,0
Plot Area,Kengeri,2.0,0.0,58.0,1200.0,2.0,600.0,1.0,1,0
Super built-up Area,Mysore Road,2.0,1.0,43.61,940.0,2.0,470.0,1.0,0,1
Built-up Area,KR Puram,6.0,2.0,175.0,4300.0,6.0,716.6666666666666,1.0,1,0
Super built-up Area,Hebbal,5.0,3.0,343.0,2850.0,3.0,950.0,1.6666666666666667,0,1
Built-up Area,Indira Nagar,3.0,2.0,191.0,1740.0,3.0,580.0,1.0,1,0
Super built-up Area,Haralur Road,2.0,2.0,47.0,1194.0,2.0,597.0,1.0,0,0
Super built-up Area,Sadashiva Nagar,3.0,2.0,650.0,3761.0,3.0,1253.6666666666667,1.0,1,0
Super built-up Area,Dodda Nekkundi,3.0,2.0,125.0,1829.0,3.0,609.6666666666666,1.0,1,0
Plot Area,Whitefield,4.0,3.0,178.0,1800.0,4.0,450.0,1.0,1,0
Super built-up Area,Austin Town,2.0,1.0,60.0,1000.0,2.0,500.0,1.0,1,0
Built-up Area,Venkatapura,3.0,0.0,350.0,5720.0,3.0,1906.6666666666667,1.0,1,0
Super built-up Area,Kadabagere,1.0,1.0,15.0,675.0,2.0,337.5,0.5,1,1
Super built-up Area,Hebbal,2.0,2.0,95.0,1390.0,2.0,695.0,1.0,1,1
Super built-up Area,Lakshminarayana Pura,3.0,2.0,104.0,1500.0,3.0,500.0,1.0,1,1
Super built-up Area,Vijayanagar,3.0,2.0,136.0,2047.0,3.0,682.3333333333334,1.0,0,1
Super built-up Area,Jakkur,2.0,1.0,79.0,1202.0,2.0,601.0,1.0,1,1
Super built-up Area,Kodbisanhalli,2.0,1.0,59.0,1012.0,2.0,506.0,1.0,1,1
Super built-up Area,Gunjur,3.0,3.0,80.0,2132.0,3.0,710.6666666666666,1.0,1,1
Plot Area,Raja Rajeshwari Nagar,4.0,3.0,340.0,1350.0,4.0,337.5,1.0,1,0
Super built-up Area,Whitefield,1.0,1.0,40.0,605.0,1.0,605.0,1.0,1,0
Super built-up Area,Harlur,2.0,1.0,88.0,1331.0,2.0,665.5,1.0,1,1
Plot Area,Margondanahalli,2.0,0.0,69.0,1200.0,2.0,600.0,1.0,0,0
Built-up Area,Kumara Park,2.0,0.0,250.0,1150.0,2.0,575.0,1.0,1,0
Plot Area,Sahakara Nagar,2.0,1.0,136.0,1200.0,2.0,600.0,1.0,1,0
Built-up Area,Anand Nagar,2.0,0.0,300.0,1800.0,2.0,900.0,1.0,1,1
Super built-up Area,Akshaya Vana,2.0,2.0,49.0,1280.0,3.0,426.6666666666667,0.6666666666666666,1,1
Super built-up Area,Balagere,2.0,1.0,62.0,1007.0,2.0,503.5,1.0,1,1
Super built-up Area,Thanisandra,2.0,1.0,61.0,1370.0,3.0,456.6666666666667,0.6666666666666666,0,1
Super built-up Area,Kalkere,2.0,2.0,35.0,925.0,2.0,462.5,1.0,1,1
Super built-up Area,TC Palaya,2.0,0.0,75.0,1500.0,2.0,750.0,1.0,1,0
Built-up Area,Attibele,1.0,1.0,12.5,450.0,1.0,450.0,1.0,1,1
Built-up Area,Peenya,4.0,1.0,140.0,1200.0,4.0,300.0,1.0,1,0
Super built-up Area,Hennur Road,2.0,1.0,95.0,1341.0,2.0,670.5,1.0,0,1
Super built-up Area,2nd Phase Judicial Layout,2.0,2.0,47.25,1350.0,3.0,450.0,0.6666666666666666,1,0
Super built-up Area,Tumkur Road,2.0,1.0,60.0,992.0,2.0,496.0,1.0,1,1
Super built-up Area,Uttarahalli,2.0,2.0,68.0,1163.0,2.0,581.5,1.0,1,1
Super built-up Area,Sarjapur  Road,2.0,2.0,70.0,1229.0,2.0,614.5,1.0,1,1
Plot Area,Gowdanapalya,2.0,2.0,39.0,600.0,2.0,300.0,1.0,1,0
Super built-up Area,Electronic City Phase II,2.0,1.0,61.26,1219.0,2.0,609.5,1.0,1,1
Super built-up Area,Raja Rajeshwari Nagar,2.0,2.0,99.13,1525.0,3.0,508.3333333333333,0.6666666666666666,1,1
Super built-up Area,Kasavanhalli,2.0,1.0,60.0,1147.0,2.0,573.5,1.0,0,1
Super built-up Area,Akshaya Nagar,2.0,3.0,88.0,1412.0,3.0,470.6666666666667,0.6666666666666666,1,1
Super built-up Area,Sarjapur  Road,2.0,1.0,34.77,1044.0,2.0,522.0,1.0,0,0
Super built-up Area,Nagarbhavi,2.0,2.0,63.0,1190.0,2.0,595.0,1.0,1,1
Super built-up Area,Nagadevanahalli,2.0,2.0,65.0,1240.0,3.0,413.3333333333333,0.6666666666666666,1,0
Super built-up Area,Jigani,3.0,1.0,65.0,1352.0,3.0,450.6666666666667,1.0,1,1
Built-up Area,Ashwathnagar,2.0,2.0,55.0,1100.0,2.0,550.0,1.0,1,0
Super built-up Area,Uttarahalli,2.0,2.0,39.9,1330.0,3.0,443.3333333333333,0.6666666666666666,1,1
Super built-up Area,RR Layout,3.0,2.0,111.0,1700.0,3.0,566.6666666666666,1.0,0,0
Super built-up Area,Electronic City,2.0,1.0,67.0,1355.0,2.0,677.5,1.0,0,1
Super built-up Area,Ramamurthy Nagar,2.0,1.0,46.0,1200.0,2.0,600.0,1.0,0,1
Super built-up Area,Kengeri,2.0,1.0,25.0,400.0,1.0,400.0,2.0,1,0
Built-up Area,Sarjapur  Road,2.0,,70.0,1342.0,2.0,671.0,1.0,1,1
Super built-up Area,Begur Road,3.0,2.0,50.87,1615.0,3.0,538.3333333333334,1.0,1,1
Super built-up Area,Vinayaka Nagar,2.0,1.0,65.0,1340.0,2.0,670.0,1.0,1,0
Built-up Area,Yeshwanthpur,1.0,0.0,55.0,400.0,1.0,400.0,1.0,1,0
Super built-up Area,Devanahalli,2.0,1.0,52.0,1080.0,2.0,540.0,1.0,1,1
Super built-up Area,Gollahalli,2.0,1.0,31.0,1600.0,2.0,800.0,1.0,1,1
Super built-up Area,Electronic City,2.0,0.0,34.0,1200.0,2.0,600.0,1.0,1,1
Plot Area,Hennur Road,3.0,2.0,150.0,2700.0,3.0,900.0,1.0,0,0
Built-up Area,Billapura,3.0,0.0,110.0,1780.0,3.0,593.3333333333334,1.0,1,0
Built-up Area,Amruthahalli,3.0,2.0,65.0,1605.0,3.0,535.0,1.0,1,1
Super built-up Area,Ulsoor,5.0,2.0,1584.0,7200.0,4.0,1800.0,1.25,0,0
Super built-up Area,Kammanahalli,2.0,2.0,80.0,1200.0,2.0,600.0,1.0,1,1
Plot Area,Margondanahalli,2.0,0.0,49.0,900.0,2.0,450.0,1.0,1,0
Built-up Area,Sarjapur,3.0,1.0,88.0,1830.0,3.0,610.0,1.0,0,0
Built-up Area,Srirampuram,1.0,3.0,500.0,650.0,1.0,650.0,1.0,1,0
Plot Area,MS Pallya,4.0,1.0,68.0,1800.0,5.0,360.0,0.8,1,0
Super built-up Area,Chandapura,2.0,2.0,31.37,1230.0,3.0,410.0,0.6666666666666666,0,1
Super built-up Area,Uttarahalli,2.0,1.0,42.59,1065.0,2.0,532.5,1.0,1,0
Plot Area,Srinagar,3.0,2.0,149.0,1080.0,3.0,360.0,1.0,1,0
Built-up Area,KHB Colony Extension,2.0,0.0,65.0,900.0,3.0,300.0,0.6666666666666666,1,0
Super built-up Area,Devasthanagalu,2.0,2.0,45.0,946.0,2.0,473.0,1.0,1,1
Super built-up Area,Laggere,1.0,0.0,60.0,1500.0,1.0,1500.0,1.0,1,0
Super built-up Area,Sarjapur  Road,3.0,1.0,110.0,1711.0,3.0,570.3333333333334,1.0,0,1
Plot Area,Attur Layout,3.0,2.0,160.0,1200.0,4.0,300.0,0.75,1,0
Super built-up Area,Chandapura,2.0,1.0,25.65,950.0,2.0,475.0,1.0,0,1
Super built-up Area,Kudlu Gate,3.0,2.0,80.0,1656.0,3.0,552.0,1.0,1,1
Super built-up Area,Uttarahalli,2.0,1.0,46.76,1075.0,2.0,537.5,1.0,1,1
Super built-up Area,Harlur,3.0,2.0,133.0,1752.12,3.0,584.04,1.0,1,0
Plot Area,Hebbal,8.0,0.0,220.0,6000.0,8.0,750.0,1.0,1,0
Super built-up Area,Kaverappa Layout,3.0,3.0,85.0,1540.0,3.0,513.3333333333334,1.0,1,0
Super built-up Area,LB Shastri Nagar,1.0,2.0,32.0,665.0,1.0,665.0,1.0,1,1
Super built-up Area,Sector 2 HSR Layout,3.0,,110.0,1665.0,3.0,555.0,1.0,1,0
Super built-up Area,Electronics City Phase 1,2.0,1.0,54.0,1145.0,2.0,572.5,1.0,0,1
Super built-up Area,Whitefield,2.0,2.0,41.0,1185.0,2.0,592.5,1.0,0,1
Plot Area,2nd Phase JP Nagar,3.0,1.0,190.0,1200.0,3.0,400.0,1.0,1,0
Built-up Area,Marathahalli,3.0,2.0,125.0,1693.0,3.0,564.3333333333334,1.0,1,1
Super built-up Area,Dollars Layout,3.0,3.0,220.0,2456.0,3.0,818.6666666666666,1.0,1,1
Super built-up Area,Rajaji Nagar,3.0,2.0,403.0,2559.0,3.0,853.0,1.0,1,1
Super built-up Area,Uttarahalli,2.0,1.0,40.6,1155.0,2.0,577.5,1.0,1,1
Super built-up Area,Divya Unnathi Layout,2.0,2.0,64.4,1610.0,3.0,536.6666666666666,0.6666666666666666,0,0
Plot Area,Whitefield,3.0,2.0,56.58,1200.0,3.0,400.0,1.0,0,0
Plot Area,Anjana Nagar,2.0,1.0,185.0,1530.0,2.0,765.0,1.0,1,0
Built-up Area,EPIP Zone,3.0,1.0,80.0,1709.0,3.0,569.6666666666666,1.0,1,0
Plot Area,Brookefield,8.0,,290.0,2700.0,8.0,337.5,1.0,1,0
Plot Area,Subramanya Nagar,1.0,1.0,150.0,840.0,1.0,840.0,1.0,1,0
Super built-up Area,Gottigere,2.0,1.0,50.0,1400.0,3.0,466.6666666666667,0.6666666666666666,1,0
Super built-up Area,KR Puram,2.0,1.0,42.0,1200.0,2.0,600.0,1.0,1,1
Super built-up Area,Janatha Colony,3.0,1.0,57.23,1439.0,3.0,479.6666666666667,1.0,1,1
Super built-up Area,Kasavanhalli,2.0,2.0,72.0,1375.0,2.0,687.5,1.0,1,0
Plot Area,BTM 2nd Stage,5.0,3.0,416.0,2990.0,5.0,598.0,1.0,1,0
Super built-up Area,Vijayanagar,2.0,1.0,75.0,1200.0,3.0,400.0,0.6666666666666666,1,0
Built-up Area,Yelahanka,2.0,3.0,75.0,1315.0,2.0,657.5,1.0,1,1
Plot Area,Dommasandra,2.0,0.0,40.0,1500.0,2.0,750.0,1.0,0,0
Built-up Area,Yelahanka,6.0,1.0,200.0,3600.0,6.0,600.0,1.0,1,0
Super built-up Area,Vijayanagar,2.0,3.0,82.0,1178.0,2.0,589.0,1.0,1,1
Super built-up Area,Bannerghatta Road,3.0,2.0,59.0,1430.0,3.0,476.6666666666667,1.0,1,0
Super built-up Area,Mahadevpura,2.0,2.0,65.8,1400.0,3.0,466.6666666666667,0.6666666666666666,1,1
Super built-up Area,Thanisandra,2.0,2.0,72.0,1093.0,2.0,546.5,1.0,1,1
Super built-up Area,Horamavu Banaswadi,2.0,1.0,45.0,1200.0,2.0,600.0,1.0,1,1
Plot Area,Magadi Road,6.0,1.0,360.0,5000.0,5.0,1000.0,1.2,1,0
Built-up Area,1st Block Jayanagar,2.0,0.0,130.0,1200.0,3.0,400.0,0.6666666666666666,0,1
Built-up Area,Whitefield,3.0,2.0,156.0,2210.0,3.0,736.6666666666666,1.0,0,0
Super built-up Area,Uttarahalli,2.0,2.0,70.0,1150.0,2.0,575.0,1.0,1,1
Super built-up Area,Silk Board,2.0,1.0,60.0,1435.0,3.0,478.3333333333333,0.6666666666666666,1,0
Super built-up Area,Whitefield,2.0,1.0,78.2,1173.0,2.0,586.5,1.0,0,1
Super built-up Area,Thanisandra,2.0,1.0,39.0,1140.0,2.0,570.0,1.0,1,1
Super built-up Area,Jakkur Plantation,3.0,3.0,120.0,1717.0,3.0,572.3333333333334,1.0,1,1
Super built-up Area,Mallasandra,2.0,,65.0,1325.0,2.0,662.5,1.0,1,1
Built-up Area,Hoodi,3.0,2.0,67.0,1370.0,3.0,456.6666666666667,1.0,1,1
Super built-up Area,Electronics City Phase 1,2.0,1.0,90.0,1025.0,2.0,512.5,1.0,0,1
Super built-up Area,Doddakammanahalli,2.0,3.0,62.0,1409.0,3.0,469.6666666666667,0.6666666666666666,1,0
Super built-up Area,Bellandur,2.0,1.0,52.0,1200.0,2.0,600.0,1.0,1,1
Super built-up Area,Thanisandra,2.0,1.0,53.5,1200.0,2.0,600.0,1.0,1,1
Super built-up Area,Whitefield,4.0,3.0,130.0,1740.0,3.0,580.0,1.3333333333333333,0,1
Super built-up Area,Hennur Road,2.0,1.0,88.0,1232.0,2.0,616.0,1.0,0,1
Plot Area,Chandapura,2.0,1.0,36.0,1200.0,2.0,600.0,1.0,0,0
Super built-up Area,Whitefield,4.0,3.0,625.0,5924.0,4.0,1481.0,1.0,1,1
Super built-up Area,Veersandra,2.0,1.0,50.0,1250.0,2.0,625.0,1.0,1,1
Built-up Area,Munivenkatppa Layout,2.0,2.0,171.0,1475.0,2.0,737.5,1.0,1,1
Super built-up Area,Bommanahalli,4.0,2.0,85.0,2100.0,4.0,525.0,1.0,1,1
Super built-up Area,5th Phase JP Nagar,1.0,1.0,23.5,552.0,1.0,552.0,1.0,1,0
Super built-up Area,Uttarahalli,2.0,2.0,42.59,1065.0,3.0,355.0,0.6666666666666666,1,0
Plot Area,Hennur,3.0,1.0,130.0,1000.0,3.0,333.3333333333333,1.0,0,0
Plot Area,Lakshmipura,2.0,0.0,65.0,1225.0,2.0,612.5,1.0,1,0
Built-up Area,Harsha Layout,1.0,0.0,16.0,650.0,1.0,650.0,1.0,1,0
Super built-up Area,Padmanabhanagar,2.0,2.0,52.0,1067.0,2.0,533.5,1.0,1,1
Super built-up Area,Sarjapur,2.0,2.0,56.0,1364.0,3.0,454.6666666666667,0.6666666666666666,1,1
Super built-up Area,Tata Nagar,3.0,3.0,75.0,1750.0,3.0,583.3333333333334,1.0,1,0
Super built-up Area,Bannerghatta Road,2.0,1.0,71.0,1240.0,2.0,620.0,1.0,1,0
Plot Area,Hulimavu,2.0,0.0,75.0,1200.0,2.0,600.0,1.0,1,0
Super built-up Area,Kaggadasapura,3.0,,75.0,1540.0,3.0,513.3333333333334,1.0,1,0
Super built-up Area,Sathya Layout,2.0,2.0,102.0,1504.0,3.0,501.3333333333333,0.6666666666666666,1,1
Super built-up Area,New Thippasandra,2.0,1.0,49.8,1116.0,2.0,558.0,1.0,1,0
Super built-up Area,Hennur Road,4.0,2.0,175.0,2365.0,3.0,788.3333333333334,1.3333333333333333,1,1
Built-up Area,Sarjapura - Attibele Road,2.0,2.0,37.0,1308.0,2.0,654.0,1.0,1,0
Built-up Area,Vijayanagar,2.0,0.0,45.0,864.0,2.0,432.0,1.0,1,0
Super built-up Area,Hoskote,2.0,,38.0,1069.0,3.0,356.3333333333333,0.6666666666666666,1,1
Super built-up Area,Hebbal,2.0,1.0,100.0,1333.0,2.0,666.5,1.0,1,1
Super built-up Area,Chennammana Kere,4.0,1.0,145.0,1800.0,4.0,450.0,1.0,1,0
Plot Area,Devanahalli,4.0,,550.0,6136.0,4.0,1534.0,1.0,1,1
Super built-up Area,Thanisandra,3.0,2.0,107.0,1698.0,3.0,566.0,1.0,1,1
Super built-up Area,JP Nagar,2.0,2.0,43.6,1275.0,3.0,425.0,0.6666666666666666,0,0
Super built-up Area,Raja Rajeshwari Nagar,2.0,1.0,48.0,1060.0,2.0,530.0,1.0,1,1
Super built-up Area,Hennur,2.0,1.0,49.0,1160.0,2.0,580.0,1.0,1,0
Super built-up Area,Sarjapur  Road,2.0,,65.0,1484.0,3.0,494.6666666666667,0.6666666666666666,1,1
Plot Area,BEML Layout,5.0,,325.0,1200.0,3.0,400.0,1.6666666666666667,1,0
Super built-up Area,Hennur Road,2.0,1.0,66.0,1310.0,2.0,655.0,1.0,1,1
Plot Area,Vijayanagar,6.0,1.0,370.0,1806.0,6.0,301.0,1.0,1,0
Super built-up Area,Shanti Nagar,4.0,,240.0,3000.0,4.0,750.0,1.0,1,1
Super built-up Area,Varthur,3.0,2.0,165.0,2145.0,3.0,715.0,1.0,1,0
Super built-up Area,Marathahalli,3.0,1.0,125.0,1693.0,3.0,564.3333333333334,1.0,1,1
Super built-up Area,Jigani,3.0,3.0,60.0,1230.0,3.0,410.0,1.0,1,1
Plot Area,Devanahalli,3.0,1.0,145.0,1200.0,3.0,400.0,1.0,0,1
Built-up Area,Bommasandra Industrial Area,2.0,1.0,37.83,1310.0,3.0,436.6666666666667,0.6666666666666666,0,0
Super built-up Area,Tigalarpalya,2.0,1.0,60.0,1150.0,2.0,575.0,1.0,1,0
Super built-up Area,Munnekollal,2.0,2.0,66.5,1385.0,3.0,461.6666666666667,0.6666666666666666,0,1
Super built-up Area,Tumkur Road,2.0,2.0,52.5,1066.0,2.0,533.0,1.0,1,1
Super built-up Area,Thanisandra,3.0,2.0,80.26,2293.0,3.0,764.3333333333334,1.0,0,1
Carpet Area,2nd Block Bel Layout,3.0,3.0,92.0,1625.0,3.0,541.6666666666666,1.0,1,0
Plot Area,Vijayanagar,6.0,1.0,252.0,2100.0,4.0,525.0,1.5,1,0
Super built-up Area,sarjapura main road,4.0,3.0,250.0,2400.0,4.0,600.0,1.0,1,0
Plot Area,Raja Rajeshwari Nagar,6.0,,195.0,3900.0,6.0,650.0,1.0,1,0
Super built-up Area,7th Phase JP Nagar,2.0,1.0,70.65,1000.0,2.0,500.0,1.0,1,1
Super built-up Area,Nagavarapalya,2.0,2.0,38.0,907.0,2.0,453.5,1.0,1,1
Plot Area,Ulsoor,4.0,0.0,138.0,3500.0,4.0,875.0,1.0,1,0
Super built-up Area,Varthur,2.0,3.0,79.0,1395.0,3.0,465.0,0.6666666666666666,1,1
Super built-up Area,Kumbena Agrahara,2.0,2.0,50.0,1180.0,2.0,590.0,1.0,1,1
Plot Area,Banaswadi,6.0,2.0,140.0,1903.0,5.0,380.6,1.2,1,0
Super built-up Area,Electronic City,2.0,1.0,47.0,1175.0,2.0,587.5,1.0,0,0
Super built-up Area,Coconut Grove Layout,2.0,2.0,51.5,1272.0,2.0,636.0,1.0,1,0
Super built-up Area,Hiremath Layout,2.0,1.0,92.0,1490.0,3.0,496.6666666666667,0.6666666666666666,1,1
Super built-up Area,Yeshwanthpur,2.0,2.0,67.0,1144.0,2.0,572.0,1.0,1,1
Plot Area,Anekal - Hosur Road,5.0,,140.0,2400.0,4.0,600.0,1.25,0,0
Super built-up Area,Hormavu,2.0,1.0,53.0,1143.0,2.0,571.5,1.0,1,1
Plot Area,Karuna Nagar,3.0,2.0,190.0,2500.0,3.0,833.3333333333334,1.0,1,1
Super built-up Area,Nallurhalli,2.0,1.0,60.0,1044.0,2.0,522.0,1.0,0,1
Super built-up Area,Prithvi Layout,3.0,1.0,93.0,1352.0,2.0,676.0,1.5,1,1
Super built-up Area,Hennur Road,3.0,3.0,75.0,1552.0,3.0,517.3333333333334,1.0,1,0
Built-up Area,Bellandur,3.0,2.0,120.0,1785.0,3.0,595.0,1.0,1,1
Super built-up Area,Pai Layout,2.0,2.0,34.5,810.0,2.0,405.0,1.0,1,0
Super built-up Area,Banashankari Stage V,3.0,2.0,51.98,1650.0,3.0,550.0,1.0,0,1
Super built-up Area,Akshayanagara East,3.0,2.0,70.39,1595.0,3.0,531.6666666666666,1.0,1,0
Super built-up Area,Whitefield,2.0,1.0,35.0,1060.0,2.0,530.0,1.0,1,1
Super built-up Area,Babusapalaya,2.0,3.0,65.0,1410.0,3.0,470.0,0.6666666666666666,1,0
Super built-up Area,Nagarbhavi,2.0,2.0,56.0,1523.0,3.0,507.6666666666667,0.6666666666666666,1,1
Super built-up Area,Kanakpura Road,3.0,1.0,122.0,1591.0,3.0,530.3333333333334,1.0,0,1
Super built-up Area,Ashwath Nagar,3.0,3.0,84.0,1640.0,3.0,546.6666666666666,1.0,1,1
Built-up Area,Yelahanka New Town,1.0,0.0,16.0,450.0,1.0,450.0,1.0,1,1
Super built-up Area,Bannerghatta Road,2.0,2.0,60.0,1305.0,3.0,435.0,0.6666666666666666,1,1
Super built-up Area,Yelahanka,3.0,1.0,54.0,1590.0,3.0,530.0,1.0,1,0
Built-up Area,Kaggadasapura,2.0,3.0,45.0,1240.0,2.0,620.0,1.0,1,1
Super built-up Area,MCECHS  layout,2.0,2.0,54.0,1200.0,2.0,600.0,1.0,1,0
Super built-up Area,Dodda Nekkundi,2.0,1.0,41.16,1100.0,2.0,550.0,1.0,1,0
Super built-up Area,Koramangala,2.0,1.0,128.0,1180.0,2.0,590.0,1.0,1,1
Super built-up Area,Sarjapur  Road,2.0,1.0,50.0,1115.0,2.0,557.5,1.0,1,0
Super built-up Area,Bisuvanahalli,2.0,1.0,33.0,845.0,2.0,422.5,1.0,1,1
Super built-up Area,4th Block Jayanagar,2.0,0.0,190.0,1567.2,3.0,522.4,0.6666666666666666,1,0
Super built-up Area,Channasandra,2.0,2.0,45.0,1310.0,3.0,436.6666666666667,0.6666666666666666,1,1
Plot Area,Yelahanka,1.0,0.0,150.0,26136.0,1.0,26136.0,1.0,1,0
Built-up Area,Jyothi Nagar,2.0,1.0,42.5,959.0,2.0,479.5,1.0,1,0
Built-up Area,8th Phase JP Nagar,4.0,1.0,140.0,1200.0,4.0,300.0,1.0,1,0
Super built-up Area,Yelahanka,2.0,2.0,70.21,1390.0,2.0,695.0,1.0,0,1
Built-up Area,Hulimavu,2.0,3.0,46.0,1188.0,2.0,594.0,1.0,1,0
Super built-up Area,Kenchenahalli,2.0,2.0,69.0,1280.0,3.0,426.6666666666667,0.6666666666666666,1,1
Super built-up Area,Kasturi Nagar,2.0,0.0,58.0,1000.0,2.0,500.0,1.0,1,0
Super built-up Area,Marathahalli,2.0,2.0,57.9,1196.0,2.0,598.0,1.0,0,0
Super built-up Area,Sarjapur  Road,3.0,2.0,57.0,1220.0,3.0,406.6666666666667,1.0,1,0
Super built-up Area,Ambalipura,2.0,1.0,31.95,950.0,2.0,475.0,1.0,0,1
Super built-up Area,Akshaya Vana,2.0,1.0,55.0,1141.0,2.0,570.5,1.0,1,1
Super built-up Area,5th Phase JP Nagar,2.0,2.0,51.0,1200.0,2.0,600.0,1.0,1,1
Super built-up Area,Kasavanhalli,2.0,2.0,55.0,1380.0,3.0,460.0,0.6666666666666666,1,0
Super built-up Area,Doddathoguru,2.0,1.0,32.0,855.0,2.0,427.5,1.0,1,1
Super built-up Area,Chandapura,2.0,1.0,36.0,922.0,2.0,461.0,1.0,1,1
Built-up Area,Nagappa Reddy Layout,2.0,2.0,43.2,1200.0,2.0,600.0,1.0,1,0
Super built-up Area,Nagadevanahalli,2.0,2.0,65.0,1240.0,3.0,413.3333333333333,0.6666666666666666,1,1
Super built-up Area,7th Phase JP Nagar,2.0,2.0,42.0,1070.0,2.0,535.0,1.0,0,0
Super built-up Area,Rajiv Gandhi Nagar,2.0,2.0,75.0,1293.0,2.0,646.5,1.0,1,1
Built-up Area,R.T. Nagar,2.0,1.0,50.0,1380.0,3.0,460.0,0.6666666666666666,1,0
Super built-up Area,Yelahanka New Town,3.0,2.0,80.0,1599.0,3.0,533.0,1.0,1,1
Super built-up Area,Nehru Nagar,2.0,2.0,41.1,967.0,2.0,483.5,1.0,1,1
Super built-up Area,Silver Springs Layout,3.0,3.0,90.0,1885.0,3.0,628.3333333333334,1.0,1,1
Built-up Area,1st Block Koramangala,2.0,2.0,65.5,860.0,2.0,430.0,1.0,1,0
Plot Area,Yelahanka,1.0,0.0,19.5,1075.0,1.0,1075.0,1.0,1,0
Super built-up Area,Sarjapur  Road,2.0,1.0,63.5,1050.0,2.0,525.0,1.0,1,1
Super built-up Area,Marathahalli,3.0,2.0,88.0,1595.0,3.0,531.6666666666666,1.0,1,1
Super built-up Area,Sarjapur  Road,2.0,2.0,102.0,1350.0,2.0,675.0,1.0,1,1
Built-up Area,Hebbal,2.0,2.0,45.0,1204.0,2.0,602.0,1.0,1,1
Super built-up Area,Sarjapur  Road,4.0,,240.0,2990.0,4.0,747.5,1.0,1,1
Super built-up Area,Sarjapur  Road,2.0,2.0,49.0,1035.0,2.0,517.5,1.0,1,1
Super built-up Area,ITPL,2.0,1.0,29.95,1000.0,2.0,500.0,1.0,0,0
Super built-up Area,Sarjapur  Road,3.0,3.0,85.0,1457.0,3.0,485.6666666666667,1.0,1,1
Super built-up Area,Bannerghatta,2.0,1.0,66.0,1100.0,2.0,550.0,1.0,0,0
Super built-up Area,Whitefield,3.0,3.0,120.0,1655.0,3.0,551.6666666666666,1.0,0,1
Super built-up Area,Kanakpura Road,3.0,1.0,115.0,1691.2,3.0,563.7333333333333,1.0,1,0
Super built-up Area,Ramagondanahalli,2.0,1.0,46.1,1215.0,2.0,607.5,1.0,0,1
Super built-up Area,Kanakpura Road,2.0,0.0,50.125,1155.0,2.0,577.5,1.0,1,1
Super built-up Area,Hoodi,3.0,2.0,129.0,1639.0,3.0,546.3333333333334,1.0,0,1
Super built-up Area,Sarjapur  Road,3.0,1.0,135.0,1685.0,3.0,561.6666666666666,1.0,0,1
Super built-up Area,Hormavu,2.0,3.0,38.0,1100.0,2.0,550.0,1.0,1,1
Super built-up Area,Marathahalli,3.0,2.0,125.0,2122.0,3.0,707.3333333333334,1.0,0,1
Super built-up Area,Vasanthapura,2.0,2.0,47.0,1050.0,2.0,525.0,1.0,1,0
Built-up Area,Kengeri,2.0,2.0,45.0,1230.0,2.0,615.0,1.0,1,1
Super built-up Area,5th Phase JP Nagar,3.0,2.0,60.0,1240.0,3.0,413.3333333333333,1.0,1,0
Built-up Area,Electronic City Phase II,2.0,3.0,65.0,1252.0,3.0,417.3333333333333,0.6666666666666666,0,1
Super built-up Area,Canara Bank Colony,2.0,2.0,88.0,1374.0,3.0,458.0,0.6666666666666666,1,0
Super built-up Area,8th Phase JP Nagar,1.0,1.0,30.0,500.0,1.0,500.0,1.0,0,1
Super built-up Area,Banashankari,2.0,3.0,45.0,1040.0,2.0,520.0,1.0,1,0
Super built-up Area,Sarjapur  Road,2.0,2.0,68.0,1350.0,2.0,675.0,1.0,1,1
Super built-up Area,Whitefield,6.0,3.0,300.0,4003.0,4.0,1000.75,1.5,0,1
Super built-up Area,Hennur,3.0,,135.0,2400.0,3.0,800.0,1.0,1,1
Super built-up Area,Haralur Road,3.0,1.0,90.0,1560.0,3.0,520.0,1.0,1,1
Super built-up Area,Anandapura,2.0,1.0,43.16,1151.0,2.0,575.5,1.0,0,1
Super built-up Area,Uttarahalli,2.0,2.0,47.59,1360.0,3.0,453.3333333333333,0.6666666666666666,1,0
Super built-up Area,Crimson Layout,2.0,2.0,60.0,1250.0,2.0,625.0,1.0,1,1
Super built-up Area,Chandapura,2.0,2.0,29.97,1110.0,3.0,370.0,0.6666666666666666,0,1
Built-up Area,Hennur Road,2.0,2.0,50.0,1015.0,2.0,507.5,1.0,1,1
Super built-up Area,Kadugodi,2.0,2.0,78.0,1351.0,3.0,450.3333333333333,0.6666666666666666,1,1
Super built-up Area,Yelahanka New Town,2.0,2.0,50.0,960.0,2.0,480.0,1.0,1,1
Super built-up Area,Virat Nagar,2.0,2.0,52.0,1110.0,2.0,555.0,1.0,0,0
Built-up Area,R.T. Nagar,3.0,2.0,72.0,1680.0,3.0,560.0,1.0,1,1
Plot Area,Arekere,3.0,1.0,180.0,2400.0,3.0,800.0,1.0,1,1
Plot Area,Yemlur,5.0,3.0,2000.0,11000.0,4.0,2750.0,1.25,0,1
Built-up Area,Ramamurthy Nagar Extension,3.0,2.0,48.6,1350.0,3.0,450.0,1.0,0,1
Super built-up Area,Horamavu Banaswadi,2.0,2.0,47.0,1254.0,2.0,627.0,1.0,1,1
Super built-up Area,Haralur Road,3.0,2.0,115.0,1255.0,3.0,418.3333333333333,1.0,1,1
Super built-up Area,CV Raman Nagar,2.0,3.0,61.0,1051.0,2.0,525.5,1.0,1,1
Plot Area,"2nd phase jp nagar, jp nagar",3.0,1.0,205.0,1200.0,3.0,400.0,1.0,1,0
Built-up Area,Uttarahalli,2.0,2.0,65.0,1099.0,2.0,549.5,1.0,1,1
Super built-up Area,Hebbal,4.0,3.0,199.0,2650.0,3.0,883.3333333333334,1.3333333333333333,1,1
Built-up Area,Mathikere Extension,2.0,1.0,160.0,2000.0,4.0,500.0,0.5,0,0
Super built-up Area,Yeshwanthpur,2.0,2.0,130.0,1541.0,2.0,770.5,1.0,1,1
Plot Area,Sarjapur  Road,3.0,2.0,70.0,1200.0,3.0,400.0,1.0,0,1
Built-up Area,Whitefield,2.0,2.0,45.0,1125.0,2.0,562.5,1.0,1,1
Super built-up Area,Vittasandra,3.0,2.0,85.0,1650.0,3.0,550.0,1.0,1,1
Super built-up Area,Ashwini layout,1.0,1.0,62.0,834.0,1.0,834.0,1.0,1,1
Super built-up Area,Gollarapalya Hosahalli,3.0,2.0,60.0,1320.0,3.0,440.0,1.0,1,1
Plot Area,Malleshpalya,3.0,1.0,149.0,1200.0,3.0,400.0,1.0,1,0
Super built-up Area,Mysore Road,3.0,2.0,74.0,1500.0,3.0,500.0,1.0,0,1
Plot Area,Whitefield,5.0,2.0,500.0,4400.0,4.0,1100.0,1.25,1,1
Plot Area,Kanakpura Road,1.0,0.0,125.0,87120.0,1.0,87120.0,1.0,1,0
Plot Area,Moodalapalya,1.0,0.0,52.0,600.0,1.0,600.0,1.0,1,0
Super built-up Area,Whitefield,2.0,2.0,70.0,1180.0,2.0,590.0,1.0,1,1
Super built-up Area,Kadugodi,2.0,1.0,50.0,1010.0,2.0,505.0,1.0,1,1
Super built-up Area,Channasandra,2.0,1.0,38.0,1070.0,2.0,535.0,1.0,1,0
Super built-up Area,Choodasandra,3.0,3.0,105.0,1580.0,3.0,526.6666666666666,1.0,1,0
Plot Area,BEML Layout 5th Stage,5.0,,325.0,1200.0,4.0,300.0,1.25,1,0
Super built-up Area,Green Glen Layout,3.0,,165.0,2000.0,3.0,666.6666666666666,1.0,1,0
Super built-up Area,Iblur Village,3.0,2.0,130.0,1920.0,3.0,640.0,1.0,1,1
Super built-up Area,Sanjay nagar,2.0,1.0,76.0,1200.0,3.0,400.0,0.6666666666666666,1,0
Built-up Area,Kalena Agrahara,2.0,2.0,45.0,1040.0,2.0,520.0,1.0,1,1
Super built-up Area,Hulimavu,2.0,2.0,90.0,1430.0,3.0,476.6666666666667,0.6666666666666666,1,1
Super built-up Area,Uttarahalli,2.0,2.0,52.85,1215.0,3.0,405.0,0.6666666666666666,1,0
Super built-up Area,Domlur,1.0,1.0,70.0,650.0,1.0,650.0,1.0,1,1
Super built-up Area,Thanisandra,3.0,1.0,105.0,1564.0,3.0,521.3333333333334,1.0,1,1
Built-up Area,Hormavu,2.0,0.0,58.0,750.0,2.0,375.0,1.0,1,0
Super built-up Area,Kasavanhalli,2.0,2.0,60.0,1200.0,2.0,600.0,1.0,1,0
Super built-up Area,Begur Road,2.0,2.0,44.4,1200.0,2.0,600.0,1.0,1,1
Super built-up Area,Cholanayakanahalli,4.0,1.0,135.0,2000.0,4.0,500.0,1.0,1,0
Super built-up Area,Jakkur Plantation,3.0,,260.0,2750.0,3.0,916.6666666666666,1.0,1,1
Plot Area,4th T block Jayanagar,4.0,2.0,480.0,2400.0,4.0,600.0,1.0,1,0
Built-up Area,Yelahanka,3.0,3.0,105.0,1650.0,3.0,550.0,1.0,1,1
Super built-up Area,1st Block Jayanagar,2.0,2.0,148.0,1235.0,2.0,617.5,1.0,0,0
Built-up Area,Yelahanka,2.0,2.0,55.0,1200.0,2.0,600.0,1.0,1,1
Super built-up Area,Kengeri Satellite Town,2.0,2.0,42.0,985.0,2.0,492.5,1.0,1,1
Super built-up Area,Ramagondanahalli,2.0,2.0,63.0,1475.0,3.0,491.6666666666667,0.6666666666666666,0,1
Super built-up Area,Hebbal,5.0,0.0,348.0,3450.0,3.0,1150.0,1.6666666666666667,1,1
Super built-up Area,Sarjapur  Road,2.0,1.0,53.99,1157.0,3.0,385.6666666666667,0.6666666666666666,0,1
Built-up Area,Canara Bank Colony,2.0,3.0,35.0,900.0,2.0,450.0,1.0,1,1
Plot Area,Gottigere,3.0,2.0,120.0,2500.0,4.0,625.0,0.75,1,0
Built-up Area,GM Palaya,2.0,1.0,60.0,1030.0,2.0,515.0,1.0,1,0
Super built-up Area,Kamdhenu Nagar,2.0,1.0,46.0,1000.0,2.0,500.0,1.0,0,0
Built-up Area,Sarjapur  Road,3.0,3.0,325.0,3800.0,4.0,950.0,0.75,1,1
Plot Area,Kasavanhalli,4.0,2.0,333.0,4260.0,4.0,1065.0,1.0,0,0
Plot Area,Brookefield,6.0,3.0,175.0,1950.0,5.0,390.0,1.2,1,1
Super built-up Area,Kudlu,2.0,2.0,65.94,1570.0,3.0,523.3333333333334,0.6666666666666666,1,1
Super built-up Area,Kanakapura,2.0,2.0,68.0,1283.0,2.0,641.5,1.0,0,1
Super built-up Area,Vinayaka Nagar,2.0,2.0,52.0,1200.0,2.0,600.0,1.0,1,0
Plot Area,HAL 2nd Stage,3.0,0.0,500.0,2700.0,3.0,900.0,1.0,1,0
Plot Area,Konanakunte,2.0,3.0,180.0,2400.0,3.0,800.0,0.6666666666666666,1,0
Super built-up Area,Kathriguppe,2.0,2.0,68.75,1250.0,3.0,416.6666666666667,0.6666666666666666,1,0
Super built-up Area,Old Madras Road,6.0,1.0,196.0,3630.0,4.0,907.5,1.5,0,1
Super built-up Area,Yelahanka,2.0,2.0,37.62,990.0,2.0,495.0,1.0,1,1
Super built-up Area,Brindavan Nagar,2.0,2.0,90.0,1280.0,2.0,640.0,1.0,1,0
Super built-up Area,1st Block Jayanagar,4.0,0.0,413.0,2750.0,4.0,687.5,1.0,0,0
Built-up Area,Reliaable Tranquil Layout,2.0,1.0,55.0,1190.0,2.0,595.0,1.0,1,1
Super built-up Area,Yelachenahalli,2.0,2.0,60.0,1100.0,2.0,550.0,1.0,1,0
Super built-up Area,RMV,3.0,1.0,175.0,2075.0,3.0,691.6666666666666,1.0,1,0
Built-up Area,Harlur,2.0,1.0,55.0,1133.0,2.0,566.5,1.0,1,1
Built-up Area,Somasundara Palya,3.0,3.0,140.0,2400.0,4.0,600.0,0.75,1,1
Super built-up Area,Whitefield,2.0,2.0,69.0,1280.0,2.0,640.0,1.0,1,0
Super built-up Area,Horamavu Agara,3.0,2.0,65.0,1250.0,3.0,416.6666666666667,1.0,1,0
Super built-up Area,Begur Road,2.0,2.0,49.3,1565.0,3.0,521.6666666666666,0.6666666666666666,1,1
Super built-up Area,Pattanagere,3.0,0.0,65.0,1900.0,3.0,633.3333333333334,1.0,1,0
Built-up Area,Munnekollal,2.0,2.0,45.0,1080.0,2.0,540.0,1.0,1,1
Super built-up Area,Battarahalli,1.0,0.0,47.0,600.0,1.0,600.0,1.0,1,0
Plot Area,Himagiri Meadows,4.0,1.0,180.0,1240.0,3.0,413.3333333333333,1.3333333333333333,1,1
Built-up Area,HRBR Layout,2.0,1.0,87.0,1335.0,3.0,445.0,0.6666666666666666,1,1
Super built-up Area,Vittasandra,2.0,1.0,67.3,1246.0,2.0,623.0,1.0,1,0
Super built-up Area,JP Nagar,,,237.5,3496.5,3.0,1165.5,,0,1
Super built-up Area,Sarjapur  Road,3.0,1.0,55.0,1385.0,3.0,461.6666666666667,1.0,1,0
Super built-up Area,Govindpura,3.0,1.0,73.9,1578.0,3.0,526.0,1.0,0,0
Super built-up Area,Sarjapur  Road,3.0,1.0,79.9,1700.0,3.0,566.6666666666666,1.0,0,1
Built-up Area,Vidyaranyapura,2.0,1.0,70.0,1120.0,2.0,560.0,1.0,1,0
Super built-up Area,Electronic City,1.0,1.0,22.0,435.0,1.0,435.0,1.0,1,1
Super built-up Area,Magadi Road,2.0,1.0,51.89,1116.0,2.0,558.0,1.0,1,1
Super built-up Area,Old Madras Road,3.0,2.0,95.0,1480.0,3.0,493.3333333333333,1.0,1,1
Built-up Area,Hormavu,2.0,2.0,50.0,1000.0,2.0,500.0,1.0,1,1
Super built-up Area,HSR Layout,2.0,2.0,46.0,1145.0,2.0,572.5,1.0,1,1
Super built-up Area,Bommasandra,1.0,1.0,32.0,800.0,2.0,400.0,0.5,1,1
Super built-up Area,Thanisandra,2.0,1.0,83.0,1265.0,2.0,632.5,1.0,0,1
Super built-up Area,Devanahalli,3.0,0.0,88.2,1700.0,3.0,566.6666666666666,1.0,0,1
Super built-up Area,Narayanappa Garden,2.0,1.0,70.0,1475.0,2.0,737.5,1.0,1,1
Super built-up Area,BTM 2nd Stage,2.0,2.0,55.0,1265.0,2.0,632.5,1.0,1,1
Built-up Area,Anandapura,2.0,0.0,58.0,1200.0,2.0,600.0,1.0,1,0
Super built-up Area,1st Phase JP Nagar,3.0,2.0,210.0,2180.0,3.0,726.6666666666666,1.0,1,1
Super built-up Area,Brookefield,2.0,3.0,50.0,1080.0,2.0,540.0,1.0,1,1
Super built-up Area,Whitefield,4.0,2.0,130.0,2023.0,3.0,674.3333333333334,1.3333333333333333,1,1
Super built-up Area,Hanumantha Nagar,2.0,3.0,125.0,2400.0,2.0,1200.0,1.0,1,0
Super built-up Area,Kadubeesanahalli,2.0,2.0,66.0,1545.0,3.0,515.0,0.6666666666666666,1,1
Super built-up Area,Kalena Agrahara,3.0,2.0,166.0,1804.0,3.0,601.3333333333334,1.0,1,1
Plot Area,3rd Block Hrbr Layout,2.0,1.0,200.0,1200.0,2.0,600.0,1.0,1,0
Super built-up Area,6th Phase JP Nagar,2.0,,58.0,1350.0,3.0,450.0,0.6666666666666666,1,0
Super built-up Area,Hoodi,2.0,1.0,74.23,1108.0,2.0,554.0,1.0,0,1
Super built-up Area,Marathahalli,3.0,2.0,115.0,1730.0,3.0,576.6666666666666,1.0,1,1
Super built-up Area,RWF West Colony,2.0,3.0,70.0,1427.0,3.0,475.6666666666667,0.6666666666666666,1,1
Super built-up Area,Yelahanka,2.0,1.0,35.53,935.0,2.0,467.5,1.0,1,1
Super built-up Area,Sarjapura - Attibele Road,2.0,2.0,31.77,1073.0,2.0,536.5,1.0,1,1
Built-up Area,Ananth Nagar,2.0,3.0,37.0,960.0,2.0,480.0,1.0,1,1
Super built-up Area,Thigalarapalya,4.0,2.0,150.0,2215.0,3.0,738.3333333333334,1.3333333333333333,1,1
Built-up Area,Electronic City Phase II,2.0,1.0,32.49,1125.0,2.0,562.5,1.0,0,1
Built-up Area,Brookefield,2.0,3.0,55.0,1230.0,2.0,615.0,1.0,1,0
Super built-up Area,Mahadevpura,2.0,,89.0,1438.0,2.0,719.0,1.0,1,1
Super built-up Area,7th Phase JP Nagar,2.0,2.0,75.0,1080.0,2.0,540.0,1.0,1,1
Plot Area,Hebbal Kempapura,3.0,,125.0,1200.0,3.0,400.0,1.0,1,0
Plot Area,Marathahalli,1.0,1.0,103.0,1200.0,2.0,600.0,0.5,1,0
Super built-up Area,Uttarahalli,3.0,2.0,58.0,1590.0,3.0,530.0,1.0,1,1
Super built-up Area,Seetharampalya,3.0,2.0,68.0,1350.0,3.0,450.0,1.0,1,1
Super built-up Area,Raja Rajeshwari Nagar,2.0,2.0,48.0,1400.0,3.0,466.6666666666667,0.6666666666666666,1,0
Super built-up Area,Kaggadasapura,2.0,3.0,72.0,1560.0,3.0,520.0,0.6666666666666666,1,1
Built-up Area,Mallasandra,3.0,2.0,57.0,1810.0,4.0,452.5,0.75,1,1
Super built-up Area,Kanaka Nagar,4.0,1.0,160.0,2274.24,3.0,758.0799999999999,1.3333333333333333,1,1
Super built-up Area,Sonnenahalli,3.0,1.0,74.18,1484.0,3.0,494.6666666666667,1.0,0,1
Built-up Area,Indira Nagar,3.0,3.0,220.0,1650.0,3.0,550.0,1.0,1,1
Super built-up Area,Stage-4 Bommanahalli,2.0,2.0,55.0,1455.0,3.0,485.0,0.6666666666666666,1,1
Super built-up Area,Thanisandra,4.0,2.0,184.0,2280.0,3.0,760.0,1.3333333333333333,1,1
Super built-up Area,Rest House Road,5.0,,980.0,4900.0,5.0,980.0,1.0,1,0
Built-up Area,Frazer Town,3.0,3.0,220.0,2079.0,3.0,693.0,1.0,0,0
Super built-up Area,Bharathi Nagar,2.0,2.0,74.0,1351.0,2.0,675.5,1.0,1,1
Super built-up Area,Kanakpura Road,2.0,2.0,42.81,1223.0,3.0,407.6666666666667,0.6666666666666666,1,0
Super built-up Area,KR Puram,2.0,1.0,61.0,1430.0,3.0,476.6666666666667,0.6666666666666666,0,1
Built-up Area,Whitefield,5.0,0.0,400.0,3589.0,4.0,897.25,1.25,1,1
Super built-up Area,Electronic City Phase II,2.0,2.0,37.83,1310.0,3.0,436.6666666666667,0.6666666666666666,0,1
Plot Area,Channasandra,4.0,1.0,300.0,1800.0,4.0,450.0,1.0,1,0
Super built-up Area,Sarjapur  Road,2.0,1.0,55.0,984.0,2.0,492.0,1.0,0,1
Built-up Area,Jalahalli,3.0,3.0,100.0,1770.0,3.0,590.0,1.0,1,1
Plot Area,Immadihalli,3.0,1.0,105.0,900.0,2.0,450.0,1.5,1,0
Built-up Area,Margondanahalli,2.0,1.0,60.0,1140.0,2.0,570.0,1.0,1,0
Super built-up Area,Bommanahalli,2.0,3.0,34.0,1170.0,2.0,585.0,1.0,0,0
Super built-up Area,Poorna Pragna Layout,2.0,2.0,46.39,1160.0,2.0,580.0,1.0,1,0
Super built-up Area,Kanakpura Road,2.0,1.0,89.0,1296.0,2.0,648.0,1.0,0,1
Built-up Area,Kempapura,3.0,2.0,80.0,1570.0,3.0,523.3333333333334,1.0,1,1
Super built-up Area,Nagappa Reddy Layout,2.0,2.0,65.0,1495.0,3.0,498.3333333333333,0.6666666666666666,1,1
Super built-up Area,Hoodi,2.0,2.0,67.0,1530.0,3.0,510.0,0.6666666666666666,1,1
Super built-up Area,Gunjur,3.0,1.0,70.0,1800.0,3.0,600.0,1.0,1,1
Super built-up Area,Bellandur,2.0,2.0,48.0,1088.0,2.0,544.0,1.0,1,1
Super built-up Area,Hosa Road,3.0,1.0,98.18,1533.0,3.0,511.0,1.0,0,1
Super built-up Area,Rachenahalli,2.0,1.0,68.0,1100.0,2.0,550.0,1.0,1,0
Built-up Area,Thubarahalli,3.0,3.0,90.0,1540.0,3.0,513.3333333333334,1.0,1,1
Super built-up Area,Hebbal,3.0,,48.0,1244.0,2.0,622.0,1.5,1,1
Super built-up Area,Hosa Road,2.0,1.0,68.59,1040.0,2.0,520.0,1.0,0,1
Super built-up Area,Begur Road,2.0,1.0,39.69,1260.0,2.0,630.0,1.0,1,0
Super built-up Area,Thigalarapalya,2.0,2.0,100.0,1245.0,2.0,622.5,1.0,1,1
Super built-up Area,Dollars Colony,3.0,0.0,75.0,1350.0,3.0,450.0,1.0,1,0
Super built-up Area,Alur,2.0,1.0,10.0,470.0,1.0,470.0,2.0,1,0
Super built-up Area,Vijayanagar,2.0,2.0,60.0,920.0,2.0,460.0,1.0,1,0
Built-up Area,Vijay Nagar,7.0,0.0,160.0,2300.0,6.0,383.3333333333333,1.1666666666666667,1,0
Super built-up Area,Sarjapur,2.0,1.0,30.35,1124.0,2.0,562.0,1.0,1,1
Super built-up Area,Yelahanka New Town,3.0,1.0,109.0,2095.0,4.0,523.75,0.75,0,0
Super built-up Area,Begur Road,2.0,1.0,71.42,1100.0,2.0,550.0,1.0,0,1
Super built-up Area,Vijayanagar,2.0,1.0,58.0,1019.0,2.0,509.5,1.0,1,1
Super built-up Area,Harlur,3.0,2.0,128.0,1756.0,3.0,585.3333333333334,1.0,1,1
Super built-up Area,Bommasandra,3.0,1.0,50.0,1280.0,3.0,426.6666666666667,1.0,0,1
Plot Area,Kenchenahalli,3.0,2.0,125.0,1200.0,4.0,300.0,0.75,1,0
Super built-up Area,Indira Nagar,3.0,2.0,150.0,1700.0,3.0,566.6666666666666,1.0,1,0
Super built-up Area,Whitefield,4.0,2.0,118.0,2134.0,3.0,711.3333333333334,1.3333333333333333,0,1
Super built-up Area,Hosa Road,2.0,1.0,98.0,1369.1,2.0,684.55,1.0,0,1
Plot Area,Hennur Bande,4.0,,150.0,1313.0,3.0,437.6666666666667,1.3333333333333333,1,0
Super built-up Area,Carmelaram,4.0,3.0,155.0,2515.0,3.0,838.3333333333334,1.3333333333333333,1,1
Super built-up Area,Thigalarapalya,4.0,2.0,154.0,2215.0,3.0,738.3333333333334,1.3333333333333333,1,1
Super built-up Area,Basapura,3.0,2.0,72.0,1440.0,3.0,480.0,1.0,1,1
Super built-up Area,Hennur Road,2.0,2.0,55.33,1186.0,3.0,395.3333333333333,0.6666666666666666,1,1
Super built-up Area,Uttarahalli,2.0,2.0,47.24,1350.0,3.0,450.0,0.6666666666666666,1,0
Super built-up Area,Hebbal,3.0,2.0,140.0,1800.0,3.0,600.0,1.0,1,1
Built-up Area,Kudlu,3.0,3.0,79.0,1600.0,3.0,533.3333333333334,1.0,1,1
Built-up Area,GM Palaya,2.0,1.0,35.0,1000.0,2.0,500.0,1.0,1,1
Super built-up Area,Cunningham Road,3.0,3.0,285.0,2275.0,3.0,758.3333333333334,1.0,1,0
Super built-up Area,Binny Pete,3.0,1.0,150.0,1740.0,3.0,580.0,1.0,0,1
Built-up Area,Malleshwaram,2.0,1.0,90.0,900.0,2.0,450.0,1.0,1,0
Built-up Area,Benson Town,3.0,0.0,140.0,1567.0,2.0,783.5,1.5,1,1
Super built-up Area,Kambipura,2.0,1.0,45.5,1082.0,3.0,360.6666666666667,0.6666666666666666,1,1
Built-up Area,Nagarbhavi,2.0,1.0,80.0,1050.0,2.0,525.0,1.0,1,0
Super built-up Area,Atmananda Colony,2.0,1.0,56.0,1200.0,2.0,600.0,1.0,1,0
Built-up Area,Begur,4.0,2.0,185.0,3500.0,3.0,1166.6666666666667,1.3333333333333333,1,1
Super built-up Area,Dasarahalli,2.0,2.0,52.0,1220.0,2.0,610.0,1.0,1,1
Super built-up Area,Binny Pete,3.0,2.0,164.0,1970.0,3.0,656.6666666666666,1.0,0,0
Super built-up Area,CMH Road,3.0,1.0,350.0,2665.0,3.0,888.3333333333334,1.0,0,0
Built-up Area,Kanakapura,4.0,0.0,120.0,2130.0,4.0,532.5,1.0,1,0
Super built-up Area,Harlur,3.0,2.0,120.0,1749.0,3.0,583.0,1.0,1,0
Super built-up Area,Subramanyapura,2.0,1.0,108.0,1260.0,2.0,630.0,1.0,0,0
Super built-up Area,Doddaballapur,2.0,1.0,48.0,11840.289999999999,3.0,3946.763333333333,0.6666666666666666,1,0
Super built-up Area,6th Phase JP Nagar,2.0,2.0,120.0,1170.0,2.0,585.0,1.0,1,1
Super built-up Area,Ankappa Layout,3.0,2.0,75.0,1670.0,3.0,556.6666666666666,1.0,1,1
Super built-up Area,Hennur Road,3.0,2.0,168.0,2264.0,3.0,754.6666666666666,1.0,1,1
Super built-up Area,Byadarahalli,5.0,,450.0,3500.0,4.0,875.0,1.25,0,1
Super built-up Area,Begur,2.0,2.0,55.0,1100.0,2.0,550.0,1.0,1,1
Super built-up Area,Chandapura,1.0,1.0,19.9,674.0,2.0,337.0,0.5,0,0
Super built-up Area,Koramangala,2.0,1.0,160.0,1320.0,2.0,660.0,1.0,1,1
Super built-up Area,Electronics City Phase 1,2.0,2.0,65.0,1125.0,2.0,562.5,1.0,1,1
Super built-up Area,Nagavara,2.0,2.0,44.5,1125.0,2.0,562.5,1.0,1,0
Super built-up Area,Baba Nagar,2.0,1.0,29.0,700.0,2.0,350.0,1.0,1,0
Built-up Area,BTM Layout,2.0,1.0,75.0,1300.0,3.0,433.3333333333333,0.6666666666666666,1,1
Super built-up Area,JP Nagar,3.0,2.0,83.0,1600.0,3.0,533.3333333333334,1.0,1,1
Super built-up Area,Magadi Road,2.0,1.0,60.0,1052.0,3.0,350.6666666666667,0.6666666666666666,0,1
Super built-up Area,Devarachikkanahalli,2.0,2.0,36.0,1130.0,2.0,565.0,1.0,1,1
Super built-up Area,BTM 2nd Stage,3.0,3.0,220.0,2200.0,3.0,733.3333333333334,1.0,1,1
Built-up Area,Electronic City,2.0,1.0,63.0,1500.0,3.0,500.0,0.6666666666666666,1,1
Super built-up Area,Old Madras Road,3.0,1.0,47.25,1350.0,3.0,450.0,1.0,0,1
Super built-up Area,Gottigere,2.0,2.0,52.0,1230.0,3.0,410.0,0.6666666666666666,1,1
Super built-up Area,Haralur Road,2.0,2.0,85.0,1520.0,3.0,506.6666666666667,0.6666666666666666,0,1
Super built-up Area,Kanakpura Road,1.0,1.0,26.25,525.0,1.0,525.0,1.0,0,1
Super built-up Area,Hosa Road,2.0,1.0,61.0,1040.0,2.0,520.0,1.0,0,1
Built-up Area,Upadhyaya Layout,2.0,1.0,67.0,1300.0,3.0,433.3333333333333,0.6666666666666666,1,0
Super built-up Area,Old Airport Road,4.0,3.0,201.0,2690.0,4.0,672.5,1.0,0,1
Super built-up Area,Domlur,1.0,1.0,70.0,780.0,1.0,780.0,1.0,1,1
Super built-up Area,Panathur,2.0,1.0,51.2,1140.0,2.0,570.0,1.0,1,1
Super built-up Area,Chandapura,3.0,1.0,33.08,1225.0,3.0,408.3333333333333,1.0,0,1
Built-up Area,Nagavarapalya,1.0,0.0,25.84,646.0,1.0,646.0,1.0,1,1
Super built-up Area,Cox Town,3.0,1.0,150.0,1600.0,3.0,533.3333333333334,1.0,1,0
Super built-up Area,Kadugodi,4.0,3.0,125.0,1890.0,3.0,630.0,1.3333333333333333,0,1
Super built-up Area,Whitefield,2.0,2.0,62.0,1458.0,3.0,486.0,0.6666666666666666,1,1
Super built-up Area,Green Glen Layout,3.0,2.0,160.0,1970.0,3.0,656.6666666666666,1.0,1,0
Plot Area,Whitefield,4.0,0.0,80.0,1808.0,3.0,602.6666666666666,1.3333333333333333,1,0
Built-up Area,Balagere,2.0,1.0,67.0,1007.0,2.0,503.5,1.0,1,1
Super built-up Area,Doddathoguru,2.0,1.0,50.0,1105.0,2.0,552.5,1.0,1,1
Super built-up Area,Lakshminarayana Pura,3.0,3.0,150.0,1700.0,3.0,566.6666666666666,1.0,1,1
Super built-up Area,Raja Rajeshwari Nagar,2.0,3.0,50.0,1170.0,2.0,585.0,1.0,1,1
Built-up Area,Chandapura,2.0,3.0,45.0,1080.0,2.0,540.0,1.0,1,1
Super built-up Area,Kaggalipura,2.0,1.0,62.0,1150.0,3.0,383.3333333333333,0.6666666666666666,1,1
Super built-up Area,Ramamurthy Nagar,2.0,1.0,57.9,1200.0,2.0,600.0,1.0,0,1
Super built-up Area,Kudlu Gate,3.0,2.0,75.0,1656.0,3.0,552.0,1.0,1,1
Super built-up Area,KR Puram,2.0,2.0,50.0,1040.0,2.0,520.0,1.0,1,1
Super built-up Area,Hosur Road,2.0,2.0,33.7,1085.0,2.0,542.5,1.0,1,1
Super built-up Area,Virat Nagar,2.0,2.0,49.75,1215.0,3.0,405.0,0.6666666666666666,0,0
Built-up Area,NRI Layout,4.0,2.0,115.0,2150.0,4.0,537.5,1.0,1,0
Super built-up Area,Panathur,2.0,1.0,77.0,1210.0,2.0,605.0,1.0,0,0
Built-up Area,Kallumantapa,2.0,1.0,55.0,1050.0,2.0,525.0,1.0,1,1
Super built-up Area,Mysore Road,2.0,1.0,80.0,947.55,2.0,473.775,1.0,1,1
Built-up Area,Malleshpalya,2.0,1.0,90.0,1421.0,2.0,710.5,1.0,1,1
Super built-up Area,Old Madras Road,2.0,2.0,74.31,1425.0,3.0,475.0,0.6666666666666666,0,1
Super built-up Area,Budigere,2.0,1.0,58.0,1162.0,2.0,581.0,1.0,1,1
Super built-up Area,Whitefield,1.0,1.0,60.0,905.0,1.0,905.0,1.0,0,1
Super built-up Area,Sarjapur  Road,2.0,1.0,32.0,914.0,2.0,457.0,1.0,1,1
Built-up Area,elachenahalli,2.0,0.0,58.0,1258.0,2.0,629.0,1.0,0,0
Plot Area,Hormavu,4.0,1.0,289.0,3500.0,4.0,875.0,1.0,1,1
Plot Area,Poorna Pragna Layout,6.0,,450.0,2400.0,7.0,342.85714285714283,0.8571428571428571,1,0
Built-up Area,Ramagondanahalli,4.0,,800.0,4200.0,4.0,1050.0,1.0,1,0
Super built-up Area,Whitefield,2.0,3.0,70.0,1537.0,3.0,512.3333333333334,0.6666666666666666,1,1
Super built-up Area,Chikkalasandra,2.0,2.0,53.51,1230.0,3.0,410.0,0.6666666666666666,1,0
Plot Area,B K Nagar,5.0,2.0,300.0,2400.0,6.0,400.0,0.8333333333333334,1,0
Super built-up Area,Malleshwaram,3.0,1.0,200.0,2250.0,3.0,750.0,1.0,1,1
Plot Area,Hosur Road,4.0,1.0,69.0,2000.0,4.0,500.0,1.0,1,1
Super built-up Area,Vivek Nagar,4.0,3.0,130.0,3000.0,8.0,375.0,0.5,1,0
Built-up Area,Kumaraswami Layout,4.0,0.0,325.0,2600.0,4.0,650.0,1.0,1,0
Built-up Area,Indira Nagar,3.0,2.0,250.0,3200.0,4.0,800.0,0.75,0,0
Built-up Area,Anjanapura,2.0,0.0,32.0,950.0,2.0,475.0,1.0,1,1
Super built-up Area,Marathahalli,4.0,,200.0,4000.0,4.0,1000.0,1.0,1,1
Super built-up Area,Yelahanka,2.0,1.0,48.72,1282.0,3.0,427.3333333333333,0.6666666666666666,1,1
Built-up Area,Banashankari Stage III,2.0,0.0,111.0,1304.0,2.0,652.0,1.0,0,0
Super built-up Area,7th Phase JP Nagar,3.0,2.0,200.0,2100.0,3.0,700.0,1.0,1,0
Built-up Area,Jakkur,2.0,2.0,49.0,1220.0,3.0,406.6666666666667,0.6666666666666666,1,1
Built-up Area,7th Phase JP Nagar,3.0,1.0,65.0,1415.0,3.0,471.6666666666667,1.0,1,1
Plot Area,Bommenahalli,3.0,1.0,217.0,653400.0,3.0,217800.0,1.0,1,1
Super built-up Area,Green Glen Layout,3.0,2.0,125.0,1728.0,3.0,576.0,1.0,1,1
Super built-up Area,7th Phase JP Nagar,3.0,3.0,125.0,1680.0,3.0,560.0,1.0,1,1
Super built-up Area,Venkatapura,2.0,1.0,140.0,1235.0,2.0,617.5,1.0,0,1
Built-up Area,Yelahanka,4.0,1.0,260.0,3990.0,4.0,997.5,1.0,1,0
Built-up Area,Kasavanhalli,2.0,2.0,83.0,1495.0,2.0,747.5,1.0,1,1
Plot Area,Hennur Road,5.0,1.0,175.0,1500.0,5.0,300.0,1.0,1,0
Super built-up Area,Yeshwanthpur,3.0,3.0,138.0,2501.0,3.0,833.6666666666666,1.0,1,1
Carpet Area,Kanakpura Road,1.0,0.0,28.0,381.0,1.0,381.0,1.0,0,1
Super built-up Area,Gopalapura,5.0,2.0,570.0,3301.8,4.0,825.45,1.25,0,1
Super built-up Area,Hennur Road,3.0,2.0,120.0,2002.0,3.0,667.3333333333334,1.0,1,1
Built-up Area,Meenakunte,3.0,0.0,260.0,3200.0,3.0,1066.6666666666667,1.0,0,1
Plot Area,Banjara Layout,2.0,2.0,70.0,1200.0,2.0,600.0,1.0,1,0
Plot Area,Sarjapur  Road,3.0,0.0,235.0,1500.0,4.0,375.0,0.75,1,0
Plot Area,Bommasandra,3.0,,90.0,1942.0,3.0,647.3333333333334,1.0,0,1
Super built-up Area,Electronics City Phase 1,,,60.75,1522.5,3.0,507.5,,1,1
Built-up Area,Thyagaraja Nagar,1.0,0.0,95.0,660.0,1.0,660.0,1.0,1,0
Plot Area,Banashankari Stage III,6.0,2.0,170.0,1200.0,4.0,300.0,1.5,1,0
Built-up Area,Basavanna Nagar,3.0,2.0,90.0,1450.0,3.0,483.3333333333333,1.0,1,1
Super built-up Area,Electronic City,2.0,1.0,50.0,1039.0,2.0,519.5,1.0,1,1
Super built-up Area,Old Madras Road,2.0,1.0,80.0,1210.0,2.0,605.0,1.0,1,1
Super built-up Area,Attibele,1.0,1.0,24.88,995.0,2.0,497.5,0.5,1,1
Built-up Area,Yelahanka,3.0,2.0,90.0,1620.0,3.0,540.0,1.0,1,1
Built-up Area,Choodasandra,4.0,3.0,395.0,3204.0,3.0,1068.0,1.3333333333333333,1,1
Built-up Area,Hebbal Kempapura,3.0,3.0,260.0,3408.0,3.0,1136.0,1.0,1,1
Built-up Area,Marathahalli,2.0,3.0,55.0,1314.0,2.0,657.0,1.0,1,1
Super built-up Area,Bisuvanahalli,2.0,1.0,33.0,945.0,2.0,472.5,1.0,1,1
Built-up Area,Nehru Nagar,3.0,2.0,72.0,1374.0,3.0,458.0,1.0,1,1
Built-up Area,Kanakpura Road,3.0,3.0,113.0,1603.0,3.0,534.3333333333334,1.0,0,1
Built-up Area,Kengeri,2.0,2.0,52.0,1230.0,3.0,410.0,0.6666666666666666,1,1
Super built-up Area,Basavangudi,1.0,1.0,50.0,670.0,1.0,670.0,1.0,1,0
Super built-up Area,Sarjapur  Road,3.0,2.0,105.0,1864.0,4.0,466.0,0.75,1,1
Built-up Area,Hosa Road,3.0,2.0,100.0,2500.0,3.0,833.3333333333334,1.0,0,1
Super built-up Area,Raja Rajeshwari Nagar,2.0,2.0,54.0,1625.0,3.0,541.6666666666666,0.6666666666666666,1,1
Super built-up Area,Whitefield,2.0,3.0,55.0,1186.0,2.0,593.0,1.0,1,1
Super built-up Area,Electronic City,1.0,1.0,39.9,770.0,2.0,385.0,0.5,1,1
Super built-up Area,Varthur,2.0,1.0,45.0,1085.0,2.0,542.5,1.0,0,1
Super built-up Area,Dairy Circle,6.0,2.0,480.0,3754.0,4.0,938.5,1.5,1,1
Super built-up Area,Dodsworth Layout,3.0,2.0,115.0,1893.0,3.0,631.0,1.0,1,1
Super built-up Area,Kundalahalli,2.0,3.0,78.0,1496.0,3.0,498.6666666666667,0.6666666666666666,1,1
Super built-up Area,Chandapura,3.0,1.0,33.28,1305.0,3.0,435.0,1.0,0,1
Super built-up Area,Electronics City Phase 1,2.0,2.0,82.0,1550.0,3.0,516.6666666666666,0.6666666666666666,1,1
Super built-up Area,Marathahalli,2.0,1.0,58.17,1200.0,3.0,400.0,0.6666666666666666,1,0
Super built-up Area,Electronic City Phase II,2.0,2.0,69.0,1286.0,2.0,643.0,1.0,1,1
Super built-up Area,Hebbal,3.0,2.0,95.0,1860.0,3.0,620.0,1.0,1,1
Built-up Area,Raghuvanahalli,1.0,1.0,750.0,425.0,1.0,425.0,1.0,1,0
Super built-up Area,Haralur Road,2.0,2.0,45.0,1243.0,2.0,621.5,1.0,1,1
Super built-up Area,Brookefield,2.0,2.0,75.0,1200.0,2.0,600.0,1.0,1,1
Super built-up Area,Sarjapur,2.0,2.0,32.0,1044.0,2.0,522.0,1.0,1,1
Super built-up Area,7th Phase JP Nagar,2.0,1.0,41.59,1040.0,2.0,520.0,1.0,1,1
Super built-up Area,8th Phase JP Nagar,2.0,2.0,36.94,1125.0,2.0,562.5,1.0,0,0
Super built-up Area,Cunningham Road,3.0,1.0,662.0,3489.0,3.0,1163.0,1.0,0,0
Super built-up Area,Subramanyapura,2.0,2.0,59.0,1278.0,3.0,426.0,0.6666666666666666,1,1
Super built-up Area,Chelekare,6.0,,98.0,2400.0,6.0,400.0,1.0,1,0
Super built-up Area,Belatur,2.0,1.0,43.0,1250.0,2.0,625.0,1.0,1,1
Plot Area,Vijayanagar,6.0,3.0,125.0,2400.0,5.0,480.0,1.2,1,0
Plot Area,KR Puram,5.0,,560.0,4166.0,5.0,833.2,1.0,1,1
Super built-up Area,Lakshminarayana Pura,2.0,2.0,75.0,1210.0,2.0,605.0,1.0,1,0
Super built-up Area,8th Phase JP Nagar,3.0,2.0,110.0,1200.0,4.0,300.0,0.75,1,0
Super built-up Area,Sarjapur  Road,2.0,1.0,57.84,1157.0,3.0,385.6666666666667,0.6666666666666666,0,1
Super built-up Area,Raja Rajeshwari Nagar,2.0,1.0,51.15,1185.0,2.0,592.5,1.0,1,1
Super built-up Area,Kalena Agrahara,3.0,3.0,100.0,1450.0,3.0,483.3333333333333,1.0,1,1
Super built-up Area,Old Madras Road,3.0,2.0,121.0,1859.0,3.0,619.6666666666666,1.0,1,1
Super built-up Area,Rajaji Nagar,3.0,2.0,262.0,1763.0,2.0,881.5,1.5,1,1
Super built-up Area,Attibele,1.0,1.0,25.0,900.0,2.0,450.0,0.5,0,1
Super built-up Area,Ramamurthy Nagar,3.0,1.0,60.0,1305.0,3.0,435.0,1.0,1,1
Built-up Area,Srirampuram,2.0,2.0,100.0,1200.0,3.0,400.0,0.6666666666666666,1,0
Super built-up Area,Thanisandra,1.0,0.0,35.285,784.0,1.0,784.0,1.0,1,1
Super built-up Area,Sarjapur  Road,2.0,0.0,36.8,1150.0,2.0,575.0,1.0,1,1
Built-up Area,Whitefield,3.0,3.0,85.0,1806.0,3.0,602.0,1.0,1,1
Super built-up Area,Kudlu,2.0,2.0,42.0,1027.0,2.0,513.5,1.0,1,1
Super built-up Area,Uttarahalli,2.0,1.0,40.08,1002.0,2.0,501.0,1.0,0,1
Super built-up Area,Electronic City Phase II,2.0,1.0,36.21,1220.0,3.0,406.6666666666667,0.6666666666666666,0,1
Super built-up Area,Whitefield,2.0,1.0,35.22,1109.0,2.0,554.5,1.0,1,1
Built-up Area,Uttarahalli,2.0,1.0,40.08,1002.0,2.0,501.0,1.0,1,1
Super built-up Area,Narayanapura,2.0,1.0,89.04,1308.0,2.0,654.0,1.0,1,1
Super built-up Area,Hennur Road,2.0,1.0,69.6,1232.0,2.0,616.0,1.0,0,1
Super built-up Area,Haralur Road,2.0,2.0,44.0,1027.0,2.0,513.5,1.0,0,0
Built-up Area,Kalyan nagar,2.0,2.0,65.0,1250.0,2.0,625.0,1.0,1,0
Super built-up Area,Raja Rajeshwari Nagar,2.0,1.0,53.87,1255.0,2.0,627.5,1.0,1,1
Built-up Area,Akshaya Nagar,3.0,3.0,84.0,1434.0,3.0,478.0,1.0,1,1
Built-up Area,Doddathoguru,2.0,2.0,30.0,925.0,2.0,462.5,1.0,1,1
Super built-up Area,Jakkur,3.0,1.0,123.0,1858.0,3.0,619.3333333333334,1.0,0,1
Built-up Area,Jakkuru Layout,2.0,1.0,70.0,1205.0,2.0,602.5,1.0,1,1
Plot Area,Nelamangala,3.0,2.0,90.0,1500.0,3.0,500.0,1.0,0,1
Plot Area,Nagawara Junction,3.0,2.0,200.0,1200.0,3.0,400.0,1.0,1,0
Super built-up Area,Mysore Road,2.0,2.0,48.95,1020.0,2.0,510.0,1.0,1,0
Super built-up Area,Thanisandra,2.0,1.0,56.0,965.0,2.0,482.5,1.0,1,1
Plot Area,7th Phase JP Nagar,6.0,3.0,270.0,1800.0,5.0,360.0,1.2,1,0
Super built-up Area,Battarahalli,2.0,2.0,82.89,1636.0,2.0,818.0,1.0,1,1
Super built-up Area,Kundalahalli,3.0,1.0,125.0,1724.0,3.0,574.6666666666666,1.0,0,1
Super built-up Area,Whitefield,2.0,1.0,67.0,1216.0,2.0,608.0,1.0,0,1
Super built-up Area,Yelahanka,1.0,1.0,36.25,654.0,1.0,654.0,1.0,0,1
Super built-up Area,Abbaiah Reddy Layout,2.0,2.0,41.0,1190.0,2.0,595.0,1.0,1,0
Super built-up Area,Budigere,3.0,2.0,92.0,1636.0,3.0,545.3333333333334,1.0,1,1
Super built-up Area,Hennur Road,2.0,2.0,73.0,1195.0,2.0,597.5,1.0,0,1
Super built-up Area,Nagavara,3.0,3.0,251.0,2400.0,3.0,800.0,1.0,1,1
Super built-up Area,1st Block HRBR Layout,2.0,1.0,67.0,1250.0,2.0,625.0,1.0,1,0
Super built-up Area,Whitefield,3.0,,90.0,1452.0,3.0,484.0,1.0,1,1
Super built-up Area,Thanisandra,3.0,1.0,95.0,1546.0,3.0,515.3333333333334,1.0,0,1
Built-up Area,Sarjapur  Road,6.0,0.0,142.0,3385.5,4.0,846.375,1.5,1,1
Plot Area,Indira Nagar,3.0,1.0,275.0,1440.0,3.0,480.0,1.0,1,0
Plot Area,Naganathapura,3.0,1.0,80.0,2260.0,2.0,1130.0,1.5,1,0
Plot Area,Tavarekere,3.0,2.0,90.0,2700.0,4.0,675.0,0.75,1,0
Super built-up Area,Indira Nagar,2.0,2.0,171.0,1475.0,2.0,737.5,1.0,1,1
Built-up Area,JP Nagar,3.0,2.0,150.0,3000.0,4.0,750.0,0.75,1,1
Built-up Area,KG Halli,1.0,0.0,26.0,375.0,1.0,375.0,1.0,1,0
Super built-up Area,Balagere,2.0,1.0,66.0,1007.0,2.0,503.5,1.0,1,1
Plot Area,Kanakpura Road,1.0,0.0,125.0,54885.6,1.0,54885.6,1.0,1,0
Super built-up Area,Cubbon Road,6.0,,1900.0,5422.0,4.0,1355.5,1.5,1,0
Super built-up Area,Hennur Road,2.0,3.0,47.0,1020.0,2.0,510.0,1.0,1,0
Super built-up Area,Lavelle Road,2.0,0.0,150.0,1000.0,2.0,500.0,1.0,1,0
Plot Area,Varanasi,3.0,1.0,59.5,800.0,2.0,400.0,1.5,1,0
Super built-up Area,Marathahalli,2.0,3.0,55.0,1125.0,2.0,562.5,1.0,1,0
Built-up Area,Kada Agrahara,2.0,1.0,43.0,909.0,3.0,303.0,0.6666666666666666,1,1
Built-up Area,Whitefield,5.0,0.0,240.0,2850.0,4.0,712.5,1.25,1,0
Super built-up Area,Dodsworth Layout,2.0,3.0,85.0,1400.0,2.0,700.0,1.0,1,1
Super built-up Area,Kadugodi,2.0,2.0,61.0,1152.0,2.0,576.0,1.0,1,0
Super built-up Area,Subramanyapura,2.0,1.0,34.49,958.0,2.0,479.0,1.0,1,0
Super built-up Area,Whitefield,2.0,2.0,55.0,1150.0,2.0,575.0,1.0,1,1
Super built-up Area,Old Madras Road,5.0,1.0,173.0,2990.0,3.0,996.6666666666666,1.6666666666666667,1,1
Super built-up Area,Bellandur,2.0,2.0,85.0,1310.0,2.0,655.0,1.0,1,1
Super built-up Area,Hosur Road,2.0,2.0,126.0,1590.0,3.0,530.0,0.6666666666666666,1,1
Super built-up Area,Green Glen Layout,3.0,2.0,110.0,1645.0,3.0,548.3333333333334,1.0,1,1
Built-up Area,Veerabhadra Nagar,2.0,2.0,100.0,1800.0,3.0,600.0,0.6666666666666666,1,0
Super built-up Area,Thanisandra,3.0,2.0,150.0,1795.0,3.0,598.3333333333334,1.0,1,1
Super built-up Area,8th Phase JP Nagar,2.0,3.0,35.0,1100.0,2.0,550.0,1.0,1,0
Super built-up Area,Thanisandra,1.0,0.0,38.535,777.0,1.0,777.0,1.0,0,1
Super built-up Area,Kalkere,2.0,2.0,70.0,925.0,2.0,462.5,1.0,1,1
Super built-up Area,Basavangudi,3.0,3.0,120.0,1542.14,3.0,514.0466666666667,1.0,1,0
Plot Area,Konanakunte,6.0,1.0,375.0,3746.0,4.0,936.5,1.5,1,1
Super built-up Area,Thanisandra,2.0,2.0,54.0,1430.0,3.0,476.6666666666667,0.6666666666666666,1,1
Super built-up Area,Bommanahalli,2.0,2.0,55.0,1020.0,2.0,510.0,1.0,1,1
Super built-up Area,Electronic City Phase II,2.0,1.0,32.92,1140.0,2.0,570.0,1.0,0,1
Built-up Area,Anekal,2.0,1.0,45.0,967.0,3.0,322.3333333333333,0.6666666666666666,1,0
Super built-up Area,Hebbal,4.0,2.0,203.0,2470.0,4.0,617.5,1.0,0,1
Built-up Area,Maruthi Nagar,1.0,0.0,35.5,850.0,2.0,425.0,0.5,1,1
Super built-up Area,Vidhyanagar Cross,2.0,2.0,32.0,1100.0,2.0,550.0,1.0,1,0
Super built-up Area,Thanisandra,3.0,2.0,110.0,1697.0,3.0,565.6666666666666,1.0,1,1
Super built-up Area,Varthur,2.0,2.0,47.0,1250.0,2.0,625.0,1.0,1,0
Super built-up Area,Gottigere,2.0,2.0,50.0,1120.0,2.0,560.0,1.0,1,1
Plot Area,NRI Layout,4.0,0.0,95.0,1200.0,4.0,300.0,1.0,1,0
Plot Area,Hennur Road,6.0,3.0,375.0,5100.0,5.0,1020.0,1.2,1,0
Plot Area,7th Block Jayanagar,3.0,2.0,480.0,2400.0,4.0,600.0,0.75,1,0
Super built-up Area,Hebbal,2.0,1.0,52.0,1200.0,2.0,600.0,1.0,1,0
Super built-up Area,7th Phase JP Nagar,2.0,1.0,44.0,1100.0,2.0,550.0,1.0,1,0
Super built-up Area,Devarachikkanahalli,2.0,2.0,76.0,1417.0,3.0,472.3333333333333,0.6666666666666666,1,0
Built-up Area,Thanisandra,3.0,1.0,88.0,1492.0,3.0,497.3333333333333,1.0,1,1
Super built-up Area,Devanahalli,3.0,3.0,79.15,1498.0,3.0,499.3333333333333,1.0,0,1
Built-up Area,Bellari Road,2.0,1.0,350.0,3500.0,4.0,875.0,0.5,1,1
Super built-up Area,Kundalahalli,2.0,1.0,48.27,1010.0,2.0,505.0,1.0,1,1
Super built-up Area,Channasandra,2.0,1.0,35.0,1050.0,2.0,525.0,1.0,1,1
Super built-up Area,Hegde Nagar,3.0,2.0,125.0,1847.0,3.0,615.6666666666666,1.0,1,1
Super built-up Area,1st Stage Indira Nagar,2.0,2.0,55.0,1200.0,2.0,600.0,1.0,0,0
Super built-up Area,Bellandur,2.0,2.0,37.28,982.0,2.0,491.0,1.0,1,0
Super built-up Area,Hegde Nagar,4.0,2.0,145.0,2144.6,3.0,714.8666666666667,1.3333333333333333,1,1
Super built-up Area,Kengeri,2.0,1.0,36.5,750.0,2.0,375.0,1.0,1,1
Super built-up Area,Electronic City,2.0,2.0,35.0,919.0,2.0,459.5,1.0,1,1
Super built-up Area,Budigere,2.0,1.0,54.3,1087.0,2.0,543.5,1.0,1,1
Built-up Area,Sunder Ram Shetty Nagar,3.0,2.0,74.0,1480.0,3.0,493.3333333333333,1.0,1,1
Built-up Area,Tindlu,2.0,2.0,52.0,1180.0,2.0,590.0,1.0,1,0
Super built-up Area,6th Block Jayanagar,4.0,2.0,255.0,2100.0,3.0,700.0,1.3333333333333333,1,0
Super built-up Area,Jigani,3.0,2.0,65.0,1221.0,3.0,407.0,1.0,1,1
Built-up Area,Thanisandra,3.0,2.0,122.0,2072.0,3.0,690.6666666666666,1.0,1,1
Built-up Area,Whitefield,3.0,2.0,69.0,1600.0,3.0,533.3333333333334,1.0,0,0
Super built-up Area,Sahakara Nagar,3.0,2.0,98.0,2200.0,3.0,733.3333333333334,1.0,1,0
Super built-up Area,Rajaji Nagar,3.0,3.0,220.0,1640.0,3.0,546.6666666666666,1.0,1,1
Super built-up Area,Kaikondrahalli,2.0,2.0,81.5,1253.0,2.0,626.5,1.0,1,1
Super built-up Area,Hennur Road,2.0,1.0,54.92,1061.0,2.0,530.5,1.0,1,1
Super built-up Area,Marathahalli,3.0,2.0,115.0,1950.0,3.0,650.0,1.0,1,0
Built-up Area,Marathahalli,2.0,2.0,68.0,1250.0,2.0,625.0,1.0,1,1
Super built-up Area,Hennur Road,2.0,3.0,80.0,1585.0,3.0,528.3333333333334,0.6666666666666666,1,1
Super built-up Area,Kammasandra,2.0,2.0,37.0,1015.0,2.0,507.5,1.0,1,1
Super built-up Area,Begur Road,6.0,0.0,118.0,2464.5,4.0,616.125,1.5,0,1
Super built-up Area,Marathahalli,2.0,2.0,56.8,1125.0,2.0,562.5,1.0,1,0
Super built-up Area,Electronic City Phase II,2.0,2.0,40.0,1116.0,2.0,558.0,1.0,0,1
Built-up Area,Kadarenahalli,1.0,0.0,35.0,400.0,1.0,400.0,1.0,1,0
Super built-up Area,Kasavanhalli,4.0,2.0,325.0,4000.0,4.0,1000.0,1.0,1,1
Super built-up Area,Hebbal,4.0,2.0,410.0,3900.0,4.0,975.0,1.0,1,1
Super built-up Area,Old Madras Road,2.0,2.0,100.0,1300.0,2.0,650.0,1.0,1,1
Super built-up Area,Raja Rajeshwari Nagar,2.0,1.0,60.42,1419.0,2.0,709.5,1.0,1,1
Super built-up Area,Punappa Layout,2.0,1.0,55.0,1310.0,3.0,436.6666666666667,0.6666666666666666,1,1
Super built-up Area,Thigalarapalya,4.0,2.0,152.0,2072.0,3.0,690.6666666666666,1.3333333333333333,1,1
Built-up Area,Kaggadasapura,2.0,1.0,58.58,1240.0,2.0,620.0,1.0,1,1
Built-up Area,Chamrajpet,3.0,2.0,98.91,1565.0,3.0,521.6666666666666,1.0,1,0
Super built-up Area,Budigere,3.0,2.0,89.0,1820.0,3.0,606.6666666666666,1.0,1,1
Plot Area,Gubbalala,3.0,1.0,88.0,2500.0,3.0,833.3333333333334,1.0,1,0
Plot Area,KR Puram,5.0,,310.0,3657.0,5.0,731.4,1.0,1,1
Super built-up Area,Hosa Road,2.0,1.0,62.0,1245.0,2.0,622.5,1.0,1,0
Super built-up Area,GM Palaya,3.0,1.0,65.0,1315.0,3.0,438.3333333333333,1.0,1,1
Super built-up Area,Kenchenahalli,2.0,2.0,73.0,1410.0,3.0,470.0,0.6666666666666666,1,1
Super built-up Area,Dasarahalli,2.0,1.0,60.0,1375.0,2.0,687.5,1.0,1,1
Super built-up Area,Old Madras Road,2.0,2.0,95.0,1299.0,2.0,649.5,1.0,1,1
Super built-up Area,Pampa Extension,2.0,3.0,45.5,993.0,2.0,496.5,1.0,1,1
Plot Area,Bommasandra Industrial Area,3.0,0.0,45.0,1200.0,2.0,600.0,1.5,1,0
Super built-up Area,Lavelle Road,2.0,1.0,156.0,985.0,2.0,492.5,1.0,1,0
Built-up Area,4th Block Koramangala,5.0,3.0,180.0,2400.0,4.0,600.0,1.25,1,0
Super built-up Area,Hebbal,2.0,1.0,95.0,1255.0,3.0,418.3333333333333,0.6666666666666666,0,1
Super built-up Area,Hoodi,3.0,2.0,131.0,1655.0,3.0,551.6666666666666,1.0,0,1
Super built-up Area,Whitefield,5.0,3.0,190.0,2830.0,4.0,707.5,1.25,0,1
Super built-up Area,Sector 1 HSR Layout,1.0,1.0,276.0,6000.0,1.0,6000.0,1.0,1,0
Super built-up Area,Balaji Gardens Layout,2.0,1.0,40.0,825.0,1.0,825.0,2.0,1,0
Super built-up Area,Begur Road,3.0,1.0,111.0,1634.0,3.0,544.6666666666666,1.0,0,1
Super built-up Area,Banaswadi,2.0,2.0,80.0,1222.0,2.0,611.0,1.0,1,0
Super built-up Area,Gottigere,3.0,2.0,63.0,1500.0,3.0,500.0,1.0,1,1
Super built-up Area,Akshaya Nagar,4.0,2.0,100.0,1890.0,3.0,630.0,1.3333333333333333,1,0
Built-up Area,Hegde Nagar,6.0,2.0,375.0,3750.0,4.0,937.5,1.5,1,1
Super built-up Area,Hulimavu,1.0,1.0,39.5,850.0,2.0,425.0,0.5,1,0
Super built-up Area,Whitefield,2.0,3.0,78.5,1295.0,2.0,647.5,1.0,1,1
Super built-up Area,Sarjapur  Road,2.0,1.0,100.0,1320.0,2.0,660.0,1.0,1,1
Plot Area,Hebbal,4.0,2.0,225.0,1200.0,4.0,300.0,1.0,1,0
Built-up Area,2nd Stage Nagarbhavi,3.0,3.0,170.0,3000.0,4.0,750.0,0.75,1,0
Built-up Area,Harlur,2.0,1.0,82.0,1197.0,2.0,598.5,1.0,1,0
Super built-up Area,Hoysalanagar,2.0,3.0,60.0,1320.0,3.0,440.0,0.6666666666666666,1,0
Super built-up Area,Whitefield,1.0,1.0,57.6,840.0,1.0,840.0,1.0,0,1
Super built-up Area,Whitefield,1.0,0.0,19.83,640.0,1.0,640.0,1.0,0,1
Super built-up Area,Raja Rajeshwari Nagar,3.0,1.0,71.38,1693.0,3.0,564.3333333333334,1.0,1,1
Super built-up Area,Kodihalli,2.0,1.0,62.0,1000.0,2.0,500.0,1.0,1,0
Built-up Area,Babusapalaya,2.0,1.0,70.0,1305.0,2.0,652.5,1.0,1,1
Built-up Area,Kodichikkanahalli,1.0,1.0,18.0,450.0,1.0,450.0,1.0,1,1
Super built-up Area,CV Raman Nagar,1.0,1.0,57.0,705.0,1.0,705.0,1.0,1,1
Built-up Area,Tumkur Road,5.0,2.0,150.0,4800.0,5.0,960.0,1.0,1,0
Built-up Area,Koramangala Industrial Layout,5.0,,600.0,5000.0,4.0,1250.0,1.25,1,0
Plot Area,Gubbalala,4.0,3.0,425.0,5000.0,4.0,1250.0,1.0,1,0
Built-up Area,Whitefield,3.0,2.0,104.0,1991.0,3.0,663.6666666666666,1.0,0,0
Super built-up Area,Battarahalli,3.0,2.0,90.0,1779.0,3.0,593.0,1.0,1,1
Plot Area,Whitefield,4.0,1.0,1250.0,10200.0,4.0,2550.0,1.0,1,1
Super built-up Area,Banaswadi,2.0,2.0,38.0,870.0,2.0,435.0,1.0,1,1
Super built-up Area,Thanisandra,3.0,2.0,120.0,1595.0,3.0,531.6666666666666,1.0,0,1
Plot Area,Basaveswarnagar,4.0,2.0,420.0,2400.0,6.0,400.0,0.6666666666666666,0,0
Super built-up Area,Iblur Village,4.0,2.0,138.0,2000.0,3.0,666.6666666666666,1.3333333333333333,0,1
Super built-up Area,Yelahanka,3.0,2.0,93.0,1614.0,3.0,538.0,1.0,1,1
Super built-up Area,Gottigere,2.0,3.0,40.0,1200.0,2.0,600.0,1.0,1,0
Built-up Area,Electronic City Phase II,3.0,3.0,46.0,1150.0,3.0,383.3333333333333,1.0,1,1
Super built-up Area,Indira Nagar,4.0,,440.0,3200.0,4.0,800.0,1.0,1,0
Super built-up Area,Sonnenahalli,3.0,2.0,80.48,1610.0,3.0,536.6666666666666,1.0,0,1
Super built-up Area,Whitefield,2.0,2.0,41.0,1190.0,2.0,595.0,1.0,1,0
Super built-up Area,Kallumantapa,2.0,2.0,50.0,1050.0,2.0,525.0,1.0,1,1
Plot Area,Vaishnavi Layout,5.0,2.0,420.0,4800.0,4.0,1200.0,1.25,1,1
Super built-up Area,7th Phase JP Nagar,2.0,1.0,97.0,1460.0,3.0,486.6666666666667,0.6666666666666666,1,1
Super built-up Area,Jaymahal Road,3.0,3.0,400.0,3400.0,3.0,1133.3333333333333,1.0,1,0
Plot Area,Naganathapura,1.0,0.0,33.0,600.0,1.0,600.0,1.0,1,0
Built-up Area,Suraksha Nagar,3.0,0.0,70.0,1569.0,3.0,523.0,1.0,1,1
Built-up Area,"Off Sarjapur Road,",3.0,2.0,147.0,2600.0,3.0,866.6666666666666,1.0,0,0
Super built-up Area,Electronics City Phase 1,1.0,0.0,42.5,645.0,1.0,645.0,1.0,1,1
Plot Area,Nagarbhavi Garden Villas Layout,3.0,1.0,180.0,1200.0,4.0,300.0,0.75,1,0
Built-up Area,Mico Layout,2.0,1.0,80.0,800.0,2.0,400.0,1.0,1,0
Super built-up Area,Marathahalli,2.0,1.0,90.0,1350.0,2.0,675.0,1.0,1,1
Super built-up Area,BTM 2nd Stage,4.0,1.0,325.0,2780.0,3.0,926.6666666666666,1.3333333333333333,1,1
Super built-up Area,Rajarajeshwari Nagara,2.0,2.0,45.12,1410.0,3.0,470.0,0.6666666666666666,0,0
Super built-up Area,Whitefield,2.0,1.0,35.47,1109.0,2.0,554.5,1.0,1,1
Super built-up Area,Vasanth nagar,3.0,2.0,1063.0,2000.0,4.0,500.0,0.75,1,1
Built-up Area,Agrahara Dasarahalli,1.0,0.0,72.0,800.0,1.0,800.0,1.0,1,0
Super built-up Area,Bannerghatta Road,2.0,1.0,68.0,1215.0,2.0,607.5,1.0,1,1
Built-up Area,Prithvi Layout,4.0,2.0,192.0,2273.0,3.0,757.6666666666666,1.3333333333333333,1,1
Super built-up Area,Varthur Road,2.0,2.0,52.76,1255.0,2.0,627.5,1.0,0,0
Super built-up Area,B Narayanapura,2.0,1.0,49.0,1020.0,2.0,510.0,1.0,1,0
Super built-up Area,T R Mill Road,2.0,2.0,82.0,1225.0,3.0,408.3333333333333,0.6666666666666666,0,0
Super built-up Area,Singasandra,2.0,1.0,60.0,1120.0,2.0,560.0,1.0,1,0
Plot Area,Victoria Layout,5.0,3.0,625.0,2400.0,5.0,480.0,1.0,1,0
Super built-up Area,Kasavanhalli,2.0,1.0,69.0,1225.0,3.0,408.3333333333333,0.6666666666666666,1,1
Plot Area,Whitefield,5.0,3.0,242.0,5200.0,4.0,1300.0,1.25,1,1
Built-up Area,Indira Nagar,4.0,1.0,700.0,4000.0,4.0,1000.0,1.0,1,0
Super built-up Area,Sarjapur  Road,4.0,1.0,145.0,1984.0,3.0,661.3333333333334,1.3333333333333333,1,1
Super built-up Area,Old Madras Road,3.0,1.0,197.0,2425.0,3.0,808.3333333333334,1.0,1,1
Plot Area,ITPL,3.0,1.0,56.12,1200.0,3.0,400.0,1.0,0,0
Super built-up Area,Bommasandra,2.0,1.0,45.0,1127.0,2.0,563.5,1.0,0,1
Built-up Area,Whitefield,3.0,2.0,97.0,1655.0,3.0,551.6666666666666,1.0,0,0
Super built-up Area,Ananth Nagar,1.0,1.0,14.0,500.0,1.0,500.0,1.0,0,0
Plot Area,Varthur,3.0,1.0,68.38,1200.0,3.0,400.0,1.0,0,0
Super built-up Area,Kaggadasapura,2.0,2.0,43.0,1000.0,2.0,500.0,1.0,1,1
Super built-up Area,CV Raman Nagar,2.0,2.0,47.88,1225.0,2.0,612.5,1.0,0,0
Super built-up Area,Hormavu,2.0,2.0,45.0,1350.0,2.0,675.0,1.0,1,1
Super built-up Area,Sahakara Nagar,2.0,3.0,49.0,1175.0,2.0,587.5,1.0,1,1
Super built-up Area,Sanne Amanikere,1.0,2.0,27.0,655.0,1.0,655.0,1.0,1,1
Super built-up Area,Hosa Road,2.0,1.0,84.86,1311.0,3.0,437.0,0.6666666666666666,0,1
Carpet Area,CV Raman Nagar,2.0,1.0,38.5,1000.0,2.0,500.0,1.0,1,1
Super built-up Area,Indira Nagar Stage 2,2.0,1.0,96.0,1196.0,2.0,598.0,1.0,1,0
Built-up Area,Kanakpura Road,2.0,1.0,59.0,1050.0,3.0,350.0,0.6666666666666666,1,1
Super built-up Area,Somasundara Palya,2.0,2.0,52.0,1275.0,3.0,425.0,0.6666666666666666,1,0
Carpet Area,Hommadevanahalli,2.0,1.0,50.0,927.0,2.0,463.5,1.0,1,0
Super built-up Area,Varthur,2.0,3.0,61.0,1520.0,3.0,506.6666666666667,0.6666666666666666,1,1
Plot Area,BTM Layout 2nd Stage 1st Phase,5.0,2.0,395.0,2400.0,4.0,600.0,1.25,1,0
Built-up Area,Hebbal,2.0,1.0,104.0,1333.0,2.0,666.5,1.0,1,1
Super built-up Area,Tunganagara,1.0,0.0,18.0,600.0,1.0,600.0,1.0,0,1
Super built-up Area,Abbigere,2.0,1.0,34.8,1326.0,3.0,442.0,0.6666666666666666,0,1
Super built-up Area,Sarjapur  Road,,,85.125,1773.5,3.0,591.1666666666666,,0,1
Built-up Area,Koramangala,2.0,2.0,125.0,1370.0,2.0,685.0,1.0,1,1
Super built-up Area,Koramangala,2.0,2.0,85.0,1100.0,2.0,550.0,1.0,1,1
Super built-up Area,Haralur Road,3.0,3.0,100.0,1650.0,3.0,550.0,1.0,1,0
Super built-up Area,Kasavanhalli,3.0,2.0,132.0,1917.0,3.0,639.0,1.0,0,0
Super built-up Area,Billekahalli,2.0,1.0,58.11,950.0,2.0,475.0,1.0,1,1
Super built-up Area,T C Palya main Road,2.0,1.0,48.72,1175.0,2.0,587.5,1.0,1,0
Super built-up Area,8th Phase JP Nagar,2.0,1.0,43.55,1089.0,2.0,544.5,1.0,1,0
Super built-up Area,Kalena Agrahara,3.0,2.0,175.0,1804.0,3.0,601.3333333333334,1.0,1,1
Super built-up Area,Hoodi,2.0,1.0,68.5,1257.0,2.0,628.5,1.0,1,1
Super built-up Area,Sarjapur,1.0,2.0,19.87,650.0,1.0,650.0,1.0,1,1
Super built-up Area,Whitefield,3.0,2.0,150.0,1850.0,3.0,616.6666666666666,1.0,1,1
Built-up Area,Vishwapriya Nagar,4.0,1.0,200.0,2800.0,4.0,700.0,1.0,1,0
Built-up Area,Vidyaranyapura,2.0,,40.0,945.0,2.0,472.5,1.0,1,0
Super built-up Area,Koramangala,2.0,1.0,63.85,1161.0,2.0,580.5,1.0,0,0
Super built-up Area,Banashankari Stage V,3.0,2.0,51.35,1630.0,3.0,543.3333333333334,1.0,0,1
Super built-up Area,Jalahalli,2.0,2.0,60.0,1310.0,3.0,436.6666666666667,0.6666666666666666,1,1
Super built-up Area,Lake City,2.0,1.0,28.0,750.0,2.0,375.0,1.0,1,0
Plot Area,Whitefield,3.0,1.0,67.77,1200.0,3.0,400.0,1.0,0,0
Super built-up Area,Vittal Nagar,2.0,1.0,45.0,1000.0,2.0,500.0,1.0,1,1
Plot Area,Old Madras Road,4.0,2.0,225.0,4000.0,4.0,1000.0,1.0,1,0
Built-up Area,Nagavara,2.0,2.0,70.0,1315.0,2.0,657.5,1.0,1,0
Super built-up Area,Sahakara Nagar,2.0,2.0,90.0,1370.0,3.0,456.6666666666667,0.6666666666666666,1,1
Built-up Area,Bellandur,3.0,3.0,90.0,1465.0,2.0,732.5,1.5,1,1
Plot Area,JP Nagar,3.0,,175.0,20000.0,3.0,6666.666666666667,1.0,1,0
Super built-up Area,Electronic City,2.0,1.0,64.0,1128.0,2.0,564.0,1.0,0,1
Super built-up Area,Padmanabhanagar,2.0,2.0,70.0,1250.0,3.0,416.6666666666667,0.6666666666666666,1,1
Super built-up Area,Horamavu Agara,2.0,2.0,75.0,1284.0,3.0,428.0,0.6666666666666666,1,0
Super built-up Area,Hebbal,3.0,2.0,199.0,2600.0,3.0,866.6666666666666,1.0,0,1
Super built-up Area,Kodigehalli,3.0,2.0,150.0,1820.0,3.0,606.6666666666666,1.0,0,0
Super built-up Area,Haralur Road,3.0,1.0,73.0,1580.0,3.0,526.6666666666666,1.0,1,0
Built-up Area,Akshaya Nagar,3.0,2.0,125.0,2650.0,3.0,883.3333333333334,1.0,1,0
Super built-up Area,Uttarahalli,2.0,1.0,40.0,1075.0,2.0,537.5,1.0,1,0
Super built-up Area,R.T. Nagar,2.0,3.0,78.0,1400.0,3.0,466.6666666666667,0.6666666666666666,1,1
Super built-up Area,Subramanyapura,2.0,1.0,55.0,1400.0,3.0,466.6666666666667,0.6666666666666666,1,0
Built-up Area,Bisuvanahalli,2.0,1.0,30.0,845.0,2.0,422.5,1.0,1,1
Super built-up Area,Hegde Nagar,4.0,3.0,40.0,2600.0,4.0,650.0,1.0,1,0
Built-up Area,Sarjapur,6.0,0.0,385.5,3854.5,4.0,963.625,1.5,1,1
Super built-up Area,Richards Town,2.0,1.0,85.0,800.0,2.0,400.0,1.0,1,0
Super built-up Area,Gunjur,2.0,2.0,43.48,1175.0,2.0,587.5,1.0,1,1
Plot Area,Sahakara Nagar,3.0,,270.0,2400.0,3.0,800.0,1.0,1,0
Super built-up Area,Bellandur,3.0,2.0,109.0,1767.0,3.0,589.0,1.0,1,1
Super built-up Area,Sarjapur  Road,3.0,1.0,90.0,1800.0,4.0,450.0,0.75,1,1
Plot Area,R.T. Nagar,3.0,,140.0,1200.0,3.0,400.0,1.0,1,0
Super built-up Area,Rajaji Nagar,3.0,0.0,150.0,1613.0,3.0,537.6666666666666,1.0,0,1
Super built-up Area,Jakkur,5.0,,795.0,6830.0,4.0,1707.5,1.25,1,1
Built-up Area,Whitefield,2.0,0.0,90.0,1290.0,2.0,645.0,1.0,1,0
Super built-up Area,Kasavanhalli,2.0,1.0,78.0,1375.0,2.0,687.5,1.0,1,1
Super built-up Area,Bagalur,2.0,2.0,57.0,985.0,2.0,492.5,1.0,1,1
Plot Area,Jeevan bima nagar,4.0,1.0,200.0,1200.0,4.0,300.0,1.0,1,0
Super built-up Area,Singasandra,2.0,1.0,37.5,1099.0,2.0,549.5,1.0,1,0
Super built-up Area,Electronic City,1.0,0.0,13.31,605.0,1.0,605.0,1.0,0,1
Super built-up Area,1 Immadihalli,12.0,,150.0,6000.0,11.0,545.4545454545455,1.0909090909090908,1,0
Built-up Area,RMV Extension Stage 2,7.0,3.0,160.0,3600.0,7.0,514.2857142857143,1.0,1,0
Super built-up Area,Marathahalli,2.0,1.0,53.0,1200.0,2.0,600.0,1.0,1,1
Built-up Area,Hulimavu,2.0,1.0,45.0,1000.0,2.0,500.0,1.0,1,1
Super built-up Area,Electronic City,2.0,3.0,38.0,1159.0,3.0,386.3333333333333,0.6666666666666666,1,1
Super built-up Area,Sarjapur  Road,5.0,,340.0,3692.0,5.0,738.4,1.0,1,1
Plot Area,Devi Nagar,2.0,1.0,80.0,600.0,2.0,300.0,1.0,1,0
Plot Area,4th Block Koramangala,4.0,3.0,600.0,2400.0,4.0,600.0,1.0,1,0
Built-up Area,BTM Layout,2.0,2.0,78.0,1540.0,3.0,513.3333333333334,0.6666666666666666,1,1
Built-up Area,"JP Nagar 7th Phase,",2.0,2.0,93.0,1503.0,3.0,501.0,0.6666666666666666,1,0
Super built-up Area,Ambedkar Nagar,4.0,2.0,120.0,1850.0,3.0,616.6666666666666,1.3333333333333333,1,1
Built-up Area,Uttarahalli,3.0,1.0,60.0,1580.0,3.0,526.6666666666666,1.0,1,1
Super built-up Area,Mico Layout,2.0,2.0,39.25,1190.0,2.0,595.0,1.0,1,1
Plot Area,Sampigehalli,2.0,1.0,61.0,1200.0,2.0,600.0,1.0,1,0
Super built-up Area,Jakkur,1.0,1.0,19.9,850.0,2.0,425.0,0.5,0,0
Super built-up Area,Domlur,3.0,2.0,285.0,2180.0,3.0,726.6666666666666,1.0,1,0
Super built-up Area,Hennur Bande,2.0,1.0,60.0,2500.0,3.0,833.3333333333334,0.6666666666666666,1,0
Plot Area,ITPL,3.0,1.0,56.12,1200.0,3.0,400.0,1.0,0,0
Super built-up Area,Kamakshipalya,2.0,2.0,52.0,1500.0,3.0,500.0,0.6666666666666666,1,0
Super built-up Area,Thanisandra,3.0,3.0,120.0,1880.0,3.0,626.6666666666666,1.0,1,1
Super built-up Area,Padmanabhanagar,2.0,2.0,45.0,1150.0,2.0,575.0,1.0,1,1
Plot Area,Kasavanhalli,4.0,2.0,344.0,4408.0,4.0,1102.0,1.0,0,0
Super built-up Area,Sarjapur  Road,6.0,,385.0,7800.0,5.0,1560.0,1.2,1,1
Built-up Area,Karuna Nagar,3.0,2.0,175.0,1962.0,3.0,654.0,1.0,1,1
Super built-up Area,B Narayanapura,3.0,2.0,77.27,1765.0,3.0,588.3333333333334,1.0,0,0
Super built-up Area,Attibele,2.0,1.0,29.35,1174.0,2.0,587.0,1.0,1,1
Super built-up Area,Bannerghatta Road,3.0,1.0,115.0,1894.0,3.0,631.3333333333334,1.0,0,1
Super built-up Area,Sector 7 HSR Layout,3.0,2.0,142.0,1760.0,3.0,586.6666666666666,1.0,1,1
Built-up Area,Doddanakundi Industrial Area 2,3.0,3.0,95.0,1768.0,3.0,589.3333333333334,1.0,1,0
Built-up Area,Kothanur,3.0,0.0,97.0,1790.0,3.0,596.6666666666666,1.0,1,1
Plot Area,Kumara Park,5.0,1.0,800.0,3500.0,4.0,875.0,1.25,0,0
Plot Area,Whitefield,2.0,1.0,45.0,1200.0,2.0,600.0,1.0,0,0
Built-up Area,Kengeri,4.0,0.0,160.0,2540.0,4.0,635.0,1.0,1,1
Super built-up Area,Mahadevpura,2.0,1.0,53.4,1137.0,2.0,568.5,1.0,1,1
Super built-up Area,Jakkur,,,229.0,3181.0,4.0,795.25,,0,1
Super built-up Area,Mysore Road,2.0,2.0,100.0,1568.0,3.0,522.6666666666666,0.6666666666666666,1,1
Built-up Area,Devanahalli,4.0,0.0,393.5,4920.0,4.0,1230.0,1.0,1,1
Super built-up Area,AECS Layout,2.0,1.0,60.0,1308.0,2.0,654.0,1.0,1,1
Super built-up Area,Shankarapuram,4.0,2.0,350.0,3060.0,4.0,765.0,1.0,0,0
Super built-up Area,Bisuvanahalli,2.0,1.0,41.0,1200.0,3.0,400.0,0.6666666666666666,1,1
Super built-up Area,Shetty Halli,1.0,2.0,32.0,800.0,1.0,800.0,1.0,1,0
Super built-up Area,Electronic City,1.0,1.0,13.5,530.0,1.0,530.0,1.0,0,1
Plot Area,AGB Layout,6.0,3.0,145.0,3000.0,7.0,428.57142857142856,0.8571428571428571,1,0
Plot Area,2nd Stage Arekere Mico Layout,4.0,1.0,235.0,1200.0,4.0,300.0,1.0,1,0
Super built-up Area,Subramanyapura,2.0,1.0,33.53,958.0,2.0,479.0,1.0,1,0
Super built-up Area,Talaghattapura,3.0,3.0,159.0,2273.0,3.0,757.6666666666666,1.0,0,1
Super built-up Area,Thanisandra,1.0,2.0,50.0,760.0,1.0,760.0,1.0,1,1
Super built-up Area,Dommasandra,2.0,2.0,43.5,1090.0,2.0,545.0,1.0,1,0
Super built-up Area,Bellandur,3.0,1.0,230.0,2666.0,3.0,888.6666666666666,1.0,1,0
Super built-up Area,Sarjapur  Road,2.0,1.0,89.0,1550.0,3.0,516.6666666666666,0.6666666666666666,1,1
Super built-up Area,Ramagondanahalli,2.0,1.0,50.0,1251.0,2.0,625.5,1.0,0,1
Super built-up Area,Electronic City,2.0,1.0,53.0,1070.0,2.0,535.0,1.0,1,1
Super built-up Area,Kalena Agrahara,2.0,2.0,45.0,1200.0,2.0,600.0,1.0,1,0
Built-up Area,CV Raman Nagar,2.0,2.0,60.0,1435.0,3.0,478.3333333333333,0.6666666666666666,1,1
Built-up Area,Bommasandra,2.0,3.0,45.0,1400.0,3.0,466.6666666666667,0.6666666666666666,1,1
Super built-up Area,Judicial Layout,3.0,2.0,94.71,2330.0,4.0,582.5,0.75,1,1
Super built-up Area,Thanisandra,2.0,3.0,60.0,1200.0,2.0,600.0,1.0,1,1
Super built-up Area,Panathur,2.0,2.0,40.0,1000.0,2.0,500.0,1.0,1,0
Super built-up Area,Bannerghatta Road,2.0,2.0,62.89,1655.0,3.0,551.6666666666666,0.6666666666666666,0,1
Built-up Area,Raja Rajeshwari Nagar,9.0,3.0,240.0,3600.0,9.0,400.0,1.0,1,0
Plot Area,Bidrahalli,1.0,1.0,35.0,600.0,1.0,600.0,1.0,1,0
Super built-up Area,Electronics City Phase 1,2.0,1.0,50.0,1175.0,2.0,587.5,1.0,1,1
Super built-up Area,Uttarahalli,2.0,2.0,40.43,1155.0,2.0,577.5,1.0,1,1
Plot Area,Magadi Road,3.0,2.0,98.0,1200.0,3.0,400.0,1.0,1,1
Super built-up Area,Budigere,2.0,2.0,65.0,1149.0,2.0,574.5,1.0,1,1
Super built-up Area,Jakkur,,,98.485,1745.0,3.0,581.6666666666666,,1,1
Plot Area,Choodasandra,4.0,2.0,375.0,3200.0,4.0,800.0,1.0,1,1
Super built-up Area,Chinnapanahalli,2.0,2.0,55.0,1010.0,2.0,505.0,1.0,1,0
Super built-up Area,Hegde Nagar,3.0,2.0,119.0,1718.0,3.0,572.6666666666666,1.0,1,1
Super built-up Area,Bilal Nagar,1.0,1.0,20.0,650.0,2.0,325.0,0.5,1,0
Super built-up Area,Banashankari,2.0,2.0,77.0,1330.0,2.0,665.0,1.0,1,1
Super built-up Area,Hormavu,2.0,2.0,68.0,1200.0,2.0,600.0,1.0,1,1
Super built-up Area,Bannerghatta Road,3.0,2.0,89.0,1693.0,3.0,564.3333333333334,1.0,0,1
Super built-up Area,Koramangala,2.0,1.0,165.0,1249.0,2.0,624.5,1.0,0,1
Built-up Area,Thanisandra,4.0,1.0,125.0,1800.0,3.0,600.0,1.3333333333333333,1,1
Plot Area,Margondanahalli,2.0,0.0,55.0,900.0,2.0,450.0,1.0,1,0
Super built-up Area,NGR Layout,2.0,1.0,46.0,1020.0,2.0,510.0,1.0,1,1
Super built-up Area,Amruthahalli,3.0,2.0,77.0,1700.0,3.0,566.6666666666666,1.0,1,0
Built-up Area,Panathur,1.0,1.0,40.0,661.0,1.0,661.0,1.0,0,0
Super built-up Area,Bannerghatta Road,2.0,2.0,60.16,1280.0,2.0,640.0,1.0,0,1
Super built-up Area,Hosur Road,2.0,1.0,48.0,1170.0,2.0,585.0,1.0,1,0
Super built-up Area,Thanisandra,2.0,1.0,58.0,933.0,1.0,933.0,2.0,1,1
Built-up Area,Sarjapur  Road,2.0,0.0,44.0,1150.0,2.0,575.0,1.0,1,1
Super built-up Area,Benson Town,6.0,2.0,550.0,3633.0,4.0,908.25,1.5,1,1
Super built-up Area,Rajaji Nagar,3.0,3.0,130.0,1380.0,3.0,460.0,1.0,1,1
Built-up Area,Banjara Layout,2.0,1.0,64.8,1050.0,2.0,525.0,1.0,1,0
Super built-up Area,Kanakapura Main Road,2.0,1.0,37.8,1080.0,2.0,540.0,1.0,1,0
Super built-up Area,Harlur,2.0,1.0,90.0,1303.0,2.0,651.5,1.0,1,1
Super built-up Area,Raja Rajeshwari Nagar,2.0,2.0,40.54,1196.0,2.0,598.0,1.0,1,1
Built-up Area,Nagarbhavi,3.0,2.0,180.0,2500.0,5.0,500.0,0.6,1,0
Super built-up Area,Bommanahalli,3.0,2.0,41.0,1250.0,3.0,416.6666666666667,1.0,0,0
Super built-up Area,Akshaya Nagar,2.0,3.0,87.0,1419.0,3.0,473.0,0.6666666666666666,1,1
Super built-up Area,Banashankari,2.0,3.0,49.0,1200.0,2.0,600.0,1.0,1,1
Built-up Area,7th Phase JP Nagar,2.0,2.0,65.0,1120.0,2.0,560.0,1.0,1,0
Super built-up Area,Electronics City Phase 1,1.0,0.0,45.4,762.5,1.0,762.5,1.0,1,1
Super built-up Area,Electronics City Phase 1,2.0,1.0,75.0,1245.0,2.0,622.5,1.0,1,1
Built-up Area,Palanahalli,4.0,3.0,428.0,3978.0,4.0,994.5,1.0,1,1
Super built-up Area,Channasandra,2.0,1.0,34.0,1093.0,2.0,546.5,1.0,1,1
Super built-up Area,Electronic City,1.0,1.0,26.63,1025.0,2.0,512.5,0.5,0,0
Super built-up Area,Hebbal,2.0,1.0,97.0,1345.0,2.0,672.5,1.0,1,1
Plot Area,Suryanagar,2.0,1.0,45.0,1500.0,2.0,750.0,1.0,1,0
Super built-up Area,Vijayanagar,2.0,1.0,86.0,1180.0,2.0,590.0,1.0,0,1
Super built-up Area,NGR Layout,2.0,1.0,48.45,1020.0,2.0,510.0,1.0,1,1
Super built-up Area,Nanjappa Layout,3.0,3.0,85.0,1800.0,3.0,600.0,1.0,1,0
Super built-up Area,Konanakunte,4.0,1.0,511.0,3621.0,4.0,905.25,1.0,0,1
Super built-up Area,Banagiri Nagar,3.0,2.0,170.0,2008.0,3.0,669.3333333333334,1.0,1,0
Super built-up Area,Kothannur,2.0,2.0,39.85,1240.0,3.0,413.3333333333333,0.6666666666666666,0,0
Super built-up Area,CV Raman Nagar,2.0,1.0,55.0,1020.0,2.0,510.0,1.0,1,1
Super built-up Area,2nd Stage Arekere Mico Layout,3.0,2.0,142.0,2095.0,3.0,698.3333333333334,1.0,1,1
Super built-up Area,Gunjur,3.0,2.0,62.63,1362.0,3.0,454.0,1.0,1,1
Super built-up Area,Yelahanka,1.0,0.0,30.84,694.0,1.0,694.0,1.0,1,1
Super built-up Area,Vittasandra,2.0,2.0,70.0,1404.0,2.0,702.0,1.0,1,1
Super built-up Area,Electronic City Phase II,2.0,3.0,47.0,1192.0,3.0,397.3333333333333,0.6666666666666666,1,0
Super built-up Area,Vittasandra,2.0,1.0,67.48,1259.0,2.0,629.5,1.0,1,0
Super built-up Area,Kengeri,2.0,2.0,34.0,1000.0,2.0,500.0,1.0,1,0
Super built-up Area,Rachenahalli,2.0,1.0,49.97,985.0,2.0,492.5,1.0,0,1
Built-up Area,Indira Nagar,1.0,2.0,60.0,850.0,1.0,850.0,1.0,1,1
Built-up Area,Uttarahalli,2.0,1.0,50.0,1650.0,3.0,550.0,0.6666666666666666,1,0
Plot Area,Rajaji Nagar,3.0,1.0,320.0,2400.0,5.0,480.0,0.6,1,0
Super built-up Area,Sarjapur  Road,4.0,1.0,180.0,1900.0,3.0,633.3333333333334,1.3333333333333333,1,0
Super built-up Area,Ambedkar Nagar,2.0,2.0,86.0,1367.0,2.0,683.5,1.0,1,1
Super built-up Area,Rajaji Nagar,2.0,2.0,81.0,1210.0,3.0,403.3333333333333,0.6666666666666666,1,1
Super built-up Area,Duvasapalya,2.0,1.0,48.6,1190.0,2.0,595.0,1.0,1,0
Super built-up Area,Sarjapur,2.0,2.0,42.0,1175.0,2.0,587.5,1.0,1,0
Super built-up Area,R.T. Nagar,4.0,,400.0,2800.0,4.0,700.0,1.0,1,0
Super built-up Area,Whitefield,2.0,2.0,40.0,1140.0,2.0,570.0,1.0,1,1
Super built-up Area,Hoskote,2.0,2.0,33.6,1095.0,2.0,547.5,1.0,1,1
Super built-up Area,Attibele,1.0,0.0,19.55,782.0,1.0,782.0,1.0,1,1
Super built-up Area,Gubbalala,2.0,2.0,80.0,1435.0,3.0,478.3333333333333,0.6666666666666666,1,1
Super built-up Area,Choodasandra,2.0,2.0,36.0,725.0,2.0,362.5,1.0,1,1
Built-up Area,BCMC Layout,2.0,2.0,88.0,1600.0,3.0,533.3333333333334,0.6666666666666666,1,1
Super built-up Area,Hosakerehalli,4.0,2.0,300.0,3205.0,4.0,801.25,1.0,1,1
Super built-up Area,Nehru Nagar,3.0,,90.0,1674.0,3.0,558.0,1.0,1,1
Super built-up Area,Kanakpura Road,3.0,2.0,130.0,1703.0,3.0,567.6666666666666,1.0,0,1
Super built-up Area,Padmanabhanagar,3.0,1.0,71.55,1350.0,3.0,450.0,1.0,0,0
Super built-up Area,Horamavu Agara,2.0,1.0,41.21,1145.0,2.0,572.5,1.0,1,1
Super built-up Area,Whitefield,2.0,1.0,75.0,1216.0,2.0,608.0,1.0,0,1
Super built-up Area,7th Phase JP Nagar,3.0,1.0,60.0,1100.0,2.0,550.0,1.5,1,1
Super built-up Area,Sarjapur  Road,5.0,1.0,201.0,2425.0,4.0,606.25,1.25,1,1
Plot Area,Kothanur,4.0,2.0,175.0,2700.0,4.0,675.0,1.0,1,0
Carpet Area,Kanakpura Road,3.0,3.0,90.0,1600.0,3.0,533.3333333333334,1.0,1,1
Super built-up Area,Banashankari Stage V,3.0,3.0,47.57,1510.0,3.0,503.3333333333333,1.0,0,1
Super built-up Area,Hosakerehalli,4.0,1.0,326.0,3033.0,4.0,758.25,1.0,1,1
Plot Area,Pai Layout,2.0,1.0,72.0,780.0,2.0,390.0,1.0,1,0
Built-up Area,Banashankari Stage II,2.0,2.0,110.0,1250.0,2.0,625.0,1.0,1,0
Plot Area,Horamavu Agara,4.0,1.0,100.0,1250.0,4.0,312.5,1.0,1,0
Plot Area,Udaya Nagar,4.0,2.0,160.0,1350.0,4.0,337.5,1.0,1,0
Built-up Area,Laggere,2.0,0.0,48.0,620.0,1.0,620.0,2.0,1,0
Super built-up Area,Raja Rajeshwari Nagar,3.0,2.0,60.65,1630.0,3.0,543.3333333333334,1.0,1,1
Built-up Area,Hennur Road,2.0,0.0,45.0,1020.0,2.0,510.0,1.0,1,0
Super built-up Area,Hosakerehalli,2.0,2.0,53.58,1410.0,3.0,470.0,0.6666666666666666,0,1
Carpet Area,Bhoganhalli,2.0,1.0,100.0,1181.7,2.0,590.85,1.0,0,1
Built-up Area,KR Puram,4.0,0.0,83.0,1200.0,4.0,300.0,1.0,1,0
Super built-up Area,Banaswadi,2.0,3.0,60.0,1200.0,2.0,600.0,1.0,1,0
Super built-up Area,Old Airport Road,2.0,2.0,50.0,1050.0,2.0,525.0,1.0,1,0
Super built-up Area,Whitefield,2.0,1.0,94.84,1356.0,2.0,678.0,1.0,0,1
Super built-up Area,Whitefield,2.0,1.0,103.0,1338.0,2.0,669.0,1.0,0,1
Super built-up Area,Kengeri Satellite Town Stage II,1.0,1.0,20.0,500.0,1.0,500.0,1.0,1,0
Super built-up Area,Vasantha Vallabha Nagar,2.0,1.0,100.0,1280.0,3.0,426.6666666666667,0.6666666666666666,0,1
Super built-up Area,Raja Rajeshwari Nagar,3.0,3.0,51.77,1531.0,3.0,510.3333333333333,1.0,1,1
Super built-up Area,Church Street,4.0,1.0,1600.0,11000.0,4.0,2750.0,1.0,0,0
Built-up Area,Anekal,1.0,1.0,23.5,620.0,2.0,310.0,0.5,1,0
Super built-up Area,8th Phase JP Nagar,2.0,2.0,65.0,1605.0,3.0,535.0,0.6666666666666666,1,1
Super built-up Area,Thanisandra,3.0,2.0,110.0,1917.0,3.0,639.0,1.0,1,1
Plot Area,Nagarbhavi,3.0,1.0,340.0,1200.0,4.0,300.0,0.75,1,0
Super built-up Area,Srinivas Colony,3.0,2.0,943.0,2750.0,3.0,916.6666666666666,1.0,1,0
Built-up Area,Sarjapur  Road,3.0,2.0,55.0,1400.0,3.0,466.6666666666667,1.0,1,1
Built-up Area,Thubarahalli,3.0,3.0,175.0,2625.0,3.0,875.0,1.0,1,1
Super built-up Area,Hennur Road,3.0,3.0,128.0,2041.0,3.0,680.3333333333334,1.0,1,1
Super built-up Area,Sarjapur  Road,4.0,2.0,160.0,2070.0,3.0,690.0,1.3333333333333333,1,1
Super built-up Area,Hebbal,3.0,3.0,59.0,1110.0,3.0,370.0,1.0,1,1
Built-up Area,Uday Nagar,3.0,1.0,110.0,1650.0,3.0,550.0,1.0,1,1
Plot Area,Ambedkar Nagar,4.0,3.0,255.0,3565.0,4.0,891.25,1.0,0,1
Super built-up Area,Varthur Road,2.0,2.0,30.47,1033.0,3.0,344.3333333333333,0.6666666666666666,0,0
Super built-up Area,HSR Layout,2.0,2.0,65.0,1142.0,2.0,571.0,1.0,1,1
Super built-up Area,Mathikere,2.0,2.0,75.0,1500.0,3.0,500.0,0.6666666666666666,1,0
Super built-up Area,Electronic City Phase II,3.0,3.0,50.0,1502.0,3.0,500.6666666666667,1.0,1,1
Super built-up Area,Shree Ananth Nagar Layout,2.0,1.0,45.0,1176.0,3.0,392.0,0.6666666666666666,1,1
Super built-up Area,Hosa Road,2.0,1.0,32.8,1063.0,2.0,531.5,1.0,0,0
Built-up Area,Kammanahalli,2.0,1.0,60.0,1100.0,2.0,550.0,1.0,1,0
Plot Area,Kamakshipalya,2.0,2.0,85.0,1044.0,2.0,522.0,1.0,1,0
Plot Area,Sarjapur  Road,3.0,2.0,700.0,5400.0,3.0,1800.0,1.0,1,1
Built-up Area,6th Phase JP Nagar,2.0,2.0,60.0,1216.0,2.0,608.0,1.0,1,0
Super built-up Area,Suddaguntepalya,3.0,2.0,55.0,1425.0,3.0,475.0,1.0,1,1
Super built-up Area,Hosur Road,2.0,2.0,108.0,1345.0,2.0,672.5,1.0,1,1
Super built-up Area,Marathahalli,2.0,1.0,130.0,1248.0,2.0,624.0,1.0,1,0
Plot Area,Chaitanya Ananya,4.0,2.0,325.0,1830.0,4.0,457.5,1.0,1,1
Built-up Area,Shankarapuram,1.0,0.0,130.0,900.0,2.0,450.0,0.5,1,0
Built-up Area,Bellandur,4.0,,245.0,3600.0,4.0,900.0,1.0,1,1
Super built-up Area,Uttarahalli,2.0,1.0,35.88,1025.0,2.0,512.5,1.0,1,0
Plot Area,Nagashetty Halli,1.0,1.0,99.0,840.0,2.0,420.0,0.5,1,0
Super built-up Area,Lakshminarayana Pura,2.0,,90.0,3050.0,3.0,1016.6666666666666,0.6666666666666666,1,1
Super built-up Area,Kadubeesanahalli,2.0,2.0,75.0,1424.0,3.0,474.6666666666667,0.6666666666666666,1,0
Built-up Area,EPIP Zone,3.0,1.0,268.0,2500.0,3.0,833.3333333333334,1.0,1,0
Super built-up Area,Byrasandra Extension,2.0,2.0,45.0,1285.0,2.0,642.5,1.0,0,0
Super built-up Area,Babusapalaya,2.0,1.0,55.99,1450.0,2.0,725.0,1.0,1,0
Super built-up Area,Raja Rajeshwari Nagar,2.0,1.0,70.0,1160.0,2.0,580.0,1.0,0,1
Plot Area,Yelahanka New Town,3.0,0.0,350.0,2700.0,3.0,900.0,1.0,1,0
Plot Area,Gattahalli,2.0,2.0,95.0,2000.0,3.0,666.6666666666666,0.6666666666666666,0,1
Super built-up Area,Uttarahalli,2.0,1.0,47.65,1125.0,2.0,562.5,1.0,1,1
Built-up Area,Old Madras Road,4.0,2.0,175.0,3900.0,4.0,975.0,1.0,1,1
Built-up Area,Raja Rajeshwari Nagar,2.0,1.0,38.37,1133.0,2.0,566.5,1.0,1,1
Super built-up Area,Arekere,2.0,2.0,60.0,1240.0,2.0,620.0,1.0,1,1
Super built-up Area,Devanahalli,3.0,3.0,77.59,1466.0,3.0,488.6666666666667,1.0,0,1
Super built-up Area,Outer Ring Road East,4.0,2.0,411.0,3870.0,4.0,967.5,1.0,1,1
Built-up Area,Kaggadasapura,2.0,2.0,48.0,1225.0,2.0,612.5,1.0,1,1
Super built-up Area,Akshaya Nagar,2.0,1.0,54.0,1300.0,2.0,650.0,1.0,1,1
Super built-up Area,Thanisandra,4.0,1.0,123.0,1996.0,3.0,665.3333333333334,1.3333333333333333,0,1
Super built-up Area,Mallathahalli,2.0,2.0,55.0,1320.0,3.0,440.0,0.6666666666666666,1,0
Super built-up Area,Rajaji Nagar,3.0,2.0,240.0,1800.0,3.0,600.0,1.0,1,1
Super built-up Area,Richmond Town,3.0,3.0,175.0,1835.0,3.0,611.6666666666666,1.0,1,0
Super built-up Area,Sarjapur  Road,3.0,2.0,90.0,1435.0,3.0,478.3333333333333,1.0,1,1
Super built-up Area,Whitefield,3.0,,400.0,4097.0,3.0,1365.6666666666667,1.0,1,1
Super built-up Area,Rayasandra,3.0,3.0,70.0,1601.0,3.0,533.6666666666666,1.0,1,1
Super built-up Area,Kadubeesanahalli,2.0,2.0,93.0,1257.0,2.0,628.5,1.0,1,1
Super built-up Area,Iblur Village,5.0,1.0,260.0,3596.0,4.0,899.0,1.25,1,1
Super built-up Area,Kasavanhalli,2.0,2.0,95.0,1309.0,2.0,654.5,1.0,1,1
Plot Area,Yeshwanthpur,2.0,0.0,100.0,1362.0,2.0,681.0,1.0,1,0
Super built-up Area,Whitefield,2.0,1.0,55.0,1115.0,2.0,557.5,1.0,1,1
Super built-up Area,manyata park,2.0,1.0,61.99,1322.0,2.0,661.0,1.0,0,0
Super built-up Area,Telecom Layout,2.0,1.0,65.0,1450.0,3.0,483.3333333333333,0.6666666666666666,1,0
Super built-up Area,Banashankari,2.0,2.0,67.0,1185.0,2.0,592.5,1.0,1,1
Super built-up Area,7th Phase JP Nagar,3.0,3.0,120.0,1790.0,3.0,596.6666666666666,1.0,1,1
Plot Area,Whitefield,4.0,2.0,208.0,3450.0,3.0,1150.0,1.3333333333333333,1,1
Super built-up Area,Budigere,1.0,0.0,27.375,693.0,1.0,693.0,1.0,1,1
Plot Area,Sarjapur  Road,4.0,2.0,750.0,5400.0,4.0,1350.0,1.0,1,1
Super built-up Area,Devanahalli,1.0,0.0,39.0,775.0,1.0,775.0,1.0,1,0
Built-up Area,Hoodi,2.0,2.0,48.0,1000.0,2.0,500.0,1.0,1,1
Super built-up Area,Thanisandra,2.0,1.0,77.25,1183.0,2.0,591.5,1.0,0,1
Super built-up Area,Alur,1.0,1.0,15.0,425.0,1.0,425.0,1.0,1,0
Built-up Area,Nelamangala,2.0,2.0,30.0,820.0,2.0,410.0,1.0,1,0
Super built-up Area,Richmond Town,4.0,,792.0,2230.0,4.0,557.5,1.0,1,0
Built-up Area,Hebbal,2.0,2.0,52.0,1200.0,2.0,600.0,1.0,1,1
Super built-up Area,Ramagondanahalli,2.0,2.0,43.6,1151.0,2.0,575.5,1.0,0,1
Super built-up Area,Hulimavu,2.0,2.0,59.0,1320.0,3.0,440.0,0.6666666666666666,1,1
Carpet Area,Bikasipura,3.0,2.0,68.0,1450.0,3.0,483.3333333333333,1.0,0,0
Super built-up Area,Poorna Pragna Layout,2.0,3.0,50.79,1270.0,3.0,423.3333333333333,0.6666666666666666,1,0
Super built-up Area,Hegde Nagar,3.0,2.0,123.0,1847.0,3.0,615.6666666666666,1.0,1,1
Super built-up Area,Devanahalli,2.0,1.0,49.87,1020.0,1.0,1020.0,2.0,0,1
Super built-up Area,Somasundara Palya,3.0,,95.0,1650.0,3.0,550.0,1.0,1,1
Super built-up Area,Richmond Town,4.0,3.0,242.0,2380.0,4.0,595.0,1.0,1,0
Built-up Area,Electronic City,2.0,,78.0,2400.0,3.0,800.0,0.6666666666666666,1,0
Super built-up Area,Haralur Road,4.0,3.0,154.0,2805.0,4.0,701.25,1.0,0,1
Super built-up Area,Mysore Road,3.0,0.0,47.6,1360.0,3.0,453.3333333333333,1.0,0,1
Super built-up Area,Brookefield,2.0,1.0,49.0,1089.0,2.0,544.5,1.0,1,1
Super built-up Area,Yelahanka,2.0,2.0,60.0,1115.0,2.0,557.5,1.0,1,1
Super built-up Area,Kudlu Gate,2.0,1.0,45.0,1215.0,2.0,607.5,1.0,1,0
Super built-up Area,Sarjapur  Road,2.0,1.0,51.0,1194.0,2.0,597.0,1.0,1,0
Super built-up Area,Kannamangala,3.0,1.0,104.0,1536.0,3.0,512.0,1.0,0,1
Super built-up Area,Hennur,2.0,2.0,55.5,1255.0,2.0,627.5,1.0,1,0
Super built-up Area,Electronic City,3.0,2.0,83.0,1571.0,3.0,523.6666666666666,1.0,0,1
Plot Area,Virupakshapura,1.0,0.0,70.0,900.0,2.0,450.0,0.5,1,0
Super built-up Area,Keshava Nagar,2.0,2.0,125.0,1517.0,2.0,758.5,1.0,1,1
Super built-up Area,Budigere,1.0,1.0,35.4,664.0,1.0,664.0,1.0,1,1
Super built-up Area,Devarachikkanahalli,2.0,1.0,58.0,1230.0,2.0,615.0,1.0,1,1
Super built-up Area,Hegde Nagar,2.0,2.0,72.0,1340.0,2.0,670.0,1.0,1,1
Super built-up Area,Attibele,2.0,1.0,29.38,1175.0,2.0,587.5,1.0,1,1
Plot Area,Benson Town,4.0,1.0,600.0,3569.0,4.0,892.25,1.0,1,0
Super built-up Area,Sarjapur,2.0,2.0,43.1,1240.0,2.0,620.0,1.0,1,0
Built-up Area,V.V Puram,2.0,0.0,150.0,1359.9900000000002,3.0,453.3300000000001,0.6666666666666666,1,0
Super built-up Area,Electronic City,2.0,1.0,44.1,1470.0,3.0,490.0,0.6666666666666666,1,1
Super built-up Area,Kanakpura Road,,,29.25,525.0,1.0,525.0,,0,1
Super built-up Area,7th Phase JP Nagar,3.0,2.0,117.0,1680.0,3.0,560.0,1.0,1,1
Super built-up Area,Sri Sai Layout,2.0,2.0,35.0,1000.0,2.0,500.0,1.0,1,0
Super built-up Area,Gunjur,2.0,1.0,51.0,1071.0,2.0,535.5,1.0,1,1
Super built-up Area,Sector 2 HSR Layout,3.0,,80.0,1512.0,3.0,504.0,1.0,1,1
Built-up Area,Frazer Town,2.0,1.0,341.0,3435.0,4.0,858.75,0.5,1,1
Super built-up Area,Thanisandra main road,3.0,1.0,455.0,3144.0,3.0,1048.0,1.0,0,0
Built-up Area,Kalyan nagar,2.0,1.0,60.0,1190.0,2.0,595.0,1.0,1,1
Super built-up Area,Kanakpura Road,2.0,2.0,63.22,1283.0,2.0,641.5,1.0,0,1
Built-up Area,Mallasandra,2.0,2.0,73.0,1325.0,2.0,662.5,1.0,1,1
Super built-up Area,Whitefield,2.0,1.0,35.36,1105.0,2.0,552.5,1.0,1,1
Super built-up Area,Banaswadi,3.0,2.0,74.5,1600.0,3.0,533.3333333333334,1.0,1,1
Super built-up Area,Kanakpura Road,,,41.145,800.0,2.0,400.0,,0,1
Super built-up Area,Hennur,2.0,1.0,44.55,1100.0,2.0,550.0,1.0,1,0
Super built-up Area,Talaghattapura,3.0,3.0,147.0,2099.0,3.0,699.6666666666666,1.0,0,1
Super built-up Area,Yelachenahalli,2.0,1.0,72.0,1365.0,3.0,455.0,0.6666666666666666,1,1
Super built-up Area,Hebbal Kempapura,3.0,3.0,132.0,1485.0,2.0,742.5,1.5,1,1
Super built-up Area,Hosur Road,2.0,1.0,55.0,1250.0,2.0,625.0,1.0,1,1
Super built-up Area,Bellandur,2.0,1.0,46.79,1170.0,2.0,585.0,1.0,1,0
Super built-up Area,Kanakpura Road,2.0,3.0,91.06,1328.0,2.0,664.0,1.0,0,1
Super built-up Area,Hennur Road,2.0,1.0,87.0,1232.0,2.0,616.0,1.0,0,1
Super built-up Area,1st Phase JP Nagar,2.0,2.0,88.5,1180.0,2.0,590.0,1.0,1,0
Super built-up Area,Electronic City,3.0,2.0,66.0,1350.0,3.0,450.0,1.0,1,1
Super built-up Area,Nagawara Junction,4.0,,280.0,3602.0,4.0,900.5,1.0,0,0
Super built-up Area,Nagasandra,4.0,1.0,145.0,2400.0,4.0,600.0,1.0,1,0
Super built-up Area,Electronic City Phase II,2.0,2.0,32.0,1020.0,2.0,510.0,1.0,1,1
Super built-up Area,Begur Road,2.0,3.0,49.34,1410.0,3.0,470.0,0.6666666666666666,1,1
Built-up Area,Vishwanatha Nagenahalli,3.0,2.0,120.0,2159.0,3.0,719.6666666666666,1.0,1,1
Super built-up Area,TC Palaya,2.0,0.0,66.0,1200.0,3.0,400.0,0.6666666666666666,0,0
Super built-up Area,Whitefield,2.0,1.0,42.79,1074.0,2.0,537.0,1.0,0,1
Plot Area,Suragajakkanahalli,3.0,2.0,72.0,1200.0,3.0,400.0,1.0,0,1
Super built-up Area,Sarjapur,2.0,2.0,35.41,1170.0,3.0,390.0,0.6666666666666666,0,1
Super built-up Area,Tumkur Road,1.0,0.0,31.315,728.5,1.0,728.5,1.0,0,1
Super built-up Area,Bommanahalli,2.0,,100.0,1660.0,3.0,553.3333333333334,0.6666666666666666,1,1
Built-up Area,SK Garden,3.0,0.0,175.0,1850.0,6.0,308.3333333333333,0.5,1,0
Built-up Area,Gowdanapalya,1.0,0.0,34.0,510.0,1.0,510.0,1.0,1,0
Super built-up Area,Mahadevpura,3.0,2.0,95.0,1601.0,3.0,533.6666666666666,1.0,1,1
Super built-up Area,Begur Road,2.0,1.0,42.0,952.0,2.0,476.0,1.0,0,0
Super built-up Area,PNS Layout,2.0,3.0,65.0,1166.0,2.0,583.0,1.0,1,0
Built-up Area,Venkatapura,2.0,1.0,260.0,2700.0,3.0,900.0,0.6666666666666666,1,1
Built-up Area,Electronic City Phase II,3.0,1.0,97.0,1900.0,4.0,475.0,0.75,1,1
Plot Area,Mathikere,2.0,0.0,175.0,1350.0,3.0,450.0,0.6666666666666666,1,0
Super built-up Area,Haralur Road,2.0,2.0,96.0,1520.0,3.0,506.6666666666667,0.6666666666666666,0,1
Plot Area,Harsha Layout,6.0,3.0,100.0,2100.0,4.0,525.0,1.5,1,0
Super built-up Area,Yelenahalli,2.0,2.0,50.0,1175.0,2.0,587.5,1.0,1,0
Super built-up Area,Bharathi Nagar,2.0,2.0,68.0,1432.0,2.0,716.0,1.0,1,1
Super built-up Area,Bommasandra Industrial Area,2.0,1.0,39.77,1005.0,2.0,502.5,1.0,0,0
Super built-up Area,Rajiv Nagar,2.0,1.0,80.0,1309.0,2.0,654.5,1.0,1,0
Super built-up Area,Dairy Circle,4.0,2.0,370.0,2251.0,3.0,750.3333333333334,1.3333333333333333,1,1
Super built-up Area,7th Phase JP Nagar,2.0,1.0,77.0,1050.0,2.0,525.0,1.0,1,1
Plot Area,Sanjay nagar,3.0,3.0,310.0,2400.0,3.0,800.0,1.0,1,0
Super built-up Area,Begur Road,2.0,2.0,56.34,1565.0,3.0,521.6666666666666,0.6666666666666666,1,1
Built-up Area,1st Stage Indira Nagar,2.0,1.0,56.0,940.0,2.0,470.0,1.0,1,0
Super built-up Area,Yarandahalli,2.0,1.0,40.1,1015.0,2.0,507.5,1.0,0,0
Plot Area,BTM 2nd Stage,2.0,0.0,360.0,2400.0,3.0,800.0,0.6666666666666666,1,0
Super built-up Area,Electronic City,3.0,3.0,110.0,1652.0,3.0,550.6666666666666,1.0,1,1
Super built-up Area,Whitefield,2.0,2.0,52.0,1100.0,2.0,550.0,1.0,1,0
Super built-up Area,Rajiv Nagar,4.0,1.0,145.0,2340.0,4.0,585.0,1.0,1,1
Super built-up Area,Koramangala,2.0,1.0,179.0,1084.0,2.0,542.0,1.0,0,1
Plot Area,Kammanahalli,1.0,1.0,81.0,1200.0,2.0,600.0,0.5,1,0
Super built-up Area,Kacharakanahalli,3.0,3.0,69.0,1400.0,3.0,466.6666666666667,1.0,1,1
Plot Area,HBR Layout,5.0,0.0,320.0,2400.0,4.0,600.0,1.25,0,0
Super built-up Area,Electronic City Phase II,2.0,1.0,27.43,1020.0,2.0,510.0,1.0,0,1
Super built-up Area,Whitefield,2.0,1.0,90.33,1267.0,2.0,633.5,1.0,1,1
Super built-up Area,Bhoganhalli,4.0,3.0,185.0,2439.0,4.0,609.75,1.0,1,1
Built-up Area,Ashwath Nagar,3.0,,95.0,1645.0,3.0,548.3333333333334,1.0,1,1
Built-up Area,Electronic City,2.0,1.0,38.12,1320.0,3.0,440.0,0.6666666666666666,0,0
Super built-up Area,Ananth Nagar,2.0,1.0,29.7,1000.0,2.0,500.0,1.0,0,0
Built-up Area,Whitefield,5.0,2.0,550.0,5000.0,4.0,1250.0,1.25,1,1
Built-up Area,KR Puram,6.0,3.0,58.0,2500.0,6.0,416.6666666666667,1.0,1,0
Plot Area,Kengeri Satellite Town,2.0,1.0,160.0,2480.0,2.0,1240.0,1.0,1,0
Built-up Area,Kalyan nagar,2.0,2.0,44.5,1086.0,2.0,543.0,1.0,1,1
Super built-up Area,Kengeri,1.0,1.0,18.0,416.0,1.0,416.0,1.0,0,1
Built-up Area,Hennur Road,2.0,1.0,52.23,1066.0,2.0,533.0,1.0,1,1
Super built-up Area,OMBR Layout,3.0,1.0,93.0,1730.0,3.0,576.6666666666666,1.0,1,1
Super built-up Area,Balagere,2.0,1.0,63.86,1205.0,2.0,602.5,1.0,0,1
Super built-up Area,Marathahalli,5.0,2.0,175.0,2500.0,4.0,625.0,1.25,1,1
Super built-up Area,Subramanyapura,2.0,1.0,55.0,960.0,2.0,480.0,1.0,1,1
Super built-up Area,Haralur Road,3.0,2.0,83.05,1510.0,3.0,503.3333333333333,1.0,0,1
Built-up Area,Kanaka Nagar,4.0,2.0,90.0,1600.0,4.0,400.0,1.0,1,0
Built-up Area,Old Madras Road,3.0,2.0,142.0,2300.0,3.0,766.6666666666666,1.0,1,1
Built-up Area,Jakkasandra Extension,2.0,1.0,63.0,1000.0,2.0,500.0,1.0,1,0
Super built-up Area,Hormavu,2.0,2.0,58.23,1553.0,3.0,517.6666666666666,0.6666666666666666,0,0
Super built-up Area,Frazer Town,5.0,,345.0,3436.0,4.0,859.0,1.25,1,1
Super built-up Area,Seegehalli,2.0,2.0,45.0,1134.0,2.0,567.0,1.0,0,0
Plot Area,Horamavu Agara,3.0,3.0,80.0,2400.0,5.0,480.0,0.6,1,0
Plot Area,Whitefield,4.0,1.0,143.0,2400.0,4.0,600.0,1.0,0,0
Super built-up Area,Nagashetty Halli,2.0,2.0,65.0,1350.0,2.0,675.0,1.0,1,0
Super built-up Area,Sarjapur,2.0,1.0,42.0,1032.0,2.0,516.0,1.0,1,0
Super built-up Area,Tigalarpalya,3.0,2.0,117.0,1998.0,3.0,666.0,1.0,1,1
Super built-up Area,Murugeshpalya,2.0,2.0,48.0,1225.0,2.0,612.5,1.0,0,0
Super built-up Area,Sarjapur  Road,2.0,2.0,67.0,1262.0,2.0,631.0,1.0,1,1
Super built-up Area,Thomas Town,2.0,,60.0,1300.0,2.0,650.0,1.0,1,1
Super built-up Area,Kothannur,2.0,2.0,38.6,1070.0,2.0,535.0,1.0,0,0
Built-up Area,"Electronic city Phase 1,",2.0,1.0,33.0,950.0,2.0,475.0,1.0,0,0
Super built-up Area,Balagere,2.0,1.0,53.58,1012.0,2.0,506.0,1.0,0,1
Built-up Area,TC Palaya,2.0,0.0,70.0,1000.0,2.0,500.0,1.0,1,0
Super built-up Area,Kadugodi,2.0,2.0,56.0,1394.0,2.0,697.0,1.0,1,1
Super built-up Area,Amruthahalli,2.0,1.0,85.0,1450.0,3.0,483.3333333333333,0.6666666666666666,1,1
Super built-up Area,Banaswadi,1.0,0.0,35.0,527.0,1.0,527.0,1.0,1,1
Super built-up Area,Sarjapur  Road,3.0,2.0,125.0,1693.0,3.0,564.3333333333334,1.0,1,1
Super built-up Area,Horamavu Agara,2.0,1.0,46.0,1000.0,2.0,500.0,1.0,1,1
Built-up Area,Kogilu,2.0,2.0,49.0,952.0,2.0,476.0,1.0,1,0
Super built-up Area,Malleshwaram,4.0,,270.0,2050.0,3.0,683.3333333333334,1.3333333333333333,1,1
Super built-up Area,Kengeri,1.0,1.0,14.0,1200.0,1.0,1200.0,1.0,1,0
Super built-up Area,Mysore Road,2.0,2.0,64.0,1410.0,3.0,470.0,0.6666666666666666,0,1
Super built-up Area,Hebbal Kempapura,2.0,2.0,108.0,1400.0,2.0,700.0,1.0,1,1
Plot Area,Chikka Tirupathi,5.0,,100.0,3056.0,4.0,764.0,1.25,1,1
Super built-up Area,Sarjapur  Road,3.0,2.0,125.0,1826.0,3.0,608.6666666666666,1.0,1,1
Super built-up Area,Hosur Road,3.0,2.0,103.0,1689.0,3.0,563.0,1.0,0,1
Super built-up Area,Bisuvanahalli,2.0,1.0,31.0,1075.0,3.0,358.3333333333333,0.6666666666666666,1,1
Super built-up Area,Bannerghatta Road,4.0,,1400.0,2500.0,5.0,500.0,0.8,1,0
Super built-up Area,Hennur,2.0,1.0,48.0,960.0,2.0,480.0,1.0,1,0
Built-up Area,Channasandra,2.0,1.0,40.0,808.0,2.0,404.0,1.0,1,0
Super built-up Area,Kodichikkanahalli,2.0,2.0,38.5,907.0,2.0,453.5,1.0,1,0
Super built-up Area,Uttarahalli,2.0,2.0,55.0,1300.0,2.0,650.0,1.0,1,1
Super built-up Area,Sector 1 HSR Layout,3.0,2.0,150.0,1804.0,3.0,601.3333333333334,1.0,1,1
Super built-up Area,Naidu Layout,3.0,2.0,81.0,1350.0,3.0,450.0,1.0,1,0
Super built-up Area,Whitefield,3.0,2.0,125.0,1836.0,3.0,612.0,1.0,1,1
Super built-up Area,Sugama Layout,2.0,2.0,36.0,826.0,2.0,413.0,1.0,1,1
Super built-up Area,Hormavu,2.0,3.0,68.0,1200.0,2.0,600.0,1.0,1,1
Super built-up Area,1st Block Koramangala,3.0,3.0,300.0,3000.0,4.0,750.0,0.75,0,0
Plot Area,Indira Nagar,4.0,2.0,405.0,2400.0,4.0,600.0,1.0,1,0
Super built-up Area,6th Phase JP Nagar,2.0,,80.0,1460.0,2.0,730.0,1.0,1,1
Plot Area,Hoskote,4.0,3.0,140.0,1200.0,4.0,300.0,1.0,1,1
Super built-up Area,BTM 2nd Stage,2.0,2.0,56.0,965.0,2.0,482.5,1.0,1,1
Carpet Area,Kothannur,4.0,2.0,95.0,2000.0,4.0,500.0,1.0,1,0
Super built-up Area,Bhoganhalli,2.0,2.0,70.0,1395.0,3.0,465.0,0.6666666666666666,1,1
Super built-up Area,Sarjapur  Road,3.0,2.0,116.0,1660.0,3.0,553.3333333333334,1.0,1,1
Super built-up Area,Kada Agrahara,2.0,2.0,35.0,935.0,2.0,467.5,1.0,1,0
Super built-up Area,Hongasandra,2.0,1.0,39.0,1180.0,2.0,590.0,1.0,1,1
Built-up Area,Electronic City,2.0,1.0,31.48,1090.0,2.0,545.0,1.0,0,0
Super built-up Area,Kanakpura Road,2.0,1.0,82.0,1204.0,2.0,602.0,1.0,0,1
Super built-up Area,Thigalarapalya,4.0,2.0,153.0,2072.0,3.0,690.6666666666666,1.3333333333333333,1,1
Built-up Area,Haralur Road,2.0,1.0,65.0,1056.0,2.0,528.0,1.0,1,1
Super built-up Area,Hebbal,2.0,2.0,62.0,985.0,2.0,492.5,1.0,0,1
Super built-up Area,Banashankari Stage V,2.0,2.0,49.0,1315.0,3.0,438.3333333333333,0.6666666666666666,1,0
Built-up Area,KR Puram,2.0,1.0,22.0,734.0,2.0,367.0,1.0,1,0
Built-up Area,Kammanahalli,4.0,2.0,200.0,2900.0,4.0,725.0,1.0,1,0
Super built-up Area,Yelahanka,4.0,3.0,140.0,2317.0,3.0,772.3333333333334,1.3333333333333333,1,1
Built-up Area,Singasandra,1.0,0.0,45.0,600.0,1.0,600.0,1.0,1,0
Built-up Area,Vishwanatha Nagenahalli,3.0,0.0,115.0,2200.0,4.0,550.0,0.75,1,0
Super built-up Area,Attibele,2.0,1.0,25.0,656.0,2.0,328.0,1.0,1,1
Built-up Area,Attibele,1.0,1.0,11.5,400.0,1.0,400.0,1.0,1,1
Super built-up Area,Yeshwanthpur,1.0,1.0,36.8,666.0,1.0,666.0,1.0,1,1
Plot Area,Kadubeesanahalli,5.0,2.0,425.0,3293.0,4.0,823.25,1.25,1,0
Super built-up Area,7th Phase JP Nagar,2.0,1.0,47.0,1174.0,2.0,587.0,1.0,1,1
Super built-up Area,Budigere,2.0,2.0,56.7,1153.0,2.0,576.5,1.0,1,1
Built-up Area,Narayanapura,5.0,2.0,85.0,2400.0,5.0,480.0,1.0,1,0
Super built-up Area,Marathahalli,2.0,1.0,47.0,957.0,2.0,478.5,1.0,1,0
Built-up Area,Banashankari Stage III,2.0,2.0,160.0,910.0,2.0,455.0,1.0,1,1
Built-up Area,Sarjapur  Road,2.0,1.0,50.0,1060.0,2.0,530.0,1.0,0,0
Super built-up Area,Banashankari,2.0,1.0,50.0,1000.0,2.0,500.0,1.0,0,0
Super built-up Area,Kanakpura Road,3.0,2.0,88.0,1843.0,3.0,614.3333333333334,1.0,1,1
Super built-up Area,Kanakpura Road,2.0,2.0,40.25,1150.0,3.0,383.3333333333333,0.6666666666666666,1,0
Super built-up Area,Kodihalli,5.0,2.0,335.0,3197.0,4.0,799.25,1.25,1,1
Super built-up Area,Kaval Byrasandra,2.0,1.0,41.5,1125.0,2.0,562.5,1.0,1,1
Super built-up Area,Battarahalli,3.0,3.0,65.0,1516.0,3.0,505.3333333333333,1.0,1,1
Super built-up Area,Brookefield,2.0,2.0,56.0,1130.0,2.0,565.0,1.0,1,1
Super built-up Area,Iblur Village,5.0,1.0,279.0,3596.0,4.0,899.0,1.25,1,1
Super built-up Area,Hosa Road,3.0,2.0,103.0,1512.0,3.0,504.0,1.0,0,1
Built-up Area,Thanisandra,3.0,1.0,88.0,1491.0,3.0,497.0,1.0,1,1
Super built-up Area,Cox Town,2.0,2.0,95.0,1250.0,2.0,625.0,1.0,1,1
Super built-up Area,Banashankari,3.0,2.0,90.75,1650.0,3.0,550.0,1.0,0,0
Super built-up Area,Raja Rajeshwari Nagar,2.0,1.0,48.7,1140.0,2.0,570.0,1.0,1,1
Plot Area,Behind Don Bosco Church,4.0,1.0,110.0,1200.0,4.0,300.0,1.0,1,0
Super built-up Area,Thanisandra,3.0,,95.0,1881.0,3.0,627.0,1.0,1,1
Super built-up Area,Kanakpura Road,3.0,2.0,56.57,1100.0,3.0,366.6666666666667,1.0,0,1
Super built-up Area,Iblur Village,4.0,1.0,200.0,2666.0,3.0,888.6666666666666,1.3333333333333333,1,1
Super built-up Area,Bagalur,2.0,1.0,50.0,1500.0,2.0,750.0,1.0,1,0
Super built-up Area,Seshadripuram,2.0,1.0,164.0,1217.0,2.0,608.5,1.0,0,0
Built-up Area,Whitefield,2.0,1.0,50.0,1197.0,2.0,598.5,1.0,1,0
Built-up Area,BHEL Layout,4.0,1.0,170.0,2400.0,6.0,400.0,0.6666666666666666,1,0
Built-up Area,Gollarapalya Hosahalli,3.0,2.0,60.0,1345.0,3.0,448.3333333333333,1.0,1,1
Plot Area,KR Puram,4.0,2.0,100.0,1200.0,4.0,300.0,1.0,1,1
Super built-up Area,Bannerghatta Road,5.0,0.0,165.0,3230.0,4.0,807.5,1.25,1,1
Super built-up Area,Banashankari Stage II,2.0,1.0,95.0,1260.0,3.0,420.0,0.6666666666666666,1,0
Built-up Area,Sarjapur  Road,5.0,1.0,240.0,2750.0,4.0,687.5,1.25,1,1
Plot Area,9th Phase JP Nagar,2.0,0.0,80.0,1200.0,2.0,600.0,1.0,1,0
Built-up Area,Devara Jeevanahalli,3.0,0.0,52.0,1650.0,3.0,550.0,1.0,1,0
Super built-up Area,1st Block HBR Layout,1.0,0.0,45.0,600.0,1.0,600.0,1.0,1,0
Super built-up Area,Uttarahalli,2.0,1.0,35.88,1025.0,2.0,512.5,1.0,1,1
Super built-up Area,Sarjapur,,,80.59,2302.5,4.0,575.625,,0,1
Super built-up Area,Hennur Road,2.0,1.0,56.0,973.0,2.0,486.5,1.0,1,1
Super built-up Area,Thanisandra main road,4.0,2.0,590.0,4110.0,4.0,1027.5,1.0,0,0
Super built-up Area,Rajaji Nagar,3.0,3.0,425.0,2533.0,3.0,844.3333333333334,1.0,1,1
Super built-up Area,Balagere,2.0,1.0,75.0,1007.0,2.0,503.5,1.0,1,1
Super built-up Area,Hosa Road,1.0,0.0,39.99,800.0,1.0,800.0,1.0,0,1
Built-up Area,Sarjapur  Road,3.0,1.0,119.0,1830.0,3.0,610.0,1.0,0,0
Super built-up Area,Nagavara,2.0,1.0,50.0,1077.0,2.0,538.5,1.0,1,0
Plot Area,Immadihalli,1.0,1.0,27.0,672.0,1.0,672.0,1.0,1,0
Plot Area,Shanthi Layout,3.0,0.0,87.0,1280.0,3.0,426.6666666666667,1.0,1,0
Built-up Area,Electronics City Phase 1,2.0,0.0,40.0,865.0,2.0,432.5,1.0,1,0
Super built-up Area,Kalena Agrahara,2.0,2.0,33.0,1000.0,2.0,500.0,1.0,1,1
Super built-up Area,CV Raman Nagar,2.0,2.0,65.0,1285.0,2.0,642.5,1.0,1,1
Super built-up Area,Thanisandra,1.0,1.0,29.0,662.0,1.0,662.0,1.0,1,1
Plot Area,Whitefield,5.0,2.0,269.0,2297.0,5.0,459.4,1.0,1,1
Plot Area,Sarjapura - Attibele Road,6.0,3.0,295.0,3750.0,5.0,750.0,1.2,1,0
Super built-up Area,Kalkere,3.0,3.0,95.0,1850.0,3.0,616.6666666666666,1.0,1,1
Super built-up Area,Harlur,3.0,2.0,132.0,1754.0,3.0,584.6666666666666,1.0,1,0
Plot Area,1st Phase JP Nagar,7.0,2.0,350.0,2200.0,5.0,440.0,1.4,1,0
Super built-up Area,Anugrah Layout,3.0,1.0,100.0,1567.0,3.0,522.3333333333334,1.0,1,1
Super built-up Area,Hoskote,3.0,3.0,50.0,1695.0,3.0,565.0,1.0,1,1
Super built-up Area,Bellandur,2.0,1.0,69.44,1150.0,2.0,575.0,1.0,1,1
Built-up Area,1st Block Koramangala,3.0,2.0,210.0,2350.0,3.0,783.3333333333334,1.0,0,0
Super built-up Area,Karuna Nagar,2.0,1.0,65.0,1057.0,2.0,528.5,1.0,1,1
Super built-up Area,Hebbal,2.0,1.0,91.0,1320.0,2.0,660.0,1.0,0,1
Super built-up Area,Bandepalya,2.0,1.0,48.0,1125.0,2.0,562.5,1.0,1,1
Super built-up Area,Kanakpura Road,3.0,2.0,170.0,2254.0,3.0,751.3333333333334,1.0,0,0
Super built-up Area,Balagere,1.0,1.0,34.18,645.0,1.0,645.0,1.0,0,1
Super built-up Area,Rachenahalli,2.0,2.0,52.08,1050.0,2.0,525.0,1.0,1,0
Super built-up Area,Panathur,2.0,1.0,41.6,1040.0,2.0,520.0,1.0,0,1
Super built-up Area,Sarjapur  Road,3.0,1.0,194.0,1700.0,3.0,566.6666666666666,1.0,0,1
Super built-up Area,1st Block Jayanagar,3.0,,115.0,1760.0,3.0,586.6666666666666,1.0,1,0
Super built-up Area,Bellandur,3.0,2.0,128.0,1138.0,3.0,379.3333333333333,1.0,0,1
Super built-up Area,Sarjapur  Road,2.0,1.0,45.91,984.0,2.0,492.0,1.0,0,1
Built-up Area,Raja Rajeshwari Nagar,2.0,2.0,38.65,1140.0,2.0,570.0,1.0,1,1
Super built-up Area,Whitefield,3.0,1.0,200.0,3596.0,3.0,1198.6666666666667,1.0,0,1
Super built-up Area,Kalkere,3.0,2.0,54.0,1365.0,3.0,455.0,1.0,1,0
Super built-up Area,Bethel Nagar,1.0,0.0,19.0,560.0,1.0,560.0,1.0,1,0
Super built-up Area,Bellandur,4.0,3.0,45.0,1540.0,4.0,385.0,1.0,1,0
Built-up Area,Electronic City,2.0,1.0,39.0,1050.0,3.0,350.0,0.6666666666666666,1,1
Super built-up Area,Rachenahalli,3.0,3.0,72.5,1550.0,3.0,516.6666666666666,1.0,1,1
Super built-up Area,Yelahanka,3.0,3.0,93.0,1653.0,3.0,551.0,1.0,1,1
Super built-up Area,Narayana Nagar 1st Block,2.0,3.0,75.0,1471.0,3.0,490.3333333333333,0.6666666666666666,1,1
Super built-up Area,Kanakpura Road,2.0,1.0,35.0,700.0,2.0,350.0,1.0,0,0
Built-up Area,Kudlu Gate,2.0,1.0,38.25,812.0,2.0,406.0,1.0,1,1
Super built-up Area,8th Phase JP Nagar,2.0,2.0,83.0,1504.0,3.0,501.3333333333333,0.6666666666666666,1,1
Super built-up Area,Mahadevpura,3.0,2.0,75.0,1450.0,3.0,483.3333333333333,1.0,1,0
Super built-up Area,Kannamangala,2.0,2.0,54.5,957.0,2.0,478.5,1.0,1,1
Carpet Area,Attibele,1.0,1.0,13.0,460.0,1.0,460.0,1.0,1,1
Plot Area,poornaprajna layout,2.0,0.0,128.0,900.0,2.0,450.0,1.0,1,0
Super built-up Area,Budigere,3.0,2.0,85.0,1820.0,3.0,606.6666666666666,1.0,1,1
Super built-up Area,Varthur Road,2.0,2.0,32.0,1033.0,2.0,516.5,1.0,0,0
Plot Area,Kumaraswami Layout,1.0,1.0,90.0,800.0,2.0,400.0,0.5,1,0
Plot Area,Kadabagere,2.0,0.0,29.0,520.0,1.0,520.0,2.0,1,0
Super built-up Area,OMBR Layout,2.0,2.0,88.5,1165.0,2.0,582.5,1.0,1,0
Super built-up Area,Gottigere,2.0,1.0,61.0,1280.0,2.0,640.0,1.0,1,0
Built-up Area,Cambridge Layout,3.0,3.0,230.0,1950.0,3.0,650.0,1.0,1,0
Plot Area,BTM 4th Stage,1.0,0.0,58.0,600.0,1.0,600.0,1.0,1,0
Super built-up Area,Kanakpura Road,3.0,3.0,65.1,1550.0,3.0,516.6666666666666,1.0,1,1
Super built-up Area,Nagavarapalya,2.0,1.0,130.0,1392.0,2.0,696.0,1.0,1,1
Super built-up Area,Jigani,3.0,3.0,75.0,1221.0,3.0,407.0,1.0,1,1
Super built-up Area,AMS Layout,1.0,1.0,19.0,1000.0,1.0,1000.0,1.0,1,1
Built-up Area,KR Garden,2.0,2.0,60.0,1300.0,2.0,650.0,1.0,1,0
Built-up Area,Hoskote,2.0,3.0,31.5,1065.0,2.0,532.5,1.0,1,1
Built-up Area,Yelahanka New Town,2.0,3.0,65.0,1209.0,3.0,403.0,0.6666666666666666,1,1
Plot Area,BTM 1st Stage,1.0,0.0,40.0,375.0,1.0,375.0,1.0,1,0
Plot Area,Dollars Colony,3.0,2.0,2000.0,7800.0,3.0,2600.0,1.0,1,0
Super built-up Area,Sarjapur  Road,4.0,1.0,101.0,1929.0,3.0,643.0,1.3333333333333333,0,1
Built-up Area,Hennur Road,2.0,1.0,84.0,1255.0,2.0,627.5,1.0,1,1
Super built-up Area,Jalahalli,2.0,1.0,31.05,1035.0,2.0,517.5,1.0,0,1
Plot Area,Annapurneshwari Nagar,5.0,2.0,270.0,1200.0,4.0,300.0,1.25,1,0
Super built-up Area,Banashankari,3.0,2.0,101.0,1650.0,3.0,550.0,1.0,0,1
Built-up Area,Whitefield,2.0,3.0,65.0,1275.0,3.0,425.0,0.6666666666666666,1,1
Super built-up Area,Electronic City,2.0,1.0,65.58,1128.0,2.0,564.0,1.0,0,1
Plot Area,OMBR Layout,4.0,2.0,200.0,1200.0,4.0,300.0,1.0,1,0
Super built-up Area,Thanisandra,2.0,2.0,58.56,1183.0,2.0,591.5,1.0,0,1
Super built-up Area,Whitefield,2.0,1.0,39.0,1155.0,2.0,577.5,1.0,1,1
Super built-up Area,Kengeri,2.0,2.0,43.57,1245.0,3.0,415.0,0.6666666666666666,1,0
Built-up Area,Akshaya Nagar,2.0,1.0,38.0,1000.0,2.0,500.0,1.0,1,0
Super built-up Area,7th Phase JP Nagar,2.0,1.0,75.0,1040.0,2.0,520.0,1.0,1,1
Super built-up Area,Kundalahalli Colony,2.0,2.0,75.0,1477.0,3.0,492.3333333333333,0.6666666666666666,1,0
Super built-up Area,Sarjapur  Road,2.0,2.0,65.0,1525.0,3.0,508.3333333333333,0.6666666666666666,1,1
Super built-up Area,Kaverappa Layout,2.0,1.0,65.0,1220.0,2.0,610.0,1.0,1,1
Super built-up Area,Hebbal,3.0,1.0,195.0,2388.0,3.0,796.0,1.0,1,1
Super built-up Area,Electronic City,2.0,1.0,97.6,1355.0,2.0,677.5,1.0,0,1
Built-up Area,Whitefield,2.0,1.0,62.0,1141.0,2.0,570.5,1.0,1,0
Super built-up Area,Vijayanagar,2.0,0.0,49.06,1046.0,2.0,523.0,1.0,0,1
Super built-up Area,Bannerghatta Road,1.0,2.0,35.0,630.0,1.0,630.0,1.0,1,0
Super built-up Area,Pattandur Agrahara,2.0,2.0,62.35,1247.0,2.0,623.5,1.0,1,1
Built-up Area,Marathahalli,4.0,3.0,220.0,3855.0,4.0,963.75,1.0,1,1
Super built-up Area,Geddalahalli,2.0,1.0,32.5,850.0,2.0,425.0,1.0,1,0
Super built-up Area,KR Puram,2.0,2.0,36.0,1120.0,2.0,560.0,1.0,1,1
Super built-up Area,Jakkur,3.0,1.0,110.0,1798.0,3.0,599.3333333333334,1.0,0,1
Built-up Area,Bisuvanahalli,2.0,1.0,45.0,1180.0,3.0,393.3333333333333,0.6666666666666666,1,1
Super built-up Area,Kereguddadahalli,2.0,1.0,34.0,1000.0,2.0,500.0,1.0,1,1
Super built-up Area,Whitefield,2.0,1.0,82.0,1216.0,2.0,608.0,1.0,0,1
Built-up Area,Margondanahalli,2.0,0.0,65.0,900.0,2.0,450.0,1.0,1,0
Built-up Area,TC Palaya,2.0,0.0,65.0,1100.0,2.0,550.0,1.0,1,0
Super built-up Area,Whitefield,3.0,3.0,88.0,1495.0,2.0,747.5,1.5,1,1
Super built-up Area,Kanakpura Road,3.0,3.0,120.0,1700.0,3.0,566.6666666666666,1.0,1,1
Super built-up Area,Whitefield,3.0,1.0,103.0,1564.0,3.0,521.3333333333334,1.0,0,1
Super built-up Area,Reliaable Tranquil Layout,2.0,1.0,65.0,1256.0,2.0,628.0,1.0,0,1
Super built-up Area,Kundalahalli,2.0,1.0,89.0,1047.0,2.0,523.5,1.0,0,1
Super built-up Area,Bhoganhalli,3.0,1.0,78.45,1458.0,3.0,486.0,1.0,0,1
Super built-up Area,Hoodi,2.0,1.0,61.17,1063.0,2.0,531.5,1.0,0,1
Super built-up Area,Sadashiva Nagar,5.0,,1850.0,7400.0,4.0,1850.0,1.25,1,0
Super built-up Area,Garudachar Palya,2.0,1.0,52.5,1150.0,2.0,575.0,1.0,1,0
Built-up Area,Chandapura,1.0,1.0,9.0,450.0,1.0,450.0,1.0,1,0
Built-up Area,Ramamurthy Nagar,2.0,0.0,45.0,1360.0,2.0,680.0,1.0,1,1
Built-up Area,Marathahalli,3.0,2.0,76.0,1605.0,3.0,535.0,1.0,1,0
Carpet Area,Nagarbhavi,4.0,2.0,205.0,1200.0,3.0,400.0,1.3333333333333333,1,0
Super built-up Area,Haralur Road,3.0,2.0,100.0,1810.0,3.0,603.3333333333334,1.0,0,1
Super built-up Area,LB Shastri Nagar,2.0,2.0,48.5,1250.0,2.0,625.0,1.0,0,0
Built-up Area,R.T. Nagar,3.0,0.0,125.0,1100.0,2.0,550.0,1.5,1,0
Super built-up Area,Dommasandra,2.0,1.0,25.4,850.0,2.0,425.0,1.0,0,0
Built-up Area,Electronic City Phase II,2.0,1.0,26.65,1025.0,2.0,512.5,1.0,0,1
Built-up Area,Uttarahalli,2.0,1.0,45.0,980.0,2.0,490.0,1.0,1,1
Super built-up Area,Basavanagara,2.0,1.0,70.0,1428.0,3.0,476.0,0.6666666666666666,1,0
Super built-up Area,Shanti Nagar,2.0,,74.0,1130.0,2.0,565.0,1.0,1,1
Super built-up Area,JP Nagar,3.0,3.0,82.0,2050.0,3.0,683.3333333333334,1.0,1,1
Super built-up Area,Bagalur,2.0,1.0,83.87,1407.0,2.0,703.5,1.0,1,1
Super built-up Area,Cunningham Road,3.0,2.0,800.0,4170.0,3.0,1390.0,1.0,1,1
Super built-up Area,Whitefield,3.0,1.0,84.0,1585.0,3.0,528.3333333333334,1.0,1,1
Built-up Area,Jakkur,3.0,2.0,130.0,1785.0,3.0,595.0,1.0,1,1
Built-up Area,BSM Extension,2.0,3.0,45.0,900.0,2.0,450.0,1.0,1,1
Plot Area,Somanna Garden,4.0,2.0,160.0,1350.0,4.0,337.5,1.0,1,0
Super built-up Area,Kanakpura Road,3.0,2.0,96.2,1843.0,3.0,614.3333333333334,1.0,1,1
Super built-up Area,Munivenkatppa Layout,3.0,,260.0,2375.0,4.0,593.75,0.75,1,1
Super built-up Area,RPC layout,2.0,1.0,67.0,1200.0,2.0,600.0,1.0,1,1
Super built-up Area,Akshaya Nagar,2.0,1.0,52.0,1113.0,2.0,556.5,1.0,1,0
Super built-up Area,Anekal,3.0,2.0,45.0,1150.0,3.0,383.3333333333333,1.0,1,0
Super built-up Area,Yeshwanthpur,1.0,1.0,70.0,770.0,2.0,385.0,0.5,1,1
Super built-up Area,Kodichikkanahalli,2.0,2.0,57.0,1181.0,2.0,590.5,1.0,1,1
Super built-up Area,Kanakpura Road,3.0,3.0,64.7,1550.0,3.0,516.6666666666666,1.0,1,0
Super built-up Area,1st Phase JP Nagar,2.0,,86.0,1200.0,2.0,600.0,1.0,1,0
Super built-up Area,Raja Rajeshwari Nagar,2.0,2.0,55.47,1295.0,2.0,647.5,1.0,1,1
Super built-up Area,Lingadheeranahalli,3.0,1.0,95.0,1506.0,3.0,502.0,1.0,1,1
Built-up Area,"HSR Layout 7th sector,",3.0,2.0,152.0,1872.0,3.0,624.0,1.0,1,0
Super built-up Area,Sarjapur  Road,4.0,2.0,240.0,2900.0,4.0,725.0,1.0,1,1
Super built-up Area,Abbigere,2.0,1.0,35.0,1326.0,3.0,442.0,0.6666666666666666,0,1
Super built-up Area,Talaghattapura,2.0,1.0,33.28,1040.0,2.0,520.0,1.0,1,0
Super built-up Area,Hennur,2.0,1.0,48.0,1020.0,2.0,510.0,1.0,1,1
Super built-up Area,Gokula Extension,3.0,2.0,90.0,1400.0,3.0,466.6666666666667,1.0,1,0
Super built-up Area,Neeladri Nagar,12.0,,160.0,4000.0,10.0,400.0,1.2,1,0
Plot Area,Weavers Colony,1.0,1.0,26.0,812.0,1.0,812.0,1.0,1,0
Super built-up Area,Kodathi,2.0,1.0,22.8,829.0,2.0,414.5,1.0,0,0
Plot Area,Sanjay nagar,4.0,2.0,350.0,2700.0,4.0,675.0,1.0,1,0
Super built-up Area,Kanakpura Road,3.0,1.0,72.99,1500.0,3.0,500.0,1.0,0,1
Built-up Area,Ananth Nagar,2.0,1.0,25.99,850.0,2.0,425.0,1.0,1,0
Built-up Area,Kaval Byrasandra,2.0,2.0,60.0,1180.0,2.0,590.0,1.0,1,1
Super built-up Area,Cunningham Road,5.0,2.0,995.0,5108.0,4.0,1277.0,1.25,0,0
Super built-up Area,Channasandra,2.0,1.0,36.0,1010.0,2.0,505.0,1.0,1,0
Built-up Area,Marathahalli,2.0,2.0,60.0,1350.0,2.0,675.0,1.0,1,1
Built-up Area,Talaghattapura,2.0,0.0,50.0,1100.0,2.0,550.0,1.0,1,0
Super built-up Area,Kanakpura Road,2.0,2.0,62.93,1450.0,3.0,483.3333333333333,0.6666666666666666,1,1
Super built-up Area,Raja Rajeshwari Nagar,2.0,2.0,40.0,1133.0,2.0,566.5,1.0,1,1
Super built-up Area,Thanisandra,3.0,2.0,100.0,1564.0,3.0,521.3333333333334,1.0,1,1
Plot Area,Doddaballapur,1.0,0.0,10.5,640.0,2.0,320.0,0.5,1,0
Super built-up Area,Thigalarapalya,4.0,2.0,157.0,2072.0,3.0,690.6666666666666,1.3333333333333333,1,1
Super built-up Area,Kanakapura,2.0,3.0,51.1,1460.0,3.0,486.6666666666667,0.6666666666666666,1,1
Super built-up Area,A Narayanapura,2.0,1.0,35.0,600.0,1.0,600.0,2.0,1,0
Built-up Area,"Judicial Layout, Kanakapura Road,",2.0,1.0,35.0,700.0,2.0,350.0,1.0,0,0
Super built-up Area,Yelahanka,1.0,1.0,38.0,654.0,1.0,654.0,1.0,1,1
Super built-up Area,Ankappa Layout,2.0,2.0,50.0,1105.0,2.0,552.5,1.0,1,1
Super built-up Area,Hebbal Kempapura,3.0,3.0,150.0,1800.0,3.0,600.0,1.0,1,1
Plot Area,Yelachenahalli,2.0,2.0,160.0,1200.0,2.0,600.0,1.0,1,0
Super built-up Area,Amruthnagar,2.0,1.0,51.0,1000.0,2.0,500.0,1.0,1,1
Built-up Area,HSR Layout,5.0,0.0,350.0,3500.0,5.0,700.0,1.0,1,0
Super built-up Area,Gattahalli,2.0,1.0,63.0,1240.0,3.0,413.3333333333333,0.6666666666666666,0,1
Super built-up Area,Bellandur,2.0,3.0,45.0,1200.0,2.0,600.0,1.0,1,0
Super built-up Area,Yelahanka New Town,2.0,2.0,80.0,1400.0,3.0,466.6666666666667,0.6666666666666666,1,1
Super built-up Area,HOSUR MAIN ROAD,3.0,2.0,54.0,1393.0,3.0,464.3333333333333,1.0,1,0
Super built-up Area,Whitefield,2.0,2.0,50.0,1140.0,2.0,570.0,1.0,1,0
Built-up Area,Gulimangala,3.0,2.0,70.0,1640.0,3.0,546.6666666666666,1.0,1,1
Plot Area,Kithaganur,2.0,0.0,62.0,1200.0,2.0,600.0,1.0,1,0
Built-up Area,Rajaji Nagar,2.0,2.0,65.0,720.0,2.0,360.0,1.0,1,0
Super built-up Area,Yelenahalli,3.0,3.0,68.0,1650.0,3.0,550.0,1.0,1,0
Super built-up Area,Nagavara,4.0,2.0,125.0,2496.0,4.0,624.0,1.0,1,1
Super built-up Area,9th Phase JP Nagar,2.0,1.0,32.0,905.0,2.0,452.5,1.0,1,1
Super built-up Area,HAL 2nd Stage,3.0,1.0,125.0,1600.0,3.0,533.3333333333334,1.0,1,0
Super built-up Area,Chikkalasandra,2.0,1.0,45.48,1070.0,2.0,535.0,1.0,0,0
Plot Area,Yemlur,5.0,2.0,1675.0,8400.0,4.0,2100.0,1.25,1,1
Built-up Area,Koramangala,2.0,2.0,100.0,1200.0,2.0,600.0,1.0,1,0
Plot Area,Indira Nagar,5.0,2.0,350.0,1800.0,5.0,360.0,1.0,1,0
Built-up Area,8th Phase JP Nagar,4.0,2.0,115.0,2600.0,4.0,650.0,1.0,1,0
Super built-up Area,Old Airport Road,2.0,2.0,75.0,1145.0,2.0,572.5,1.0,1,0
Super built-up Area,Addischetan Layout,3.0,2.0,55.0,1495.0,3.0,498.3333333333333,1.0,1,1
Plot Area,Basavanagara,2.0,1.0,300.0,1200.0,3.0,400.0,0.6666666666666666,1,0
Built-up Area,Stage-4 Bommanahalli,3.0,2.0,53.0,1400.0,3.0,466.6666666666667,1.0,1,1
Built-up Area,Whitefield,3.0,2.0,90.0,1558.0,3.0,519.3333333333334,1.0,0,0
Super built-up Area,Balagere,2.0,1.0,53.0,1007.0,2.0,503.5,1.0,0,1
Super built-up Area,Ananth Nagar,2.0,1.0,25.26,902.0,2.0,451.0,1.0,1,0
Super built-up Area,Kallumantapa,2.0,1.0,53.0,1054.0,2.0,527.0,1.0,1,1
Super built-up Area,Uttarahalli,2.0,3.0,39.73,1135.0,3.0,378.3333333333333,0.6666666666666666,1,0
Super built-up Area,Gollarapalya Hosahalli,2.0,2.0,49.0,996.0,2.0,498.0,1.0,1,1
Super built-up Area,Vimanapura,2.0,2.0,47.0,1275.0,2.0,637.5,1.0,0,0
Plot Area,NRI Layout,2.0,0.0,75.0,1250.0,2.0,625.0,1.0,1,0
Built-up Area,Hennur,4.0,2.0,170.0,2502.0,4.0,625.5,1.0,1,0
Super built-up Area,Sadaramangala,2.0,3.0,52.0,1394.0,2.0,697.0,1.0,1,1
Super built-up Area,Konena Agrahara,2.0,1.0,57.0,1075.0,2.0,537.5,1.0,1,1
Built-up Area,Indira Nagar,3.0,3.0,120.0,1500.0,3.0,500.0,1.0,1,1
Super built-up Area,Rayasandra,3.0,1.0,76.0,1708.0,4.0,427.0,0.75,0,0
Plot Area,Whitefield,3.0,1.0,250.0,1500.0,3.0,500.0,1.0,1,1
Built-up Area,Jakkur Plantation,4.0,3.0,115.0,1800.0,3.0,600.0,1.3333333333333333,1,1
Super built-up Area,Harlur,2.0,1.0,65.0,1532.0,2.0,766.0,1.0,1,0
Super built-up Area,Hosa Road,3.0,2.0,81.99,1726.0,3.0,575.3333333333334,1.0,0,1
Super built-up Area,Hanumanth Nagar,2.0,2.0,54.89,1220.0,2.0,610.0,1.0,1,1
Super built-up Area,Chikkalasandra,2.0,2.0,50.0,1100.0,2.0,550.0,1.0,1,0
Super built-up Area,Electronics City Phase 1,3.0,3.0,40.0,1530.0,3.0,510.0,1.0,1,1
Super built-up Area,Hosa Road,2.0,1.0,28.0,840.0,2.0,420.0,1.0,0,1
Super built-up Area,Bommanahalli,4.0,3.0,39.0,1250.0,3.0,416.6666666666667,1.3333333333333333,0,0
Super built-up Area,CV Raman Nagar,2.0,,35.0,1030.0,2.0,515.0,1.0,1,0
Super built-up Area,Raghavendra Layout,3.0,2.0,89.0,1499.0,3.0,499.6666666666667,1.0,1,1
Super built-up Area,Varsova Layout,2.0,3.0,55.0,1280.0,3.0,426.6666666666667,0.6666666666666666,1,1
Built-up Area,Munnekollal,2.0,2.0,59.0,1170.0,2.0,585.0,1.0,1,0
Plot Area,Chikka Tirupathi,3.0,,99.0,2646.0,3.0,882.0,1.0,1,0
Super built-up Area,Thirumenahalli,2.0,3.0,36.69,1161.0,2.0,580.5,1.0,0,1
Plot Area,Yelahanka,2.0,1.0,72.0,1633.0,2.0,816.5,1.0,1,0
Built-up Area,Richards Town,2.0,2.0,65.0,1050.0,2.0,525.0,1.0,1,1
Plot Area,Hennur Road,5.0,3.0,309.0,1650.0,4.0,412.5,1.25,0,1
Super built-up Area,Varthur Road,1.0,0.0,13.26,552.5,1.0,552.5,1.0,0,1
Super built-up Area,Attibele,2.0,1.0,11.5,418.0,1.0,418.0,2.0,1,1
Super built-up Area,Bhattarahalli,2.0,2.0,50.0,905.0,2.0,452.5,1.0,1,0
Super built-up Area,Raja Rajeshwari Nagar,2.0,2.0,55.0,1510.0,3.0,503.3333333333333,0.6666666666666666,1,1
Super built-up Area,Chikkalasandra,2.0,3.0,60.47,1390.0,3.0,463.3333333333333,0.6666666666666666,1,0
Super built-up Area,Kasturi Nagar,2.0,2.0,66.0,1101.0,2.0,550.5,1.0,1,0
Super built-up Area,Srirampura,4.0,,130.0,2736.0,4.0,684.0,1.0,1,1
Super built-up Area,EPIP Zone,4.0,2.0,163.0,2350.0,3.0,783.3333333333334,1.3333333333333333,0,1
Super built-up Area,Raja Rajeshwari Nagar 5th Stage,2.0,2.0,55.0,1056.0,2.0,528.0,1.0,1,1
Super built-up Area,Kanakpura Road,2.0,2.0,49.88,1425.0,3.0,475.0,0.6666666666666666,1,0
Super built-up Area,Electronics City Phase 1,3.0,1.0,70.0,1450.0,3.0,483.3333333333333,1.0,0,1
Built-up Area,Pai Layout,2.0,2.0,34.0,1000.0,2.0,500.0,1.0,1,1
Super built-up Area,Haralur Road,1.0,1.0,38.0,575.0,1.0,575.0,1.0,0,1
Plot Area,Kanakpura Road,2.0,0.0,180.0,2000.0,3.0,666.6666666666666,0.6666666666666666,1,0
Built-up Area,Raghavendra Layout,3.0,2.0,90.0,1770.0,3.0,590.0,1.0,1,1
Super built-up Area,Byadarahalli,3.0,2.0,315.0,3155.0,3.0,1051.6666666666667,1.0,1,1
Plot Area,Anandapura,3.0,1.0,45.0,616.0,2.0,308.0,1.5,1,0
Super built-up Area,JP Nagar,1.0,0.0,34.27,745.0,1.0,745.0,1.0,1,1
Built-up Area,Nayandanahalli,7.0,1.0,104.0,6500.0,7.0,928.5714285714286,1.0,1,0
Plot Area,HAL 2nd Stage,4.0,1.0,650.0,2400.0,4.0,600.0,1.0,1,0
Super built-up Area,Kudlu Gate,2.0,2.0,103.0,1547.0,2.0,773.5,1.0,0,1
Super built-up Area,Panathur,3.0,1.0,120.0,1713.0,3.0,571.0,1.0,1,1
Plot Area,Sarjapur,4.0,2.0,430.0,3300.0,4.0,825.0,1.0,1,1
Super built-up Area,Yeshwanthpur,4.0,2.0,180.0,1856.0,3.0,618.6666666666666,1.3333333333333333,1,1
Super built-up Area,RMV Extension,2.0,1.0,57.0,1152.0,2.0,576.0,1.0,1,1
Super built-up Area,Dodda Nekkundi,2.0,1.0,46.75,1100.0,2.0,550.0,1.0,1,0
Super built-up Area,Narayanapura,3.0,2.0,135.0,2357.0,3.0,785.6666666666666,1.0,1,1
Super built-up Area,Akshaya Nagar,4.0,2.0,95.0,1820.0,3.0,606.6666666666666,1.3333333333333333,1,0
Super built-up Area,Kannamangala,3.0,1.0,139.0,1865.0,3.0,621.6666666666666,1.0,0,1
Built-up Area,Kanakpura Road,2.0,2.0,65.0,1240.0,2.0,620.0,1.0,1,1
Super built-up Area,Padmanabhanagar,3.0,1.0,75.0,1360.0,3.0,453.3333333333333,1.0,1,1
Built-up Area,ISRO Layout,4.0,2.0,255.0,4200.0,4.0,1050.0,1.0,1,0
Super built-up Area,Electronics City Phase 1,2.0,2.0,63.51,1450.0,3.0,483.3333333333333,0.6666666666666666,1,1
Super built-up Area,Budigere,2.0,2.0,72.0,1139.0,2.0,569.5,1.0,1,1
Super built-up Area,Begur Road,2.0,2.0,56.0,1565.0,3.0,521.6666666666666,0.6666666666666666,1,0
Plot Area,Anjanapura,3.0,2.0,165.0,1200.0,3.0,400.0,1.0,1,0
Super built-up Area,Nagappa Reddy Layout,2.0,2.0,39.0,1200.0,2.0,600.0,1.0,1,0
Super built-up Area,Yeshwanthpur,3.0,3.0,140.0,1855.0,3.0,618.3333333333334,1.0,1,1
Plot Area,Margondanahalli,2.0,1.0,55.0,1100.0,2.0,550.0,1.0,1,0
Built-up Area,Arehalli,2.0,2.0,65.0,1350.0,3.0,450.0,0.6666666666666666,1,0
Super built-up Area,Old Madras Road,3.0,2.0,207.0,2266.0,3.0,755.3333333333334,1.0,1,1
Super built-up Area,Hosur Road,1.0,1.0,23.0,660.0,1.0,660.0,1.0,1,0
Built-up Area,Kodihalli,2.0,1.0,150.0,1490.0,2.0,745.0,1.0,1,0
Super built-up Area,Kambipura,2.0,1.0,48.0,1083.0,3.0,361.0,0.6666666666666666,1,1
Super built-up Area,Hennur Road,2.0,1.0,83.0,1232.0,2.0,616.0,1.0,0,1
Super built-up Area,Raja Rajeshwari Nagar,3.0,1.0,86.8,1550.0,3.0,516.6666666666666,1.0,1,1
Super built-up Area,Whitefield,2.0,2.0,70.0,1227.0,2.0,613.5,1.0,1,1
Super built-up Area,Sarjapur  Road,2.0,2.0,68.0,1059.0,2.0,529.5,1.0,1,0
Super built-up Area,Mahadevpura,2.0,1.0,54.0,1152.0,2.0,576.0,1.0,1,1
Super built-up Area,Kenchenahalli,1.0,1.0,45.0,870.0,2.0,435.0,0.5,1,1
Super built-up Area,Panathur,2.0,1.0,78.0,1210.0,2.0,605.0,1.0,0,0
Super built-up Area,Thanisandra,1.0,0.0,46.1,663.0,1.0,663.0,1.0,0,1
Super built-up Area,Hennur Gardens,2.0,1.0,135.0,1464.0,3.0,488.0,0.6666666666666666,1,1
Built-up Area,Kadubeesanahalli,3.0,1.0,80.0,1365.0,3.0,455.0,1.0,1,0
Super built-up Area,Whitefield,3.0,1.0,120.0,1704.0,3.0,568.0,1.0,1,1
Super built-up Area,Whitefield,,,60.55,1495.0,3.0,498.3333333333333,,0,1
Super built-up Area,Whitefield,2.0,,73.0,1256.0,2.0,628.0,1.0,0,1
Built-up Area,Kengeri,2.0,0.0,49.0,883.0,2.0,441.5,1.0,1,0
Built-up Area,Bisuvanahalli,2.0,1.0,45.0,1080.0,3.0,360.0,0.6666666666666666,1,1
Super built-up Area,9th Phase JP Nagar,2.0,1.0,52.36,1073.0,2.0,536.5,1.0,0,1
Super built-up Area,Rajaji Nagar,6.0,3.0,250.0,3000.0,6.0,500.0,1.0,1,0
Super built-up Area,Doddabommasandra,2.0,3.0,32.0,1300.0,2.0,650.0,1.0,1,1
Built-up Area,Thanisandra,1.0,0.0,45.0,662.0,1.0,662.0,1.0,1,1
Super built-up Area,Kumara Park,2.0,2.0,75.0,1200.0,2.0,600.0,1.0,0,0
Built-up Area,5th Phase JP Nagar,3.0,3.0,75.0,1550.0,3.0,516.6666666666666,1.0,1,0
Super built-up Area,7th Block Jayanagar,3.0,2.0,171.0,1707.0,3.0,569.0,1.0,1,1
Super built-up Area,Banashankari,2.0,2.0,80.43,1310.0,2.0,655.0,1.0,1,1
Super built-up Area,Sarjapur  Road,3.0,2.0,65.0,1577.0,3.0,525.6666666666666,1.0,1,0
Super built-up Area,Kodigehaali,3.0,2.0,65.0,1324.0,3.0,441.3333333333333,1.0,1,1
Super built-up Area,Kothanur,2.0,2.0,106.0,1786.0,3.0,595.3333333333334,0.6666666666666666,1,1
Super built-up Area,Kamala Nagar,1.0,1.0,33.0,565.0,1.0,565.0,1.0,1,0
Built-up Area,Electronic City,1.0,1.0,28.0,635.0,1.0,635.0,1.0,1,1
Plot Area,Kalyan nagar,8.0,2.0,400.0,3000.0,6.0,500.0,1.3333333333333333,1,0
Super built-up Area,8th Phase JP Nagar,2.0,1.0,54.71,1368.0,3.0,456.0,0.6666666666666666,1,1
Super built-up Area,Kanakpura Road,3.0,3.0,55.0,1450.0,3.0,483.3333333333333,1.0,1,1
Super built-up Area,Devanahalli,2.0,2.0,48.0,1045.0,2.0,522.5,1.0,1,0
Super built-up Area,Electronic City,2.0,1.0,65.4,1128.0,2.0,564.0,1.0,0,1
Built-up Area,Bhoganhalli,2.0,1.0,54.0,1125.0,2.0,562.5,1.0,1,1
Super built-up Area,Whitefield,2.0,1.0,62.38,1195.0,2.0,597.5,1.0,0,1
Plot Area,Ramakrishnappa Layout,2.0,1.0,70.0,630.0,1.0,630.0,2.0,1,0
Plot Area,Kaggadasapura,2.0,0.0,105.0,1350.0,3.0,450.0,0.6666666666666666,1,0
Super built-up Area,Domlur,3.0,0.0,120.0,1740.0,3.0,580.0,1.0,1,0
Super built-up Area,Bommasandra,2.0,1.0,29.0,877.0,2.0,438.5,1.0,1,1
Built-up Area,Whitefield,4.0,1.0,68.0,1770.0,3.0,590.0,1.3333333333333333,1,1
Super built-up Area,Yelahanka New Town,1.0,1.0,15.0,450.0,1.0,450.0,1.0,1,0
Plot Area,tc.palya,2.0,1.0,55.0,1000.0,2.0,500.0,1.0,0,0
Super built-up Area,Whitefield,2.0,2.0,78.0,1300.0,2.0,650.0,1.0,1,0
Super built-up Area,Doddathoguru,2.0,1.0,42.0,1300.0,3.0,433.3333333333333,0.6666666666666666,1,0
Built-up Area,Chikkathoguru,2.0,2.0,42.0,1045.0,2.0,522.5,1.0,1,1
Super built-up Area,Chelekare,2.0,1.0,62.4,1250.0,2.0,625.0,1.0,1,0
Plot Area,Bande Nallasandra,4.0,1.0,130.0,2400.0,3.0,800.0,1.3333333333333333,1,1
Super built-up Area,Kanakpura Road,3.0,3.0,68.0,1420.0,3.0,473.3333333333333,1.0,1,1
Built-up Area,Sector 1 HSR Layout,3.0,3.0,83.0,1720.0,3.0,573.3333333333334,1.0,1,0
Plot Area,Anandapura,2.0,0.0,66.0,1200.0,3.0,400.0,0.6666666666666666,1,0
Super built-up Area,Whitefield,3.0,3.0,88.0,1570.0,3.0,523.3333333333334,1.0,1,1
Super built-up Area,Sarjapur  Road,2.0,1.0,74.0,1157.0,3.0,385.6666666666667,0.6666666666666666,0,1
Super built-up Area,Kanakapura,2.0,2.0,39.2,1120.0,2.0,560.0,1.0,1,1
Super built-up Area,Kenchenahalli,2.0,2.0,60.0,1150.0,2.0,575.0,1.0,1,1
Plot Area,Hebbal Kempapura,5.0,2.0,200.0,2400.0,5.0,480.0,1.0,1,0
Super built-up Area,6th Phase JP Nagar,3.0,3.0,200.0,2003.0,3.0,667.6666666666666,1.0,1,1
Carpet Area,Thirumenahalli,2.0,2.0,70.0,1100.0,2.0,550.0,1.0,1,0
Super built-up Area,Kodichikkanahalli,2.0,1.0,42.0,900.0,2.0,450.0,1.0,1,0
Super built-up Area,Talaghattapura,2.0,1.0,43.9,1372.0,3.0,457.3333333333333,0.6666666666666666,1,0
Plot Area,Chikka Tirupathi,5.0,3.0,150.0,4500.0,4.0,1125.0,1.25,0,1
Super built-up Area,Bisuvanahalli,2.0,1.0,55.5,1180.0,3.0,393.3333333333333,0.6666666666666666,1,1
Super built-up Area,Electronic City,2.0,2.0,39.0,1096.0,2.0,548.0,1.0,1,1
Super built-up Area,Yeshwanthpur,3.0,3.0,138.0,2504.0,3.0,834.6666666666666,1.0,1,1
Built-up Area,Raghuvanahalli,1.0,1.0,23.5,420.0,1.0,420.0,1.0,1,0
Super built-up Area,Hennur Road,3.0,1.0,116.0,1832.0,3.0,610.6666666666666,1.0,1,1
Built-up Area,Vasanthapura,2.0,1.0,40.0,940.0,2.0,470.0,1.0,1,0
Plot Area,Whitefield,5.0,3.0,625.0,4290.0,4.0,1072.5,1.25,1,0
Built-up Area,Electronic City Phase II,2.0,1.0,29.45,1020.0,2.0,510.0,1.0,0,1
Built-up Area,Abbigere,6.0,0.0,81.0,2500.0,6.0,416.6666666666667,1.0,1,0
Super built-up Area,Raja Rajeshwari Nagar,2.0,2.0,45.0,1400.0,2.0,700.0,1.0,1,0
Built-up Area,HAL Layout,3.0,2.0,65.0,1675.0,3.0,558.3333333333334,1.0,1,0
Super built-up Area,Tumkur Road,2.0,1.0,32.0,708.0,2.0,354.0,1.0,1,0
Super built-up Area,Channasandra,2.0,1.0,36.0,1123.0,2.0,561.5,1.0,1,1
Super built-up Area,Talaghattapura,2.0,1.0,49.49,1100.0,2.0,550.0,1.0,1,0
Super built-up Area,Upkar Layout,2.0,2.0,71.05,1225.0,2.0,612.5,1.0,1,1
Super built-up Area,Lingadheeranahalli,3.0,1.0,140.0,1683.0,3.0,561.0,1.0,1,1
Super built-up Area,Kengeri Satellite Town,1.0,1.0,15.0,410.0,1.0,410.0,1.0,1,0
Plot Area,Banashankari Stage II,2.0,2.0,300.0,2400.0,3.0,800.0,0.6666666666666666,1,0
Plot Area,Kenchenhalli,4.0,1.0,90.0,1350.0,4.0,337.5,1.0,1,0
Super built-up Area,Gubbalala,2.0,2.0,80.0,1475.0,2.0,737.5,1.0,1,1
Super built-up Area,Kengeri Satellite Town,2.0,2.0,49.0,1120.0,2.0,560.0,1.0,1,1
Super built-up Area,KR Puram,2.0,1.0,42.0,1150.0,2.0,575.0,1.0,1,1
Super built-up Area,Yeshwanthpur,2.0,1.0,85.0,1165.0,2.0,582.5,1.0,1,1
Super built-up Area,Harlur,3.0,2.0,134.0,1756.0,3.0,585.3333333333334,1.0,1,0
Super built-up Area,Ambedkar Nagar,2.0,2.0,95.0,1409.0,2.0,704.5,1.0,1,1
Super built-up Area,Mahadevpura,2.0,1.0,56.9,1212.0,2.0,606.0,1.0,1,1
Super built-up Area,Doddathoguru,2.0,2.0,26.49,1140.0,2.0,570.0,1.0,1,1
Super built-up Area,Hegde Nagar,3.0,2.0,115.0,2087.01,3.0,695.6700000000001,1.0,0,1
Super built-up Area,Jalahalli East,1.0,0.0,34.1,775.0,1.0,775.0,1.0,1,1
Super built-up Area,Sarjapur  Road,3.0,1.0,118.0,1700.0,3.0,566.6666666666666,1.0,0,1
Super built-up Area,Carmelaram,3.0,0.0,91.855,1732.5,3.0,577.5,1.0,1,1
Super built-up Area,Raja Rajeshwari Nagar,2.0,1.0,52.0,1110.0,2.0,555.0,1.0,1,0
Built-up Area,Chikka Tirupathi,5.0,0.0,105.0,2704.0,4.0,676.0,1.25,1,1
Plot Area,Vidya Nagar,2.0,0.0,280.0,3760.0,2.0,1880.0,1.0,1,0
Plot Area,Hormavu,5.0,2.0,140.0,1600.0,5.0,320.0,1.0,1,0
Super built-up Area,Bhoganhalli,2.0,2.0,64.47,1205.0,2.0,602.5,1.0,0,1
Super built-up Area,Thigalarapalya,2.0,2.0,105.0,1418.0,2.0,709.0,1.0,1,0
Built-up Area,Ardendale,3.0,3.0,82.0,1650.0,3.0,550.0,1.0,1,1
Super built-up Area,Electronic City,2.0,1.0,38.0,1150.0,2.0,575.0,1.0,1,1
Super built-up Area,Byadarahalli,4.0,,300.0,3071.0,3.0,1023.6666666666666,1.3333333333333333,1,1
Built-up Area,Dasanapura,5.0,2.0,100.0,2400.0,4.0,600.0,1.25,1,0
Built-up Area,Singapura Village,2.0,0.0,34.0,850.0,2.0,425.0,1.0,1,1
Super built-up Area,Raja Rajeshwari Nagar,3.0,1.0,83.74,1580.0,3.0,526.6666666666666,1.0,1,1
Super built-up Area,Whitefield,2.0,1.0,84.03,1216.0,2.0,608.0,1.0,0,1
Carpet Area,Kanakpura Road,1.0,1.0,28.0,381.0,1.0,381.0,1.0,0,1
Built-up Area,KR Puram,9.0,2.0,200.0,4600.0,9.0,511.1111111111111,1.0,0,0
Super built-up Area,Hebbal,2.0,1.0,55.0,1040.0,2.0,520.0,1.0,1,0
Built-up Area,Choodasandra,3.0,1.0,210.0,2429.0,4.0,607.25,0.75,0,1
Super built-up Area,Akshaya Vana,2.0,1.0,49.0,1260.0,3.0,420.0,0.6666666666666666,1,1
Super built-up Area,Kanakpura Road,3.0,2.0,74.9,1498.0,3.0,499.3333333333333,1.0,1,1
Super built-up Area,Vidyaranyapura,2.0,2.0,65.0,1200.0,3.0,400.0,0.6666666666666666,1,0
Super built-up Area,Electronic City,2.0,1.0,72.9,1355.0,2.0,677.5,1.0,0,1
Built-up Area,Canara Bank Layout,3.0,1.0,65.0,1450.0,3.0,483.3333333333333,1.0,1,1
Super built-up Area,Yeshwanthpur,3.0,2.0,168.0,1860.0,3.0,620.0,1.0,1,0
Built-up Area,Whitefield,2.0,2.0,70.0,1240.0,2.0,620.0,1.0,1,0
Super built-up Area,Kanakpura Road,2.0,2.0,55.0,1300.0,3.0,433.3333333333333,0.6666666666666666,1,1
Plot Area,Kundalahalli,5.0,2.0,245.0,2500.0,4.0,625.0,1.25,1,1
Super built-up Area,Ambedkar Nagar,4.0,2.0,120.0,1950.0,3.0,650.0,1.3333333333333333,1,1
Super built-up Area,Ambalipura,2.0,2.0,145.0,1625.0,3.0,541.6666666666666,0.6666666666666666,1,1
Super built-up Area,Electronic City,2.0,2.0,30.0,1200.0,2.0,600.0,1.0,0,0
Super built-up Area,OMBR Layout,2.0,2.0,66.0,1101.0,2.0,550.5,1.0,1,0
Super built-up Area,Whitefield,2.0,1.0,72.5,1216.0,2.0,608.0,1.0,0,1
Super built-up Area,Uttarahalli,2.0,3.0,50.0,1250.0,3.0,416.6666666666667,0.6666666666666666,1,0
Plot Area,Samethanahalli,3.0,0.0,70.0,2100.0,3.0,700.0,1.0,1,0
Built-up Area,Ananth Nagar,3.0,2.0,54.0,1470.0,3.0,490.0,1.0,1,1
Super built-up Area,Bannerghatta Road,3.0,1.0,76.18,1365.0,3.0,455.0,1.0,0,1
Super built-up Area,Hosa Road,2.0,1.0,64.79,1364.0,2.0,682.0,1.0,0,1
Super built-up Area,Banashankari Stage VI,2.0,1.0,59.47,1180.0,2.0,590.0,1.0,0,1
Super built-up Area,7th Phase JP Nagar,3.0,2.0,130.0,1800.0,3.0,600.0,1.0,1,1
Super built-up Area,Kothannur,2.0,2.0,42.0,1350.0,2.0,675.0,1.0,1,0
Super built-up Area,Thanisandra,3.0,2.0,98.0,1573.0,3.0,524.3333333333334,1.0,1,1
Super built-up Area,Nallurhalli,3.0,3.0,95.0,1620.0,3.0,540.0,1.0,1,1
Super built-up Area,Doddakallasandra,2.0,1.0,42.87,1072.0,2.0,536.0,1.0,1,0
Built-up Area,Bagalakunte,1.0,1.0,21.0,560.0,1.0,560.0,1.0,1,0
Super built-up Area,Coconut Grove Layout,2.0,2.0,46.0,1156.0,2.0,578.0,1.0,1,1
Built-up Area,Kudlu Gate,2.0,1.0,86.0,1336.0,2.0,668.0,1.0,0,0
Super built-up Area,Electronic City,2.0,1.0,20.0,1200.0,2.0,600.0,1.0,1,1
Super built-up Area,Marathahalli,4.0,3.0,235.0,3400.0,4.0,850.0,1.0,1,1
Super built-up Area,Raja Rajeshwari Nagar,3.0,3.0,54.51,1608.0,3.0,536.0,1.0,1,1
Super built-up Area,JP Nagar,4.0,3.0,441.0,4000.0,4.0,1000.0,1.0,0,1
Super built-up Area,Whitefield,2.0,2.0,40.0,1215.0,2.0,607.5,1.0,1,1
Built-up Area,Cox Town,2.0,1.0,166.0,1100.0,2.0,550.0,1.0,1,0
Super built-up Area,Green Glen Layout,3.0,3.0,100.0,1517.0,3.0,505.6666666666667,1.0,1,1
Super built-up Area,Mallasandra,2.0,2.0,69.0,1565.0,2.0,782.5,1.0,1,0
Super built-up Area,Whitefield,4.0,2.0,115.0,2025.0,3.0,675.0,1.3333333333333333,1,1
Super built-up Area,Jalahalli,2.0,1.0,34.71,1057.0,2.0,528.5,1.0,0,1
Super built-up Area,Sadashiva Nagar,3.0,3.0,650.0,3850.0,3.0,1283.3333333333333,1.0,1,0
Super built-up Area,Sarjapur,2.0,2.0,34.0,1044.0,2.0,522.0,1.0,1,1
Built-up Area,Domlur,3.0,2.0,125.0,1695.0,3.0,565.0,1.0,1,1
Super built-up Area,Ramagondanahalli,3.0,1.0,61.0,1635.0,3.0,545.0,1.0,0,1
Super built-up Area,Hiremath Layout,2.0,2.0,56.0,1140.0,2.0,570.0,1.0,1,0
Built-up Area,Electronic City,2.0,2.0,35.0,1150.0,2.0,575.0,1.0,1,1
Built-up Area,Yelachenahalli,2.0,2.0,110.0,1110.0,2.0,555.0,1.0,1,1
Super built-up Area,Yeshwanthpur,2.0,2.0,64.08,1163.0,2.0,581.5,1.0,1,1
Super built-up Area,Thubarahalli,2.0,2.0,65.0,1418.0,3.0,472.6666666666667,0.6666666666666666,1,1
Built-up Area,Varthur,2.0,1.0,60.0,1155.0,2.0,577.5,1.0,0,1
Super built-up Area,Bannerghatta Road,2.0,2.0,78.0,1115.0,2.0,557.5,1.0,1,1
Built-up Area,Sanjeevini Nagar,3.0,,180.0,2250.0,3.0,750.0,1.0,1,1
Super built-up Area,Naidu Layout,3.0,2.0,78.0,1485.0,3.0,495.0,1.0,1,0
Plot Area,Whitefield,5.0,2.0,250.0,1920.0,4.0,480.0,1.25,1,0
Plot Area,Shingapura,2.0,0.0,45.0,1350.0,1.0,1350.0,2.0,1,0
Super built-up Area,8th block Koramangala,2.0,2.0,100.0,1209.0,2.0,604.5,1.0,1,0
Super built-up Area,8th Phase JP Nagar,2.0,1.0,43.55,1089.0,2.0,544.5,1.0,1,1
Super built-up Area,Yelahanka,2.0,2.0,82.0,1445.0,2.0,722.5,1.0,1,1
Super built-up Area,Uttarahalli,2.0,2.0,50.0,1250.0,3.0,416.6666666666667,0.6666666666666666,1,0
Super built-up Area,SHANTHINAGAR,3.0,1.0,95.0,1500.0,3.0,500.0,1.0,0,0
Super built-up Area,Devarachikkanahalli,3.0,2.0,75.0,1705.0,3.0,568.3333333333334,1.0,1,1
Super built-up Area,Indira Nagar,3.0,2.0,160.0,2200.0,3.0,733.3333333333334,1.0,1,1
Plot Area,Cunningham Road,5.0,3.0,936.0,2925.0,5.0,585.0,1.0,1,0
Built-up Area,Whitefield,5.0,2.0,900.0,7200.0,5.0,1440.0,1.0,1,1
Super built-up Area,Bellandur,3.0,,90.0,1830.0,3.0,610.0,1.0,1,1
Super built-up Area,Electronics City Phase 1,3.0,2.0,58.0,1450.0,3.0,483.3333333333333,1.0,0,1
Super built-up Area,Hoodi,2.0,2.0,69.45,1259.0,2.0,629.5,1.0,1,1
Super built-up Area,Subramanyapura,2.0,1.0,73.0,1260.0,3.0,420.0,0.6666666666666666,1,1
Built-up Area,Kaggadasapura,5.0,1.0,120.0,2500.0,3.0,833.3333333333334,1.6666666666666667,1,0
Built-up Area,Kudlu Gate,3.0,2.0,121.0,1919.0,3.0,639.6666666666666,1.0,0,0
Super built-up Area,Hennur Road,3.0,,120.0,2050.0,3.0,683.3333333333334,1.0,1,1
Built-up Area,Basavangudi,2.0,1.0,103.0,1050.0,2.0,525.0,1.0,1,0
Super built-up Area,Bhuvaneshwari Nagar,2.0,2.0,60.0,1000.0,2.0,500.0,1.0,1,0
Super built-up Area,Raja Rajeshwari Nagar,3.0,1.0,86.8,1640.0,3.0,546.6666666666666,1.0,1,1
Built-up Area,Kumarapalli,2.0,2.0,65.0,1488.0,3.0,496.0,0.6666666666666666,1,1
Super built-up Area,Chikkalasandra,2.0,2.0,53.12,1265.0,3.0,421.6666666666667,0.6666666666666666,1,0
Built-up Area,Hennur,3.0,2.0,120.0,1640.0,3.0,546.6666666666666,1.0,1,1
Super built-up Area,9th Phase JP Nagar,2.0,2.0,88.0,1719.3,3.0,573.1,0.6666666666666666,1,1
Plot Area,Someshwara Layout,4.0,2.0,130.0,1200.0,4.0,300.0,1.0,1,0
Super built-up Area,Kaggadasapura,2.0,2.0,70.0,1180.0,2.0,590.0,1.0,1,1
Super built-up Area,HBR Layout,3.0,1.0,110.0,1700.0,3.0,566.6666666666666,1.0,1,1
Super built-up Area,Kudlu Gate,3.0,3.0,56.0,1464.0,2.0,732.0,1.5,1,0
Built-up Area,JP Nagar,6.0,0.0,68.0,1800.0,6.0,300.0,1.0,1,0
Built-up Area,Cox Town,2.0,1.0,300.0,1495.0,4.0,373.75,0.5,1,0
Built-up Area,Yelahanka,2.0,2.0,62.0,1225.0,2.0,612.5,1.0,0,1
Super built-up Area,7th Phase JP Nagar,2.0,0.0,68.0,1050.0,2.0,525.0,1.0,1,1
Super built-up Area,Sarjapur  Road,3.0,3.0,120.0,1691.0,3.0,563.6666666666666,1.0,1,1
Built-up Area,Doopanahalli,3.0,2.0,199.0,2250.0,3.0,750.0,1.0,1,0
Super built-up Area,Munivenkatppa Layout,4.0,2.0,314.0,3700.0,4.0,925.0,1.0,1,1
Super built-up Area,Satyasaibaba Layout,2.0,3.0,42.25,1190.0,2.0,595.0,1.0,0,0
Super built-up Area,Hormavu,2.0,1.0,37.49,765.0,2.0,382.5,1.0,1,0
Super built-up Area,Chamrajpet,1.0,2.0,52.0,730.0,2.0,365.0,0.5,1,0
Built-up Area,Queens Road,3.0,0.0,169.0,1405.0,3.0,468.3333333333333,1.0,1,1
Super built-up Area,Old Madras Road,3.0,1.0,45.9,1350.0,3.0,450.0,1.0,0,1
Super built-up Area,Yelahanka New Town,1.0,1.0,18.0,500.0,1.0,500.0,1.0,1,1
Super built-up Area,Amruthahalli,2.0,2.0,55.0,1200.0,2.0,600.0,1.0,1,1
Super built-up Area,7th Phase JP Nagar,2.0,2.0,57.0,1400.0,3.0,466.6666666666667,0.6666666666666666,1,0
Plot Area,Vaishnavi Layout,6.0,2.0,420.0,4800.0,4.0,1200.0,1.5,1,1
Built-up Area,Hormavu,2.0,,120.0,1668.0,3.0,556.0,0.6666666666666666,1,1
Super built-up Area,Kenchenahalli,1.0,1.0,35.0,700.0,1.0,700.0,1.0,1,1
Super built-up Area,5th Phase JP Nagar,2.0,1.0,66.0,1485.0,3.0,495.0,0.6666666666666666,1,1
Super built-up Area,Kanakpura Road,2.0,1.0,41.0,700.0,2.0,350.0,1.0,0,1
Super built-up Area,Whitefield,2.0,1.0,100.0,1346.0,3.0,448.6666666666667,0.6666666666666666,0,1
Super built-up Area,Bellari Road,2.0,1.0,43.5,1050.0,2.0,525.0,1.0,1,0
Super built-up Area,1st Block Koramangala,3.0,2.0,53.0,1800.0,3.0,600.0,1.0,1,1
Super built-up Area,Electronic City,3.0,3.0,115.0,1609.0,3.0,536.3333333333334,1.0,1,1
Built-up Area,Electronic City,1.0,1.0,35.0,770.0,2.0,385.0,0.5,1,1
Built-up Area,Kudlu,2.0,1.0,50.0,1076.0,2.0,538.0,1.0,1,0
Super built-up Area,Kengeri,2.0,2.0,51.0,1052.0,2.0,526.0,1.0,1,0
Super built-up Area,Channasandra,2.0,2.0,35.0,1000.0,2.0,500.0,1.0,0,1
Built-up Area,Bommasandra Industrial Area,2.0,1.0,28.88,1000.0,2.0,500.0,1.0,0,0
Super built-up Area,Thanisandra,2.0,1.0,83.0,1262.0,3.0,420.6666666666667,0.6666666666666666,1,1
Super built-up Area,Harsha Layout,1.0,1.0,16.0,500.0,1.0,500.0,1.0,1,0
Super built-up Area,Sadashiva Nagar,4.0,,700.0,3500.0,4.0,875.0,1.0,1,0
Built-up Area,Shanthala Nagar,3.0,2.0,180.0,1600.0,3.0,533.3333333333334,1.0,1,1
Super built-up Area,Ramagondanahalli,2.0,1.0,53.0,1251.0,2.0,625.5,1.0,0,1
Plot Area,Nagarbhavi,3.0,1.0,175.0,1050.0,3.0,350.0,1.0,1,0
Super built-up Area,Nyanappana Halli,2.0,2.0,49.0,1140.0,2.0,570.0,1.0,1,1
Super built-up Area,Old Madras Road,2.0,2.0,47.32,1157.0,2.0,578.5,1.0,0,1
Super built-up Area,RR Nagar,1.0,1.0,34.0,648.0,1.0,648.0,1.0,0,0
Super built-up Area,Harlur,2.0,1.0,78.0,1197.0,2.0,598.5,1.0,1,1
Super built-up Area,Raja Rajeshwari Nagar,3.0,3.0,51.04,1500.0,3.0,500.0,1.0,1,1
Built-up Area,Kumaraswami Layout,2.0,1.0,125.0,2400.0,3.0,800.0,0.6666666666666666,1,0
Super built-up Area,Kundalahalli,3.0,3.0,105.0,1397.0,3.0,465.6666666666667,1.0,0,1
Built-up Area,Basaveshwara Nagar,2.0,1.0,60.0,900.0,2.0,450.0,1.0,1,0
Super built-up Area,Rachenahalli,3.0,2.0,170.0,2710.0,3.0,903.3333333333334,1.0,1,1
Super built-up Area,Tala Cauvery Layout,2.0,2.0,126.0,1720.0,3.0,573.3333333333334,0.6666666666666666,1,1
Super built-up Area,Cambridge Layout,3.0,2.0,307.0,1756.0,3.0,585.3333333333334,1.0,1,1
Super built-up Area,Yelahanka,1.0,1.0,38.0,602.0,1.0,602.0,1.0,1,1
Super built-up Area,Sarjapur  Road,3.0,2.0,180.0,1770.0,3.0,590.0,1.0,1,1
Super built-up Area,Rachenahalli,2.0,2.0,46.5,1200.0,2.0,600.0,1.0,1,0
Built-up Area,Hagadur,2.0,2.0,45.0,1100.0,2.0,550.0,1.0,1,1
Super built-up Area,Kasavanhalli,3.0,0.0,105.0,1476.0,3.0,492.0,1.0,1,1
Super built-up Area,Thanisandra,2.0,2.0,65.0,1056.0,2.0,528.0,1.0,1,1
Super built-up Area,Singapura Village,2.0,1.0,35.0,825.0,2.0,412.5,1.0,1,1
Super built-up Area,EPIP Zone,3.0,2.0,130.0,1860.0,3.0,620.0,1.0,0,1
Super built-up Area,Gunjur,2.0,2.0,40.0,1063.0,2.0,531.5,1.0,1,1
Super built-up Area,Yelahanka,1.0,1.0,35.0,697.0,1.0,697.0,1.0,1,1
Built-up Area,Vijayanagar,2.0,0.0,230.0,2400.0,1.0,2400.0,2.0,1,0
Built-up Area,CV Raman Nagar,3.0,2.0,160.0,1835.0,3.0,611.6666666666666,1.0,1,1
Super built-up Area,Bannerghatta Road,3.0,0.0,79.465,1532.5,3.0,510.8333333333333,1.0,0,1
Super built-up Area,BTM 2nd Stage,2.0,1.0,75.0,1147.0,2.0,573.5,1.0,1,1
Plot Area,Kothanur,5.0,0.0,265.0,3400.0,4.0,850.0,1.25,1,1
Built-up Area,Hosakerehalli Layout,2.0,3.0,64.0,1080.0,2.0,540.0,1.0,1,0
Super built-up Area,Doddakallasandra,2.0,1.0,40.4,1010.0,2.0,505.0,1.0,1,0
Plot Area,Shanti Nagar,4.0,2.0,523.0,2600.0,4.0,650.0,1.0,1,0
Super built-up Area,Brookefield,2.0,1.0,95.0,1270.0,2.0,635.0,1.0,1,1
Super built-up Area,Basapura,2.0,1.0,61.0,1100.0,2.0,550.0,1.0,1,1
Super built-up Area,Bellandur,3.0,2.0,92.0,1410.0,2.0,705.0,1.5,1,1
Super built-up Area,Yelahanka,2.0,1.0,41.38,1065.0,2.0,532.5,1.0,1,1
Super built-up Area,Hebbal,3.0,3.0,65.0,1315.0,3.0,438.3333333333333,1.0,1,1
Super built-up Area,Kaggadasapura,2.0,1.0,45.0,960.0,2.0,480.0,1.0,1,1
Super built-up Area,Hosapalya,1.0,1.0,29.0,800.0,2.0,400.0,0.5,1,1
Super built-up Area,Doctors Layout,2.0,1.0,47.0,1225.0,2.0,612.5,1.0,1,0
Built-up Area,Whitefield,2.0,2.0,45.0,1020.0,2.0,510.0,1.0,1,1
Super built-up Area,Magadi Road,2.0,1.0,27.0,750.0,2.0,375.0,1.0,1,1
Plot Area,2nd Block Koramangala,3.0,1.0,550.0,3000.0,3.0,1000.0,1.0,1,0
Super built-up Area,Mysore Highway,1.0,1.0,35.0,535.0,1.0,535.0,1.0,1,0
Super built-up Area,Varthur,2.0,1.0,60.0,1035.0,2.0,517.5,1.0,1,1
Built-up Area,Bommasandra Industrial Area,2.0,1.0,29.45,1020.0,2.0,510.0,1.0,0,0
Super built-up Area,GM Palaya,3.0,0.0,64.0,1315.0,3.0,438.3333333333333,1.0,1,1
Super built-up Area,Basavangudi,2.0,2.0,130.0,1350.0,3.0,450.0,0.6666666666666666,1,0
Super built-up Area,Bisuvanahalli,2.0,1.0,48.0,1075.0,3.0,358.3333333333333,0.6666666666666666,1,1
Super built-up Area,Kengeri Satellite Town,2.0,3.0,50.0,1450.0,3.0,483.3333333333333,0.6666666666666666,1,1
Plot Area,Gottigere,1.0,1.0,150.0,1806.0,1.0,1806.0,1.0,1,0
Super built-up Area,Marathahalli,2.0,1.0,99.0,1350.0,2.0,675.0,1.0,1,1
Plot Area,Binny Pete,3.0,2.0,178.0,1282.0,3.0,427.3333333333333,1.0,0,1
Super built-up Area,Sarjapur  Road,3.0,1.0,103.0,1929.0,3.0,643.0,1.0,0,1
Super built-up Area,Varthur,2.0,2.0,72.0,1100.0,2.0,550.0,1.0,1,1
Built-up Area,Kundalahalli,3.0,2.0,110.0,1800.0,3.0,600.0,1.0,1,0
Super built-up Area,Gubbalala,2.0,1.0,42.81,1223.0,2.0,611.5,1.0,1,0
Super built-up Area,Bharathi Nagar,3.0,2.0,69.89,1664.0,3.0,554.6666666666666,1.0,1,1
Super built-up Area,Kasavanhalli,2.0,2.0,67.0,1158.0,2.0,579.0,1.0,1,1
Super built-up Area,Hormavu,3.0,2.0,58.0,1420.0,3.0,473.3333333333333,1.0,1,1
Super built-up Area,Rajaji Nagar,2.0,1.0,127.0,1268.0,2.0,634.0,1.0,0,1
Super built-up Area,Sarjapur  Road,2.0,1.0,75.0,1308.0,2.0,654.0,1.0,0,1
Built-up Area,Basavangudi,3.0,1.0,140.0,1485.0,3.0,495.0,1.0,1,0
Super built-up Area,Volagerekallahalli,2.0,3.0,33.99,1067.0,2.0,533.5,1.0,1,0
Built-up Area,Hulimavu,4.0,0.0,100.0,2000.0,4.0,500.0,1.0,1,1
Super built-up Area,Rajaji Nagar,3.0,3.0,330.0,2450.0,3.0,816.6666666666666,1.0,1,1
Super built-up Area,Glass Factory Layout,2.0,1.0,42.0,1152.0,2.0,576.0,1.0,1,1
Super built-up Area,Uttarahalli,2.0,2.0,62.82,1525.0,3.0,508.3333333333333,0.6666666666666666,0,1
Super built-up Area,Whitefield,2.0,1.0,32.72,935.0,2.0,467.5,1.0,0,0
Super built-up Area,Jagadish Nagar,2.0,2.0,88.0,1465.0,3.0,488.3333333333333,0.6666666666666666,1,1
Built-up Area,HBR Layout,2.0,1.0,65.0,1198.0,2.0,599.0,1.0,1,0
Super built-up Area,3rd Phase Iti Layout,2.0,1.0,63.0,1145.0,2.0,572.5,1.0,1,0
Plot Area,Attibele,2.0,1.0,42.0,1000.0,2.0,500.0,1.0,0,0
Built-up Area,Anekal,1.0,1.0,11.5,400.0,1.0,400.0,1.0,1,0
Built-up Area,south,3.0,2.0,410.0,3420.0,4.0,855.0,0.75,1,0
Super built-up Area,Marathahalli,3.0,1.0,63.22,1310.0,3.0,436.6666666666667,1.0,0,0
Super built-up Area,Panathur,3.0,3.0,92.0,1861.0,3.0,620.3333333333334,1.0,1,1
Super built-up Area,Uttarahalli,2.0,2.0,65.0,1265.0,3.0,421.6666666666667,0.6666666666666666,1,1
Super built-up Area,Green Domain Layout,2.0,2.0,75.0,1280.0,2.0,640.0,1.0,1,0
Super built-up Area,Raja Rajeshwari Nagar,2.0,1.0,53.76,1279.0,3.0,426.3333333333333,0.6666666666666666,1,0
Plot Area,"Ananthapura, T C palaya Main Road",3.0,2.0,60.0,680.0,2.0,340.0,1.5,0,0
Super built-up Area,Uttarahalli,3.0,2.0,57.0,1590.0,3.0,530.0,1.0,1,1
Super built-up Area,Hoodi,3.0,3.0,142.0,1837.0,3.0,612.3333333333334,1.0,0,1
Super built-up Area,Hegde Nagar,3.0,2.0,130.0,1703.0,3.0,567.6666666666666,1.0,0,1
Super built-up Area,Kudlu,2.0,2.0,80.0,1293.0,3.0,431.0,0.6666666666666666,1,1
Super built-up Area,Doctors Layout,3.0,2.0,75.0,1450.0,3.0,483.3333333333333,1.0,1,1
Built-up Area,5th Phase JP Nagar,2.0,2.0,57.0,1030.0,2.0,515.0,1.0,1,1
Super built-up Area,Kanakpura Road,3.0,3.0,65.93,1570.0,3.0,523.3333333333334,1.0,1,1
Built-up Area,7th Phase JP Nagar,2.0,2.0,60.0,1000.0,2.0,500.0,1.0,1,1
Super built-up Area,Bisuvanahalli,2.0,1.0,37.0,1075.0,3.0,358.3333333333333,0.6666666666666666,1,1
Super built-up Area,Varthur,2.0,1.0,33.82,1091.0,2.0,545.5,1.0,1,1
Super built-up Area,EPIP Zone,3.0,3.0,165.0,2210.0,3.0,736.6666666666666,1.0,1,1
Built-up Area,Outer Ring Road East,3.0,0.0,110.0,1738.0,3.0,579.3333333333334,1.0,1,0
Super built-up Area,Rajaji Nagar,3.0,2.0,262.0,1640.0,3.0,546.6666666666666,1.0,1,1
Super built-up Area,Gottigere,2.0,1.0,56.58,1205.0,2.0,602.5,1.0,1,1
Super built-up Area,Kengeri,2.0,1.0,30.27,1009.0,2.0,504.5,1.0,0,0
Built-up Area,Thigalarapalya,5.0,2.0,249.0,3362.0,4.0,840.5,1.25,1,1
Super built-up Area,Mysore Road,,,83.3,1560.0,3.0,520.0,,0,1
Built-up Area,Rajaji Nagar,3.0,0.0,140.0,1600.0,4.0,400.0,0.75,1,0
Super built-up Area,Sanjay nagar,2.0,1.0,55.0,960.0,2.0,480.0,1.0,1,0
Super built-up Area,Whitefield,2.0,1.0,32.0,1024.0,2.0,512.0,1.0,1,1
Super built-up Area,Mico Layout,1.0,1.0,29.5,800.0,1.0,800.0,1.0,1,1
Super built-up Area,Sarjapur  Road,3.0,2.0,260.0,2650.0,3.0,883.3333333333334,1.0,1,1
Super built-up Area,Jakkur,2.0,2.0,60.0,1080.0,2.0,540.0,1.0,1,1
Super built-up Area,Hebbal,2.0,1.0,55.0,1150.0,2.0,575.0,1.0,1,0
Super built-up Area,Dasanapura,2.0,1.0,68.0,1286.0,3.0,428.6666666666667,0.6666666666666666,0,1
Plot Area,Whitefield,3.0,2.0,198.0,2990.0,4.0,747.5,0.75,1,1
Super built-up Area,JP Nagar,2.0,2.0,90.0,1150.0,2.0,575.0,1.0,1,1
Super built-up Area,Cooke Town,2.0,2.0,111.0,1310.0,2.0,655.0,1.0,1,0
Super built-up Area,Prithvi Layout,2.0,2.0,72.0,1352.0,2.0,676.0,1.0,1,1
Super built-up Area,Bommanahalli,2.0,1.0,50.0,1307.0,2.0,653.5,1.0,1,1
Plot Area,Channasandra,4.0,1.0,89.45,1500.0,4.0,375.0,1.0,0,0
Plot Area,Singena Agrahara,3.0,1.0,90.0,1500.0,3.0,500.0,1.0,1,1
Super built-up Area,Thanisandra,2.0,0.0,55.975,1131.0,2.0,565.5,1.0,0,1
Built-up Area,Whitefield,3.0,0.0,69.1,1600.0,3.0,533.3333333333334,1.0,1,0
Super built-up Area,Hosur Road,4.0,0.0,241.0,2835.0,4.0,708.75,1.0,1,1
Super built-up Area,Yelahanka,1.0,1.0,36.23,682.0,1.0,682.0,1.0,0,1
Built-up Area,Whitefield,4.0,1.0,420.0,2500.0,4.0,625.0,1.0,1,1
Super built-up Area,Vittasandra,3.0,2.0,85.5,1650.0,3.0,550.0,1.0,1,1
Super built-up Area,Haralur Road,3.0,2.0,120.0,1850.0,3.0,616.6666666666666,1.0,0,1
Plot Area,Gubbalala,4.0,1.0,85.0,2000.0,4.0,500.0,1.0,1,0
Super built-up Area,Phase 1 Kammasandra,2.0,1.0,25.0,982.0,2.0,491.0,1.0,0,0
Built-up Area,Nandi Durga Road,4.0,0.0,325.0,2015.0,2.0,1007.5,2.0,1,0
Super built-up Area,Thanisandra,3.0,2.0,115.0,1702.0,3.0,567.3333333333334,1.0,1,1
Super built-up Area,Amruthahalli,2.0,2.0,79.0,1250.0,2.0,625.0,1.0,1,0
Super built-up Area,Raja Rajeshwari Nagar,2.0,2.0,40.54,1240.0,2.0,620.0,1.0,1,1
Plot Area,Sneha Colony,2.0,1.0,110.0,1050.0,2.0,525.0,1.0,1,1
Super built-up Area,Yelahanka,2.0,1.0,52.59,1023.0,2.0,511.5,1.0,0,1
Super built-up Area,Dairy Circle,2.0,1.0,181.0,1541.0,2.0,770.5,1.0,1,1
Super built-up Area,Siddapura,2.0,1.0,105.0,1275.0,2.0,637.5,1.0,1,1
Super built-up Area,Jakkur,2.0,0.0,71.195,1260.0,2.0,630.0,1.0,1,1
Super built-up Area,Sarjapur  Road,3.0,3.0,125.0,1580.0,3.0,526.6666666666666,1.0,1,1
Super built-up Area,Thanisandra,2.0,2.0,75.0,1343.0,2.0,671.5,1.0,1,1
Super built-up Area,Bommasandra,3.0,1.0,52.81,1365.0,3.0,455.0,1.0,0,1
Super built-up Area,Kundalahalli,2.0,1.0,72.0,1047.0,2.0,523.5,1.0,1,1
Built-up Area,Shampura,2.0,2.0,42.0,1187.0,2.0,593.5,1.0,1,1
Plot Area,Frazer Town,1.0,0.0,90.0,560.0,1.0,560.0,1.0,0,0
Built-up Area,Banashankari Stage III,2.0,1.0,120.0,1000.0,3.0,333.3333333333333,0.6666666666666666,1,0
Super built-up Area,Choodasandra,2.0,2.0,45.0,1075.0,2.0,537.5,1.0,1,1
Super built-up Area,Dairy Circle,3.0,2.0,206.0,2048.0,3.0,682.6666666666666,1.0,0,1
Super built-up Area,Raja Rajeshwari Nagar,2.0,1.0,57.0,1090.0,2.0,545.0,1.0,1,1
Super built-up Area,Doddakammanahalli,2.0,1.0,48.5,1119.0,3.0,373.0,0.6666666666666666,1,1
Super built-up Area,Poornapragna Housing Society Layout,2.0,3.0,58.25,1355.0,3.0,451.6666666666667,0.6666666666666666,1,0
Super built-up Area,Hennur Road,2.0,2.0,86.69,1445.0,3.0,481.6666666666667,0.6666666666666666,1,1
Super built-up Area,Malleshwaram,4.0,3.0,1400.0,6500.0,4.0,1625.0,1.0,0,0
Super built-up Area,Yeshwanthpur,2.0,2.0,64.08,1165.0,2.0,582.5,1.0,1,1
Super built-up Area,Hormavu,2.0,0.0,38.665,1081.5,2.0,540.75,1.0,1,1
Super built-up Area,Kothanur,3.0,2.0,107.0,1787.0,3.0,595.6666666666666,1.0,1,1
Plot Area,Mico Layout,4.0,,330.0,3600.0,4.0,900.0,1.0,1,0
Built-up Area,Electronic City,2.0,1.0,29.45,1020.0,2.0,510.0,1.0,0,1
Super built-up Area,Sarjapur  Road,4.0,1.0,95.0,1797.0,3.0,599.0,1.3333333333333333,0,1
Super built-up Area,Whitefield,2.0,2.0,58.0,1205.0,2.0,602.5,1.0,1,1
Super built-up Area,Chennammana Kere,2.0,2.0,55.85,1095.0,2.0,547.5,1.0,0,0
Built-up Area,Yelahanka,2.0,2.0,98.0,1560.0,3.0,520.0,0.6666666666666666,1,1
Super built-up Area,5th Phase JP Nagar,2.0,1.0,68.0,1200.0,2.0,600.0,1.0,1,0
Plot Area,Rajaji Nagar,1.0,1.0,200.0,1200.0,2.0,600.0,0.5,1,0
Super built-up Area,Kanakpura Road,3.0,2.0,65.0,1450.0,3.0,483.3333333333333,1.0,1,1
Super built-up Area,Whitefield,2.0,1.0,718.0,1496.0,3.0,498.6666666666667,0.6666666666666666,0,1
Super built-up Area,Thanisandra,4.0,2.0,122.0,1935.0,3.0,645.0,1.3333333333333333,1,1
Super built-up Area,Hosa Road,2.0,1.0,45.0,1016.0,2.0,508.0,1.0,1,1
Super built-up Area,Jakkur,3.0,1.0,119.0,1816.0,3.0,605.3333333333334,1.0,0,1
Super built-up Area,Hoodi,4.0,0.0,91.915,2065.5,4.0,516.375,1.0,0,1
Super built-up Area,Kengeri,2.0,2.0,63.0,1220.0,2.0,610.0,1.0,1,1
Plot Area,Hosur Road,4.0,2.0,160.0,3000.0,4.0,750.0,1.0,1,1
Super built-up Area,7th Phase JP Nagar,2.0,1.0,86.0,980.0,2.0,490.0,1.0,1,1
Plot Area,Nagarbhavi,4.0,3.0,210.0,1200.0,4.0,300.0,1.0,1,0
Super built-up Area,Hormavu,2.0,2.0,60.0,1250.0,2.0,625.0,1.0,1,1
Super built-up Area,Jakkur,2.0,3.0,80.0,1424.0,2.0,712.0,1.0,1,1
Built-up Area,Hennur Road,2.0,1.0,49.9,1297.0,2.0,648.5,1.0,1,1
Plot Area,Karuna Nagar,3.0,1.0,170.0,1300.0,3.0,433.3333333333333,1.0,0,1
Super built-up Area,Harlur,2.0,1.0,89.9,1290.0,2.0,645.0,1.0,1,1
Super built-up Area,Koramangala,2.0,1.0,130.0,1720.0,3.0,573.3333333333334,0.6666666666666666,1,1
Plot Area,Deepanjali Nagar,2.0,0.0,160.0,2320.0,3.0,773.3333333333334,0.6666666666666666,1,0
Super built-up Area,Nallurhalli,3.0,2.0,78.0,1237.0,3.0,412.3333333333333,1.0,1,1
Super built-up Area,Whitefield,3.0,3.0,98.97,1720.0,3.0,573.3333333333334,1.0,1,1
Built-up Area,Chikkalasandra,2.0,2.0,45.0,1224.0,2.0,612.0,1.0,1,1
Super built-up Area,Yelahanka,3.0,2.0,107.0,1780.0,3.0,593.3333333333334,1.0,1,1
Plot Area,Seegehalli,5.0,3.0,800.0,4700.0,4.0,1175.0,1.25,1,1
Super built-up Area,Electronics City Phase 1,3.0,2.0,93.0,1800.0,3.0,600.0,1.0,1,0
Super built-up Area,Budigere,2.0,2.0,56.5,1139.0,2.0,569.5,1.0,1,1
Plot Area,Pulkeshi Nagar,1.0,0.0,88.2,588.0,1.0,588.0,1.0,0,0
Super built-up Area,2nd Phase Judicial Layout,2.0,1.0,35.0,700.0,2.0,350.0,1.0,0,0
Plot Area,Kengeri,1.0,0.0,52.0,1150.0,1.0,1150.0,1.0,1,0
Super built-up Area,Channasandra,2.0,2.0,51.83,1330.0,3.0,443.3333333333333,0.6666666666666666,0,0
Super built-up Area,Old Airport Road,4.0,3.0,194.0,2732.0,4.0,683.0,1.0,0,1
Super built-up Area,Kodigehaali,2.0,1.0,38.0,965.0,2.0,482.5,1.0,1,0
Super built-up Area,Whitefield,3.0,2.0,95.0,1600.0,3.0,533.3333333333334,1.0,1,1
Super built-up Area,KUDLU MAIN ROAD,2.0,2.0,56.0,1464.0,2.0,732.0,1.0,1,0
Super built-up Area,Frazer Town,3.0,,400.0,3100.0,3.0,1033.3333333333333,1.0,1,1
Plot Area,Kengeri Hobli,1.0,0.0,95.0,1840.0,2.0,920.0,0.5,1,0
Super built-up Area,Gubbalala,3.0,2.0,39.14,1223.0,3.0,407.6666666666667,1.0,1,0
Super built-up Area,Ramamurthy Nagar,2.0,2.0,44.0,1170.0,2.0,585.0,1.0,0,1
Super built-up Area,Old Madras Road,6.0,1.0,207.0,3630.0,4.0,907.5,1.5,0,1
Super built-up Area,Bellandur,2.0,2.0,35.0,950.0,2.0,475.0,1.0,1,1
Super built-up Area,Frazer Town,3.0,2.0,400.0,5400.0,3.0,1800.0,1.0,1,1
Super built-up Area,Electronic City,2.0,1.0,40.0,865.0,2.0,432.5,1.0,1,1
Plot Area,Kirloskar Layout,4.0,2.0,89.0,2400.0,4.0,600.0,1.0,1,0
Built-up Area,Lakshminarayana Pura,2.0,2.0,75.0,1169.0,2.0,584.5,1.0,1,1
Built-up Area,Hormavu,2.0,,40.0,1206.0,2.0,603.0,1.0,1,0
Plot Area,SARJAPUR BAGALUR ROAD,4.0,1.0,80.0,10961.0,4.0,2740.25,1.0,1,0
Super built-up Area,Lingadheeranahalli,3.0,1.0,110.0,1683.0,3.0,561.0,1.0,1,1
Super built-up Area,Mico Layout,2.0,2.0,44.0,1250.0,3.0,416.6666666666667,0.6666666666666666,0,0
Super built-up Area,Green Glen Layout,4.0,3.0,218.0,3150.0,4.0,787.5,1.0,1,0
Plot Area,B Y Raveshwara Nagar,2.0,1.0,140.0,1200.0,4.0,300.0,0.5,1,0
Carpet Area,Bhoganhalli,3.0,1.0,104.0,1234.6,3.0,411.5333333333333,1.0,0,1
Super built-up Area,Vijayanagar,1.0,1.0,40.0,492.0,1.0,492.0,1.0,0,1
Built-up Area,Banashankari,1.0,0.0,27.0,600.0,2.0,300.0,0.5,1,1
Super built-up Area,Kalena Agrahara,3.0,2.0,89.0,1902.0,3.0,634.0,1.0,1,1
Super built-up Area,Govindpura,3.0,1.0,77.89,1639.0,3.0,546.3333333333334,1.0,0,0
Super built-up Area,Kasavanhalli,2.0,3.0,67.0,1214.0,2.0,607.0,1.0,1,1
Plot Area,Basaveshwara Nagar,4.0,1.0,378.0,2520.0,5.0,504.0,0.8,1,0
Super built-up Area,Harlur,2.0,2.0,85.0,1386.0,2.0,693.0,1.0,0,1
Super built-up Area,Bannerghatta Road,3.0,3.0,60.0,1535.0,3.0,511.6666666666667,1.0,1,1
Super built-up Area,Marathahalli,3.0,,175.0,1720.0,3.0,573.3333333333334,1.0,1,1
Built-up Area,Bannerghatta Road,3.0,3.0,90.0,1655.0,3.0,551.6666666666666,1.0,0,1
Built-up Area,Vidyaranyapura,2.0,2.0,52.0,1200.0,2.0,600.0,1.0,1,1
Super built-up Area,Horamavu Banaswadi,3.0,3.0,68.0,1610.0,3.0,536.6666666666666,1.0,1,1
Plot Area,Ramamurthy Nagar,4.0,2.0,130.0,2200.0,4.0,550.0,1.0,1,0
Super built-up Area,Mahalakshmi Layout,2.0,1.0,80.0,1105.0,2.0,552.5,1.0,1,0
Plot Area,Banjara Layout,3.0,3.0,59.5,753.0,2.0,376.5,1.5,1,0
Super built-up Area,Whitefield,3.0,1.0,108.0,1655.0,3.0,551.6666666666666,1.0,1,1
Built-up Area,KR Garden,3.0,1.0,250.0,1700.0,3.0,566.6666666666666,1.0,1,0
Super built-up Area,Vishwapriya Layout,2.0,2.0,30.0,770.0,2.0,385.0,1.0,1,1
Super built-up Area,Balagere,2.0,1.0,69.0,1210.0,2.0,605.0,1.0,0,1
Super built-up Area,Hormavu,2.0,2.0,37.15,965.0,2.0,482.5,1.0,1,0
Super built-up Area,Kanakpura Road,1.0,1.0,41.0,700.0,2.0,350.0,0.5,0,1
Super built-up Area,Whitefield,3.0,2.0,95.0,1740.0,3.0,580.0,1.0,1,1
Built-up Area,Electronic City Phase II,2.0,1.0,37.84,1310.0,3.0,436.6666666666667,0.6666666666666666,0,1
Super built-up Area,Sarjapur  Road,3.0,3.0,98.0,1763.25,3.0,587.75,1.0,0,1
Super built-up Area,Basaveshwara Nagar,3.0,3.0,150.0,1900.0,3.0,633.3333333333334,1.0,1,1
Super built-up Area,JP Nagar,2.0,2.0,55.0,1450.0,3.0,483.3333333333333,0.6666666666666666,1,1
Super built-up Area,CV Raman Nagar,3.0,2.0,148.0,1836.0,3.0,612.0,1.0,1,1
Super built-up Area,Hoodi Layout,2.0,2.0,75.0,1160.0,2.0,580.0,1.0,1,1
Super built-up Area,Hennur Road,2.0,1.0,43.0,1153.0,2.0,576.5,1.0,1,1
Super built-up Area,Marathahalli,2.0,2.0,55.0,1285.0,2.0,642.5,1.0,1,1
Super built-up Area,Rest House Road,3.0,2.0,400.0,2500.0,3.0,833.3333333333334,1.0,1,0
Super built-up Area,Kadubeesanahalli,2.0,1.0,105.0,1257.0,2.0,628.5,1.0,1,1
Plot Area,Whitefield,3.0,1.0,56.72,1200.0,3.0,400.0,1.0,1,1
Carpet Area,Hormavu,1.0,0.0,28.275,583.0,1.0,583.0,1.0,0,1
Super built-up Area,Tumkur Road,2.0,1.0,79.0,1240.0,3.0,413.3333333333333,0.6666666666666666,1,1
Super built-up Area,Basapura,2.0,2.0,52.0,1294.0,3.0,431.3333333333333,0.6666666666666666,1,1
Super built-up Area,Nagondanahalli,2.0,1.0,45.0,1095.0,2.0,547.5,1.0,1,1
Super built-up Area,Electronics City Phase 1,2.0,2.0,60.0,1314.0,2.0,657.0,1.0,0,1
Super built-up Area,Koramangala,2.0,1.0,120.0,1900.0,3.0,633.3333333333334,0.6666666666666666,1,1
Super built-up Area,KEB Colony,2.0,2.0,36.84,1040.0,2.0,520.0,1.0,0,0
Super built-up Area,Jakkur,2.0,1.0,85.0,1290.0,2.0,645.0,1.0,1,1
Plot Area,Kodigehaali,4.0,0.0,130.0,1200.0,4.0,300.0,1.0,1,0
Super built-up Area,Gollahalli,2.0,1.0,47.0,1325.0,3.0,441.6666666666667,0.6666666666666666,1,1
Super built-up Area,Hormavu,2.0,1.0,44.0,1129.0,2.0,564.5,1.0,1,0
Super built-up Area,Balagere,1.0,0.0,42.295,790.5,1.0,790.5,1.0,0,1
Built-up Area,Hebbal,2.0,0.0,52.0,1075.0,2.0,537.5,1.0,1,1
Super built-up Area,Green View Layout,2.0,1.0,48.0,1108.0,2.0,554.0,1.0,1,1
Built-up Area,Ananth Nagar,2.0,1.0,25.5,810.0,2.0,405.0,1.0,1,0
Super built-up Area,Gopalkrishna Nagar,2.0,1.0,65.0,1155.0,2.0,577.5,1.0,1,1
Super built-up Area,Rajaji Nagar,6.0,3.0,260.0,3900.0,6.0,650.0,1.0,1,0
Super built-up Area,Rajaji Nagar,3.0,3.0,375.0,2367.0,3.0,789.0,1.0,1,0
Super built-up Area,Sarjapur  Road,2.0,2.0,98.0,1550.0,3.0,516.6666666666666,0.6666666666666666,1,1
Super built-up Area,Babusapalaya,2.0,2.0,38.0,1100.0,2.0,550.0,1.0,1,0
Super built-up Area,Kanakpura Road,3.0,3.0,54.2,1452.0,3.0,484.0,1.0,1,1
Super built-up Area,Kothanur,2.0,2.0,54.0,1141.0,2.0,570.5,1.0,1,0
Super built-up Area,HOSUR RMAIN ROAD,3.0,2.0,56.0,1464.0,3.0,488.0,1.0,1,0
Super built-up Area,Hanumanth Nagar,3.0,3.0,67.49,1500.0,3.0,500.0,1.0,1,1
Super built-up Area,Anekal,1.0,1.0,15.0,456.0,1.0,456.0,1.0,1,0
Plot Area,Ramamurthy Nagar,4.0,1.0,125.0,1200.0,4.0,300.0,1.0,1,0
Built-up Area,Horamavu Agara,2.0,2.0,37.49,760.0,2.0,380.0,1.0,1,0
Plot Area,Koramangala,6.0,0.0,480.0,2400.0,6.0,400.0,1.0,1,0
Built-up Area,Electronic City,2.0,2.0,32.0,800.0,2.0,400.0,1.0,1,1
Super built-up Area,Choodasandra,2.0,1.0,71.22,1180.0,2.0,590.0,1.0,1,1
Carpet Area,Kaggadasapura,2.0,2.0,29.5,775.0,2.0,387.5,1.0,1,1
Super built-up Area,Konappana Agrahara,2.0,1.0,42.5,1060.0,2.0,530.0,1.0,1,0
Super built-up Area,Cooke Town,5.0,,415.0,3900.0,4.0,975.0,1.25,1,0
Super built-up Area,Yelahanka New Town,2.0,1.0,75.0,1420.0,3.0,473.3333333333333,0.6666666666666666,0,0
Super built-up Area,Bhoganhalli,4.0,3.0,190.0,2439.0,4.0,609.75,1.0,1,1
Plot Area,1st Phase JP Nagar,4.0,2.0,300.0,1200.0,4.0,300.0,1.0,1,0
Super built-up Area,Hoodi,2.0,1.0,49.43,1111.0,2.0,555.5,1.0,0,1
Built-up Area,Jeevan bima nagar,2.0,2.0,125.0,984.0,2.0,492.0,1.0,1,0
Super built-up Area,Begur Road,2.0,2.0,42.0,1200.0,2.0,600.0,1.0,1,1
Super built-up Area,Bannerghatta Road,2.0,1.0,47.39,1247.0,2.0,623.5,1.0,0,1
Super built-up Area,7th Phase JP Nagar,2.0,1.0,77.47,1050.0,2.0,525.0,1.0,1,1
Super built-up Area,Devanahalli,3.0,1.0,85.0,1550.0,3.0,516.6666666666666,1.0,1,0
Super built-up Area,7th Phase JP Nagar,2.0,1.0,80.0,1270.0,2.0,635.0,1.0,1,1
Super built-up Area,Balagere,2.0,1.0,65.0,1012.0,2.0,506.0,1.0,0,1
Super built-up Area,Electronic City,2.0,2.0,34.0,970.0,2.0,485.0,1.0,1,1
Super built-up Area,Thanisandra,2.0,1.0,55.0,933.0,2.0,466.5,1.0,0,1
Plot Area,Sarjapur,3.0,2.0,76.13,1200.0,3.0,400.0,1.0,0,1
Super built-up Area,Dodda Nekkundi Extension,2.0,2.0,69.0,1148.0,2.0,574.0,1.0,1,1
Super built-up Area,7th Phase JP Nagar,2.0,1.0,61.45,1463.0,3.0,487.6666666666667,0.6666666666666666,1,1
Super built-up Area,Jakkur Plantation,3.0,2.0,110.0,1719.0,3.0,573.0,1.0,1,1
Super built-up Area,Whitefield,2.0,1.0,88.0,1350.0,2.0,675.0,1.0,0,1
Built-up Area,Kaggadasapura,2.0,2.0,47.0,1250.0,3.0,416.6666666666667,0.6666666666666666,1,1
Plot Area,Mahalakshmi Layout,7.0,2.0,821.0,4320.0,9.0,480.0,0.7777777777777778,1,0
Built-up Area,Lakshminarayana Pura,2.0,1.0,75.0,1200.0,2.0,600.0,1.0,1,1
Built-up Area,Whitefield,2.0,2.0,44.0,1030.0,2.0,515.0,1.0,1,1
Super built-up Area,Rajasree Layout,3.0,3.0,70.0,1420.0,3.0,473.3333333333333,1.0,1,1
Plot Area,Ramagondanahalli,6.0,1.0,1800.0,9600.0,5.0,1920.0,1.2,1,1
Super built-up Area,Kanakpura Road,3.0,2.0,126.0,1703.0,3.0,567.6666666666666,1.0,0,1
Super built-up Area,Horamavu Banaswadi,2.0,1.0,50.0,1210.0,2.0,605.0,1.0,1,0
Plot Area,Veer Sandra,4.0,3.0,264.0,3000.0,4.0,750.0,1.0,0,1
Super built-up Area,Chikkadunnasandra,3.0,0.0,51.0,1398.0,3.0,466.0,1.0,1,1
Super built-up Area,Nagavarapalya,2.0,3.0,110.0,1335.0,2.0,667.5,1.0,1,1
Super built-up Area,Babusapalaya,2.0,1.0,36.37,1213.0,3.0,404.3333333333333,0.6666666666666666,0,0
Super built-up Area,Raja Rajeshwari Nagar,2.0,2.0,42.04,1240.0,2.0,620.0,1.0,1,1
Super built-up Area,Yelahanka,2.0,1.0,78.0,1076.0,2.0,538.0,1.0,1,1
Built-up Area,3rd Block Hrbr Layout,2.0,3.0,90.0,1320.0,2.0,660.0,1.0,1,1
Super built-up Area,Whitefield,2.0,1.0,80.0,1216.0,2.0,608.0,1.0,0,1
Super built-up Area,Thanisandra,2.0,2.0,42.0,1100.0,2.0,550.0,1.0,1,1
Super built-up Area,Thanisandra,2.0,1.0,77.3,1183.0,2.0,591.5,1.0,0,1
Super built-up Area,Balagere,1.0,1.0,38.77,656.0,1.0,656.0,1.0,0,1
Super built-up Area,Sarjapur  Road,1.0,1.0,19.65,534.0,1.0,534.0,1.0,0,1
Super built-up Area,Shikaripalya,2.0,2.0,45.0,1285.0,3.0,428.3333333333333,0.6666666666666666,1,1
Super built-up Area,Hegde Nagar,4.0,2.0,135.0,2087.01,3.0,695.6700000000001,1.3333333333333333,1,1
Built-up Area,"Off Sarjapur Road,",2.0,1.0,59.0,1161.0,2.0,580.5,1.0,0,0
Built-up Area,Begur,2.0,3.0,65.0,1306.0,2.0,653.0,1.0,1,1
Super built-up Area,Jakkur,4.0,2.0,245.0,2249.81,4.0,562.4525,1.0,0,1
Built-up Area,Tata Nagar,3.0,2.0,67.0,1504.0,3.0,501.3333333333333,1.0,1,1
Super built-up Area,Balagere,1.0,1.0,39.0,645.0,1.0,645.0,1.0,0,1
Plot Area,Esther Enclave Layout,2.0,0.0,68.0,1230.0,2.0,615.0,1.0,1,0
Built-up Area,Hebbal,2.0,2.0,42.0,1100.0,2.0,550.0,1.0,1,0
Super built-up Area,Yelahanka,1.0,0.0,14.0,1000.0,1.0,1000.0,1.0,1,0
Super built-up Area,Sadaramangala,2.0,1.0,62.0,1260.0,2.0,630.0,1.0,0,1
Built-up Area,Ambalipura,3.0,3.0,102.0,1817.0,3.0,605.6666666666666,1.0,1,0
Super built-up Area,Kodihalli,5.0,3.0,785.0,3626.0,4.0,906.5,1.25,0,1
Super built-up Area,Basavangudi,2.0,3.0,124.0,1180.0,2.0,590.0,1.0,0,0
Built-up Area,KR Puram,2.0,2.0,55.0,1050.0,2.0,525.0,1.0,1,1
Plot Area,Whitefield,4.0,3.0,225.0,2900.0,4.0,725.0,1.0,1,1
Built-up Area,Kasavanhalli,4.0,3.0,120.0,2110.0,3.0,703.3333333333334,1.3333333333333333,1,0
Built-up Area,Mysore Road,1.0,1.0,17.5,500.0,1.0,500.0,1.0,1,0
Super built-up Area,Murugeshpalya,3.0,3.0,75.0,1930.0,3.0,643.3333333333334,1.0,1,0
Plot Area,Harappanahalli,5.0,,430.0,4560.0,4.0,1140.0,1.25,1,1
Super built-up Area,Mahadevpura,3.0,2.0,64.0,1505.0,3.0,501.6666666666667,1.0,1,1
Plot Area,Jayamahal,3.0,1.0,750.0,2400.0,4.0,600.0,0.75,1,0
Super built-up Area,Ananth Nagar,2.0,1.0,27.0,890.0,2.0,445.0,1.0,1,0
Super built-up Area,Gunjur Palya,2.0,2.0,25.4,849.0,2.0,424.5,1.0,0,0
Plot Area,Chikka Tirupathi,3.0,1.0,100.0,1555.0,3.0,518.3333333333334,1.0,1,0
Carpet Area,KR Puram,2.0,2.0,30.0,1057.0,2.0,528.5,1.0,1,1
Super built-up Area,7th Phase JP Nagar,3.0,2.0,122.0,1680.0,3.0,560.0,1.0,1,1
Built-up Area,Samethanahalli,2.0,1.0,35.0,799.0,2.0,399.5,1.0,1,1
Built-up Area,Sarjapur  Road,2.0,1.0,75.0,1450.0,3.0,483.3333333333333,0.6666666666666666,1,0
Super built-up Area,Kanakpura Road,2.0,1.0,56.74,1135.0,2.0,567.5,1.0,1,0
Super built-up Area,HSR Layout,3.0,2.0,160.0,2020.0,3.0,673.3333333333334,1.0,1,1
Super built-up Area,Vinayaka Layout,4.0,,170.0,2700.0,5.0,540.0,0.8,1,1
Super built-up Area,Hosa Road,3.0,2.0,72.6,1730.0,3.0,576.6666666666666,1.0,0,1
Built-up Area,Dasarahalli,3.0,2.0,125.0,1950.0,3.0,650.0,1.0,1,1
Super built-up Area,Thirumalashettyhally,2.0,1.0,34.46,1077.0,2.0,538.5,1.0,1,1
Super built-up Area,Brookefield,3.0,2.0,115.0,1706.0,3.0,568.6666666666666,1.0,1,1
Built-up Area,New Gurappana Palya,4.0,0.0,300.0,3000.0,5.0,600.0,0.8,1,0
Super built-up Area,Channasandra,2.0,1.0,37.0,1093.0,2.0,546.5,1.0,1,1
Super built-up Area,Ambalipura,4.0,,142.0,2750.0,4.0,687.5,1.0,1,0
Super built-up Area,Whitefield,2.0,1.0,101.0,1340.0,2.0,670.0,1.0,0,1
Super built-up Area,Sarjapur  Road,2.0,1.0,59.0,984.0,2.0,492.0,1.0,0,1
Super built-up Area,AECS Layout,2.0,2.0,68.0,1135.0,2.0,567.5,1.0,1,1
Plot Area,Bannerghatta Road,4.0,1.0,344.0,2400.0,4.0,600.0,1.0,0,1
Super built-up Area,Varthur,2.0,2.0,39.0,1155.0,2.0,577.5,1.0,1,1
Super built-up Area,Kaggalipura,1.0,0.0,35.0,700.0,1.0,700.0,1.0,1,1
Super built-up Area,Horamavu Agara,2.0,1.0,42.0,1150.0,2.0,575.0,1.0,1,1
Super built-up Area,Hormavu,2.0,1.0,69.25,1385.0,3.0,461.6666666666667,0.6666666666666666,1,1
Super built-up Area,Akshaya Nagar,4.0,2.0,175.0,2061.0,3.0,687.0,1.3333333333333333,1,1
Super built-up Area,Kathriguppe,2.0,3.0,73.43,1335.0,3.0,445.0,0.6666666666666666,1,0
Super built-up Area,Bellandur,2.0,1.0,60.0,1015.0,2.0,507.5,1.0,1,1
Built-up Area,Banashankari Stage III,6.0,2.0,150.0,3000.0,6.0,500.0,1.0,1,0
Super built-up Area,Electronic City,2.0,1.0,63.0,1108.0,2.0,554.0,1.0,1,1
Super built-up Area,Frazer Town,2.0,1.0,105.0,1180.0,2.0,590.0,1.0,1,0
Super built-up Area,Hennur Road,2.0,1.0,83.0,1445.0,3.0,481.6666666666667,0.6666666666666666,0,1
Super built-up Area,Vasanthapura,2.0,2.0,65.0,1500.0,2.0,750.0,1.0,1,0
Plot Area,Ramamurthy Nagar,1.0,1.0,48.0,2400.0,1.0,2400.0,1.0,1,0
Super built-up Area,KR Puram,2.0,1.0,46.5,1085.0,2.0,542.5,1.0,0,1
Plot Area,Kadugodi,4.0,2.0,290.0,2760.0,4.0,690.0,1.0,1,0
Built-up Area,Sarjapura - Attibele Road,2.0,1.0,49.0,1330.0,3.0,443.3333333333333,0.6666666666666666,1,0
Plot Area,Ramagondanahalli,2.0,1.0,45.82,845.0,2.0,422.5,1.0,0,0
Super built-up Area,Ambalipura,2.0,2.0,80.0,1303.0,2.0,651.5,1.0,1,1
Super built-up Area,Banagiri Nagar,2.0,2.0,125.0,1560.0,3.0,520.0,0.6666666666666666,1,0
Super built-up Area,Chandapura,2.0,2.0,29.97,1110.0,3.0,370.0,0.6666666666666666,0,1
Super built-up Area,Doddabanahalli,3.0,2.0,45.33,1290.0,3.0,430.0,1.0,0,0
Super built-up Area,Bannerghatta Road,2.0,0.0,49.49,1237.5,2.0,618.75,1.0,1,1
Super built-up Area,9th Phase JP Nagar,3.0,2.0,88.0,1780.0,3.0,593.3333333333334,1.0,0,1
Super built-up Area,Budigere,3.0,2.0,83.0,1636.0,3.0,545.3333333333334,1.0,1,1
Built-up Area,Hennur,,,170.0,2557.0,4.0,639.25,,0,1
Built-up Area,Sector 2 HSR Layout,2.0,2.0,101.0,1332.0,2.0,666.0,1.0,1,1
Super built-up Area,Sadashiva Nagar,5.0,2.0,1500.0,7500.0,5.0,1500.0,1.0,1,0
Built-up Area,Kodbisanhalli,2.0,2.0,59.0,1012.0,2.0,506.0,1.0,1,1
Super built-up Area,Kengeri,2.0,2.0,53.5,1192.0,2.0,596.0,1.0,1,1
Super built-up Area,Uttarahalli,2.0,2.0,48.0,1213.0,2.0,606.5,1.0,1,0
Super built-up Area,Sarjapur  Road,3.0,2.0,88.0,1489.0,3.0,496.3333333333333,1.0,1,1
Super built-up Area,Sarjapur,2.0,2.0,62.0,1200.0,2.0,600.0,1.0,1,1
Super built-up Area,Electronic City Phase II,2.0,2.0,28.5,1140.0,2.0,570.0,1.0,0,0
Super built-up Area,Devanahalli,2.0,1.0,55.08,1200.0,3.0,400.0,0.6666666666666666,0,1
Super built-up Area,Ananth Nagar,2.0,1.0,36.0,1200.0,2.0,600.0,1.0,0,0
Plot Area,Vidyaranyapura,6.0,1.0,225.0,2640.0,5.0,528.0,1.2,1,0
Super built-up Area,Bannerghatta Road,3.0,1.0,94.0,1650.0,3.0,550.0,1.0,1,0
Plot Area,Bharathnagar,2.0,1.0,120.0,1245.0,2.0,622.5,1.0,1,0
Super built-up Area,Ardendale,2.0,2.0,67.0,1224.0,2.0,612.0,1.0,1,1
Super built-up Area,Gunjur,2.0,2.0,52.76,1235.0,2.0,617.5,1.0,0,1
Super built-up Area,Yelenahalli,2.0,2.0,45.6,1200.0,2.0,600.0,1.0,1,0
Built-up Area,Yelahanka,2.0,2.0,75.0,1342.0,3.0,447.3333333333333,0.6666666666666666,1,1
Built-up Area,TC Palaya,2.0,2.0,80.0,1800.0,2.0,900.0,1.0,1,1
Plot Area,HAL 2nd Stage,4.0,2.0,615.0,2280.0,4.0,570.0,1.0,1,0
Plot Area,Rajaji Nagar,2.0,0.0,415.0,2440.0,4.0,610.0,0.5,1,0
Super built-up Area,Abbigere,2.0,1.0,46.33,1130.0,2.0,565.0,1.0,1,1
Built-up Area,Somasundara Palya,2.0,3.0,72.0,1186.0,2.0,593.0,1.0,1,1
Super built-up Area,Hennur,2.0,1.0,64.0,1295.0,2.0,647.5,1.0,1,1
Super built-up Area,Bannerghatta Road,2.0,1.0,65.0,905.0,2.0,452.5,1.0,1,1
Super built-up Area,Hormavu,2.0,1.0,40.0,1165.0,2.0,582.5,1.0,1,1
Super built-up Area,Kanakpura Road,2.0,2.0,107.0,1328.0,2.0,664.0,1.0,0,1
Super built-up Area,Gandhi Bazar,2.0,3.0,110.0,1485.0,3.0,495.0,0.6666666666666666,1,0
Super built-up Area,Uttarahalli,2.0,3.0,59.0,1475.0,3.0,491.6666666666667,0.6666666666666666,1,0
Super built-up Area,Vidyaranyapura,2.0,2.0,35.0,1175.0,2.0,587.5,1.0,1,1
Super built-up Area,Rachenahalli,2.0,1.0,49.97,985.0,2.0,492.5,1.0,0,1
Plot Area,Koramangala,5.0,0.0,800.0,4000.0,5.0,800.0,1.0,1,0
Super built-up Area,Hoskote,2.0,2.0,63.0,1395.0,3.0,465.0,0.6666666666666666,1,1
Super built-up Area,Hoodi,1.0,0.0,42.65,711.0,1.0,711.0,1.0,0,1
Super built-up Area,Electronic City,1.0,1.0,40.5,630.0,1.0,630.0,1.0,0,1
Super built-up Area,MS Pallya,4.0,1.0,88.0,2400.0,4.0,600.0,1.0,1,0
Super built-up Area,Gottigere,2.0,2.0,40.0,1170.0,2.0,585.0,1.0,1,0
Super built-up Area,Marathahalli,5.0,2.0,181.0,2500.0,4.0,625.0,1.25,1,1
Super built-up Area,Gubbalala,2.0,2.0,49.5,1100.0,2.0,550.0,1.0,1,0
Super built-up Area,Hulimavu,5.0,3.0,318.0,3560.0,4.0,890.0,1.25,0,1
Built-up Area,Bommasandra Industrial Area,2.0,1.0,33.51,1160.0,2.0,580.0,1.0,0,0
Super built-up Area,Varthur,2.0,2.0,55.0,1180.0,2.0,590.0,1.0,0,1
Super built-up Area,Tumkur Road,2.0,1.0,95.0,1441.0,3.0,480.3333333333333,0.6666666666666666,0,1
Super built-up Area,Channasandra Layout,2.0,1.0,50.0,1115.0,2.0,557.5,1.0,1,1
Super built-up Area,Yeshwanthpur,3.0,2.0,145.0,1825.0,3.0,608.3333333333334,1.0,1,1
Carpet Area,Challaghatta,2.0,0.0,101.0,1489.0,2.0,744.5,1.0,1,0
Super built-up Area,Defence Colony,4.0,3.0,365.0,2800.0,4.0,700.0,1.0,1,0
Super built-up Area,Subramanyapura,3.0,2.0,62.71,1278.0,3.0,426.0,1.0,1,1
Super built-up Area,Hormavu,2.0,1.0,50.92,1065.0,2.0,532.5,1.0,1,0
Super built-up Area,Whitefield,2.0,1.0,64.0,1190.0,2.0,595.0,1.0,1,1
Super built-up Area,Koramangala,2.0,2.0,63.0,1130.0,2.0,565.0,1.0,0,0
Super built-up Area,Banashankari,2.0,2.0,87.8,1430.0,2.0,715.0,1.0,0,1
Built-up Area,HRBR Layout,3.0,1.0,90.0,1900.0,4.0,475.0,0.75,1,1
Super built-up Area,Sarjapur  Road,2.0,1.0,34.22,1104.0,2.0,552.0,1.0,1,1
Super built-up Area,Begur Road,2.0,2.0,45.88,1240.0,2.0,620.0,1.0,1,1
Built-up Area,Choodasandra,2.0,2.0,62.0,1140.0,2.0,570.0,1.0,1,1
Super built-up Area,Sarjapur,6.0,2.0,425.0,3508.0,4.0,877.0,1.5,1,1
Super built-up Area,KR Puram,3.0,3.0,105.0,1700.0,3.0,566.6666666666666,1.0,1,1
Super built-up Area,Old Airport Road,5.0,3.0,189.0,2658.0,4.0,664.5,1.25,0,1
Super built-up Area,Canara Bank Colony,2.0,1.0,90.0,1600.0,3.0,533.3333333333334,0.6666666666666666,1,1
Super built-up Area,OMBR Layout,4.0,2.0,275.0,3400.0,4.0,850.0,1.0,1,0
Super built-up Area,Reliaable Tranquil Layout,3.0,1.0,75.0,1508.0,3.0,502.6666666666667,1.0,0,1
Built-up Area,Balagere,1.0,1.0,41.0,645.0,1.0,645.0,1.0,0,1
Super built-up Area,Hormavu,2.0,1.0,60.0,1046.0,2.0,523.0,1.0,1,0
Built-up Area,5th Block Jayanagar,1.0,1.0,300.0,1500.0,1.0,1500.0,1.0,1,0
Built-up Area,Mahalakshmi Puram,6.0,3.0,300.0,3000.0,6.0,500.0,1.0,1,0
Super built-up Area,Hosa Road,2.0,1.0,32.37,1079.0,2.0,539.5,1.0,0,1
Super built-up Area,Thubarahalli,2.0,1.0,50.0,975.0,2.0,487.5,1.0,1,1
Built-up Area,ISRO Layout,2.0,1.0,51.0,1050.0,2.0,525.0,1.0,1,1
Super built-up Area,"Jayanagar,",3.0,2.0,165.0,1903.0,3.0,634.3333333333334,1.0,1,0
Built-up Area,Bommenahalli,3.0,1.0,232.0,26460.0,3.0,8820.0,1.0,1,1
Super built-up Area,Asthagrama Layout,2.0,2.0,38.0,1200.0,2.0,600.0,1.0,1,0
Super built-up Area,Avalahalli,4.0,3.0,200.0,2996.0,4.0,749.0,1.0,1,1
Built-up Area,Manayata Tech Park,4.0,,200.0,3400.0,4.0,850.0,1.0,1,0
Plot Area,Whitefield,4.0,1.0,312.0,2000.0,4.0,500.0,1.0,1,1
Plot Area,Jigani,4.0,1.0,160.0,1453.0,4.0,363.25,1.0,1,0
Super built-up Area,Parappana Agrahara,2.0,2.0,43.0,1092.0,2.0,546.0,1.0,1,0
Super built-up Area,Hormavu,2.0,0.0,75.0,1400.0,2.0,700.0,1.0,1,1
Super built-up Area,Bommanahalli,2.0,1.0,85.0,1416.0,3.0,472.0,0.6666666666666666,1,1
Built-up Area,ITI Layout,2.0,1.0,75.0,1602.0,3.0,534.0,0.6666666666666666,1,1
Super built-up Area,Electronic City,2.0,1.0,41.0,1100.0,2.0,550.0,1.0,1,1
Super built-up Area,Kothanur,3.0,,110.0,1760.0,3.0,586.6666666666666,1.0,1,1
Super built-up Area,Marathahalli,4.0,3.0,235.0,3800.0,4.0,950.0,1.0,1,1
Super built-up Area,Vasanthapura,2.0,1.0,36.28,1037.0,2.0,518.5,1.0,1,0
Super built-up Area,Yeshwanthpur,2.0,2.0,76.18,1384.0,3.0,461.3333333333333,0.6666666666666666,1,1
Super built-up Area,Vajarahalli,1.0,1.0,30.0,551.0,1.0,551.0,1.0,0,0
Plot Area,Indira Nagar,5.0,,1250.0,2400.0,4.0,600.0,1.25,1,0
Plot Area,7th Phase JP Nagar,1.0,0.0,70.0,500.0,1.0,500.0,1.0,1,0
Super built-up Area,Sarjapur,2.0,2.0,27.98,900.0,2.0,450.0,1.0,0,1
Plot Area,Anandapura,2.0,1.0,74.0,1415.0,3.0,471.6666666666667,0.6666666666666666,1,0
Super built-up Area,Rajarajesheari nagar,2.0,1.0,44.8,1400.0,2.0,700.0,1.0,0,0
Built-up Area,Millers Road,4.0,3.0,460.0,2850.0,3.0,950.0,1.3333333333333333,1,0
Built-up Area,Kudlu,2.0,2.0,75.0,1030.0,2.0,515.0,1.0,1,1
Built-up Area,Kambipura,2.0,1.0,39.0,883.0,2.0,441.5,1.0,1,1
Super built-up Area,Celebrity Paradise Layout,1.0,1.0,16.0,550.0,1.0,550.0,1.0,1,0
Super built-up Area,Anjanapura,4.0,2.0,55.0,1800.0,4.0,450.0,1.0,1,0
Plot Area,Yemlur,5.0,,1950.0,10000.0,5.0,2000.0,1.0,1,1
Super built-up Area,Old Madras Road,2.0,1.0,77.0,1210.0,2.0,605.0,1.0,1,1
Plot Area,Vishveshwarya Layout,3.0,0.0,90.0,2000.0,4.0,500.0,0.75,1,0
Super built-up Area,Kanakpura Road,3.0,1.0,58.0,1100.0,3.0,366.6666666666667,1.0,0,1
Super built-up Area,Lavakusha Nagar,3.0,1.0,100.0,1780.0,3.0,593.3333333333334,1.0,1,0
Built-up Area,Panathur,2.0,2.0,60.0,1050.0,2.0,525.0,1.0,1,0
Super built-up Area,Hosur Road,3.0,3.0,38.36,1370.0,3.0,456.6666666666667,1.0,1,1
Super built-up Area,Marathahalli,4.0,3.0,230.0,3951.0,4.0,987.75,1.0,1,1
Super built-up Area,Bellandur,4.0,2.0,112.0,2500.0,3.0,833.3333333333334,1.3333333333333333,1,1
Built-up Area,Sri Venkateshpura Layout,2.0,1.0,49.5,1050.0,2.0,525.0,1.0,1,0
Super built-up Area,Anjanapura,3.0,1.0,87.54,1843.0,3.0,614.3333333333334,1.0,1,0
Plot Area,3rd Block Banashankari,4.0,1.0,175.0,1200.0,4.0,300.0,1.0,1,0
Super built-up Area,Somasundara Palya,2.0,1.0,76.0,1186.0,2.0,593.0,1.0,1,1
Super built-up Area,Haralur Road,1.0,1.0,45.0,560.0,1.0,560.0,1.0,0,1
Plot Area,Mahalakshmi Layout,3.0,1.0,160.0,1200.0,4.0,300.0,0.75,1,0
Super built-up Area,Yelahanka,3.0,2.0,103.0,1823.0,3.0,607.6666666666666,1.0,0,1
Built-up Area,Rajasree Layout,3.0,3.0,90.0,1310.0,3.0,436.6666666666667,1.0,1,1
Super built-up Area,Varthur,2.0,2.0,60.0,1520.0,3.0,506.6666666666667,0.6666666666666666,1,1
Super built-up Area,Bhoganhalli,3.0,1.0,74.03,1610.0,3.0,536.6666666666666,1.0,0,1
Plot Area,Whitefield,3.0,1.0,78.57,1500.0,3.0,500.0,1.0,0,0
Super built-up Area,LB Shastri Nagar,2.0,2.0,80.0,1400.0,3.0,466.6666666666667,0.6666666666666666,1,1
Super built-up Area,HRBR Layout,3.0,2.0,120.0,1625.0,3.0,541.6666666666666,1.0,1,0
Plot Area,Chikkalasandra,5.0,3.0,265.0,1500.0,5.0,300.0,1.0,1,0
Built-up Area,Hessarghatta,2.0,1.0,24.0,900.0,2.0,450.0,1.0,1,0
Built-up Area,Talaghattapura,2.0,0.0,32.0,1100.0,2.0,550.0,1.0,1,0
Super built-up Area,Bannerghatta Road,2.0,1.0,50.0,1000.0,2.0,500.0,1.0,1,0
Super built-up Area,Old Airport Road,4.0,3.0,197.0,2774.0,4.0,693.5,1.0,0,1
Super built-up Area,Yeshwanthpur,2.0,0.0,54.67,994.0,1.0,994.0,2.0,1,1
Super built-up Area,Kaggadasapura,3.0,3.0,75.0,1455.0,3.0,485.0,1.0,1,1
Built-up Area,Lakshminarayana Pura,2.0,1.0,75.0,1172.0,2.0,586.0,1.0,1,1
Super built-up Area,Hennur,3.0,2.0,102.0,1935.0,3.0,645.0,1.0,1,0
Super built-up Area,Rachenahalli,3.0,3.0,106.0,1856.0,3.0,618.6666666666666,1.0,1,1
Super built-up Area,Old Airport Road,3.0,2.0,249.0,2392.0,3.0,797.3333333333334,1.0,1,0
Super built-up Area,Uttarahalli,2.0,2.0,35.0,900.0,2.0,450.0,1.0,1,1
Built-up Area,Raja Rajeshwari Nagar,3.0,3.0,98.0,1757.0,3.0,585.6666666666666,1.0,1,1
Super built-up Area,Kudlu,2.0,2.0,44.0,1027.0,2.0,513.5,1.0,1,0
Super built-up Area,Whitefield,3.0,3.0,85.0,1626.0,3.0,542.0,1.0,1,1
Super built-up Area,Dr Shivarama Karantha Nagar,2.0,1.0,54.0,1200.0,2.0,600.0,1.0,1,0
Super built-up Area,Hoodi,3.0,1.0,81.55,1559.0,3.0,519.6666666666666,1.0,0,1
Super built-up Area,Amruthahalli,2.0,2.0,50.0,1190.0,2.0,595.0,1.0,1,0
Super built-up Area,KR Puram,2.0,1.0,72.0,1200.0,2.0,600.0,1.0,1,1
Super built-up Area,Harlur,2.0,1.0,74.0,1174.0,2.0,587.0,1.0,1,1
Built-up Area,Kanakpura Road,2.0,1.0,65.0,1140.0,2.0,570.0,1.0,1,0
Built-up Area,Vibuthipura,2.0,0.0,125.0,1603.0,3.0,534.3333333333334,0.6666666666666666,1,1
Super built-up Area,Subramanyapura,3.0,2.0,70.0,1278.0,3.0,426.0,1.0,1,1
Super built-up Area,Krishna Reddy Layout,3.0,,285.0,2180.0,3.0,726.6666666666666,1.0,1,1
Super built-up Area,Banashankari Stage III,2.0,1.0,50.0,1085.0,2.0,542.5,1.0,1,1
Super built-up Area,Whitefield,2.0,1.0,61.36,1195.0,2.0,597.5,1.0,0,1
Plot Area,Kamakshipalya,1.0,0.0,30.0,450.0,1.0,450.0,1.0,1,0
Super built-up Area,Rajaji Nagar,5.0,2.0,1400.0,6500.0,4.0,1625.0,1.25,0,0
Super built-up Area,Attibele,1.0,1.0,11.5,550.0,1.0,550.0,1.0,1,1
Super built-up Area,Kenchenahalli,2.0,2.0,45.0,1165.0,2.0,582.5,1.0,1,1
Super built-up Area,1st Stage Indira Nagar,4.0,2.0,301.0,3000.0,4.0,750.0,1.0,1,0
Super built-up Area,Kanakpura Road,3.0,3.0,60.0,1452.0,3.0,484.0,1.0,1,1
Super built-up Area,Sarjapur  Road,1.0,1.0,52.0,702.0,1.0,702.0,1.0,0,1
Super built-up Area,Banashankari,2.0,1.0,42.83,1020.0,2.0,510.0,1.0,1,0
Super built-up Area,Devanahalli,2.0,1.0,65.0,1340.0,2.0,670.0,1.0,0,1
Super built-up Area,Marathahalli,2.0,1.0,54.8,1125.0,2.0,562.5,1.0,0,0
Super built-up Area,JCR Layout,2.0,1.0,40.53,1160.0,2.0,580.0,1.0,1,1
Built-up Area,Vidyaranyapura,2.0,1.0,50.0,1050.0,2.0,525.0,1.0,1,1
Super built-up Area,JP Nagar,3.0,1.0,138.0,1960.0,3.0,653.3333333333334,1.0,0,1
Built-up Area,Ganga Nagar,3.0,2.0,52.0,1200.0,2.0,600.0,1.5,1,0
Plot Area,Judicial Layout,4.0,1.0,220.0,1200.0,3.0,400.0,1.3333333333333333,1,0
Super built-up Area,Old Airport Road,4.0,,262.0,3496.0,4.0,874.0,1.0,0,1
Super built-up Area,Electronic City,2.0,1.0,32.0,975.0,2.0,487.5,1.0,1,1
Super built-up Area,Kudlu,3.0,3.0,125.0,1700.0,3.0,566.6666666666666,1.0,1,1
Built-up Area,8th Phase JP Nagar,4.0,0.0,230.0,1800.0,4.0,450.0,1.0,1,0
Built-up Area,Brooke Bond First Cross,2.0,3.0,69.0,1275.0,2.0,637.5,1.0,1,1
Built-up Area,Yeshwanthpur,1.0,0.0,40.0,650.0,1.0,650.0,1.0,1,0
Super built-up Area,Kasavanhalli,2.0,2.0,110.0,1495.0,2.0,747.5,1.0,1,1
Super built-up Area,Hebbal,2.0,2.0,48.0,1200.0,2.0,600.0,1.0,1,1
Plot Area,Sarjapura - Attibele Road,6.0,2.0,295.0,3750.0,5.0,750.0,1.2,1,0
Super built-up Area,Hennur Road,3.0,2.0,94.86,1679.0,3.0,559.6666666666666,1.0,0,1
Super built-up Area,Kaval Byrasandra,3.0,2.0,75.0,1450.0,3.0,483.3333333333333,1.0,1,0
Super built-up Area,Balagere,2.0,1.0,82.0,1210.0,2.0,605.0,1.0,0,1
Super built-up Area,Dwaraka Nagar,2.0,1.0,51.0,1300.0,3.0,433.3333333333333,0.6666666666666666,0,0
Super built-up Area,Judicial Layout,2.0,1.0,49.61,1165.0,2.0,582.5,1.0,1,0
Super built-up Area,Keshava Nagar,3.0,3.0,155.0,1623.0,3.0,541.0,1.0,1,1
Super built-up Area,Channasandra,2.0,1.0,35.8,1115.0,2.0,557.5,1.0,1,1
Super built-up Area,BTM Layout,1.0,1.0,20.0,450.0,1.0,450.0,1.0,1,0
Super built-up Area,Electronics City Phase 1,2.0,1.0,62.0,1170.0,2.0,585.0,1.0,0,1
Built-up Area,KR Puram,4.0,0.0,248.0,2065.0,4.0,516.25,1.0,1,1
Built-up Area,Marathahalli,3.0,2.0,126.0,1700.0,3.0,566.6666666666666,1.0,1,0
Super built-up Area,Malleshpalya,2.0,1.0,55.0,1245.0,2.0,622.5,1.0,1,1
Built-up Area,Kanakapura,2.0,1.0,66.0,1017.0,2.0,508.5,1.0,0,1
Super built-up Area,Sarjapur  Road,2.0,1.0,75.0,1242.0,2.0,621.0,1.0,0,1
Super built-up Area,Yelahanka,3.0,1.0,104.0,1792.0,3.0,597.3333333333334,1.0,0,1
Super built-up Area,Garebhavipalya,3.0,2.0,55.0,1275.0,3.0,425.0,1.0,0,0
Plot Area,7th Block Jayanagar,3.0,0.0,408.0,2400.0,3.0,800.0,1.0,1,0
Super built-up Area,Electronic City,1.0,1.0,22.0,605.0,1.0,605.0,1.0,1,1
Plot Area,HBR Layout,4.0,2.0,115.0,1200.0,4.0,300.0,1.0,1,0
Super built-up Area,Electronics City Phase 1,3.0,2.0,79.0,1450.0,3.0,483.3333333333333,1.0,0,1
Plot Area,Bommenahalli,3.0,1.0,96.0,1232.0,3.0,410.6666666666667,1.0,1,1
Plot Area,Laggere,5.0,0.0,70.0,1800.0,5.0,360.0,1.0,1,0
Built-up Area,Sidedahalli,1.0,1.0,52.3,900.0,1.0,900.0,1.0,1,0
Super built-up Area,Kaggadasapura,2.0,2.0,40.0,1200.0,2.0,600.0,1.0,1,0
Super built-up Area,Kadugodi,3.0,,204.0,2100.0,4.0,525.0,0.75,1,0
Super built-up Area,Uttarahalli,2.0,1.0,42.6,1065.0,2.0,532.5,1.0,0,1
Super built-up Area,AGS Layout,2.0,1.0,48.38,1075.0,2.0,537.5,1.0,1,0
Super built-up Area,Lake City,2.0,1.0,31.0,780.0,2.0,390.0,1.0,1,1
Super built-up Area,Ramagondanahalli,3.0,2.0,150.0,1910.0,3.0,636.6666666666666,1.0,0,1
Built-up Area,Cox Town,2.0,1.0,120.0,1280.0,2.0,640.0,1.0,1,0
Super built-up Area,Raja Rajeshwari Nagar,3.0,2.0,64.0,1530.0,3.0,510.0,1.0,1,1
Built-up Area,Bhoganhalli,5.0,2.0,170.0,2439.0,4.0,609.75,1.25,1,1
Super built-up Area,Varsova Layout,2.0,2.0,43.5,1088.0,2.0,544.0,1.0,1,1
Super built-up Area,Raja Rajeshwari Nagar,3.0,1.0,73.8,1587.0,3.0,529.0,1.0,0,1
Built-up Area,Kaggadasapura,2.0,2.0,55.0,1045.0,2.0,522.5,1.0,1,0
Super built-up Area,Yelahanka,2.0,1.0,69.97,1304.0,2.0,652.0,1.0,1,1
Super built-up Area,Whitefield,2.0,2.0,65.0,1100.0,2.0,550.0,1.0,1,1
Super built-up Area,Hennur Road,2.0,1.0,68.9,1482.0,3.0,494.0,0.6666666666666666,0,1
Built-up Area,Devanahalli,3.0,1.0,107.0,2125.0,3.0,708.3333333333334,1.0,0,0
Super built-up Area,Parappana Agrahara,2.0,2.0,45.0,1194.0,2.0,597.0,1.0,1,0
Super built-up Area,Kengeri,2.0,3.0,42.0,1200.0,2.0,600.0,1.0,1,1
Super built-up Area,Volagerekallahalli,2.0,2.0,32.99,1070.0,2.0,535.0,1.0,1,1
Super built-up Area,Whitefield,2.0,1.0,46.5,1100.0,2.0,550.0,1.0,1,1
Built-up Area,Whitefield,2.0,2.0,65.0,1270.0,3.0,423.3333333333333,0.6666666666666666,1,1
Super built-up Area,Marasandra,2.0,1.0,31.0,1000.0,2.0,500.0,1.0,1,0
Super built-up Area,Vittasandra,2.0,1.0,69.0,1246.0,2.0,623.0,1.0,1,1
Super built-up Area,Raja Rajeshwari Nagar,3.0,3.0,51.77,1529.0,3.0,509.6666666666667,1.0,1,1
Super built-up Area,Thanisandra,2.0,2.0,42.0,1185.0,2.0,592.5,1.0,1,1
Super built-up Area,Gubbalala,2.0,1.0,46.0,1060.0,2.0,530.0,1.0,1,0
Super built-up Area,Ananth Nagar,3.0,1.0,37.75,1319.0,3.0,439.6666666666667,1.0,1,1
Super built-up Area,Kaikondrahalli,2.0,0.0,64.0,991.0,2.0,495.5,1.0,1,1
Super built-up Area,Thanisandra,1.0,0.0,38.0,662.0,1.0,662.0,1.0,1,1
Built-up Area,Nandini Layout,2.0,1.0,110.0,1200.0,2.0,600.0,1.0,1,0
Plot Area,tc.palya,2.0,1.0,78.0,1400.0,3.0,466.6666666666667,0.6666666666666666,0,0
Super built-up Area,Talaghattapura,3.0,2.0,80.0,1575.0,3.0,525.0,1.0,1,0
Plot Area,Hosakerehalli,2.0,0.0,65.0,600.0,2.0,300.0,1.0,1,0
Super built-up Area,Ananth Nagar,3.0,1.0,42.0,1319.0,3.0,439.6666666666667,1.0,1,1
Plot Area,Brookefield,3.0,2.0,300.0,2000.0,3.0,666.6666666666666,1.0,1,1
Super built-up Area,Electronics City Phase 1,2.0,1.0,48.0,940.0,2.0,470.0,1.0,1,0
Super built-up Area,Bharathi Nagar,2.0,2.0,56.7,1349.0,2.0,674.5,1.0,1,1
Built-up Area,Whitefield,3.0,2.0,261.0,3117.0,3.0,1039.0,1.0,0,0
Super built-up Area,HSR Layout,3.0,3.0,95.0,1844.0,3.0,614.6666666666666,1.0,1,1
Super built-up Area,Sarjapur  Road,4.0,2.0,185.0,2275.0,3.0,758.3333333333334,1.3333333333333333,1,1
Super built-up Area,Bannerghatta,,,246.0,2895.5,4.0,723.875,,0,1
Super built-up Area,Varthur Road,2.0,2.0,49.11,1140.0,2.0,570.0,1.0,0,0
Plot Area,Banjara Layout,3.0,1.0,79.0,900.0,3.0,300.0,1.0,1,0
Super built-up Area,Jaya Mahal layout,3.0,3.0,238.0,2648.0,3.0,882.6666666666666,1.0,1,1
Plot Area,Judicial Layout,4.0,,700.0,5400.0,5.0,1080.0,0.8,1,0
Super built-up Area,Banashankari,2.0,2.0,48.02,1372.0,3.0,457.3333333333333,0.6666666666666666,1,0
Built-up Area,Sanne Amanikere,2.0,1.0,45.0,1455.0,3.0,485.0,0.6666666666666666,1,1
Super built-up Area,Hebbal,2.0,2.0,38.0,1100.0,2.0,550.0,1.0,1,0
Super built-up Area,Vajarahalli,3.0,1.0,80.0,1475.0,3.0,491.6666666666667,1.0,0,0
Super built-up Area,Nagavarapalya,3.0,1.0,164.0,1788.0,3.0,596.0,1.0,0,1
Super built-up Area,Kudlu Gate,3.0,2.0,120.0,1850.0,3.0,616.6666666666666,1.0,0,1
Super built-up Area,Marathahalli,2.0,2.0,60.0,1315.0,3.0,438.3333333333333,0.6666666666666666,1,1
Super built-up Area,Brooke Bond First Cross,3.0,2.0,93.0,1721.0,3.0,573.6666666666666,1.0,1,1
Super built-up Area,Sonnenahalli,2.0,1.0,62.0,1059.0,2.0,529.5,1.0,0,1
Built-up Area,Kadubeesanahalli,2.0,1.0,55.0,1184.0,2.0,592.0,1.0,1,1
Super built-up Area,Koramangala,3.0,2.0,300.0,2223.0,3.0,741.0,1.0,1,1
Built-up Area,Kodbisanhalli,3.0,2.0,75.0,1480.0,3.0,493.3333333333333,1.0,1,1
Super built-up Area,Kodigehalli,1.0,1.0,28.0,635.0,2.0,317.5,0.5,1,1
Plot Area,BEML Layout,2.0,1.0,228.0,2400.0,2.0,1200.0,1.0,1,0
Built-up Area,JP Nagar,2.0,0.0,87.0,1500.0,4.0,375.0,0.5,1,0
Super built-up Area,Hosa Road,2.0,1.0,34.2,1143.0,2.0,571.5,1.0,0,1
Plot Area,Sarjapur  Road,4.0,1.0,350.0,3200.0,4.0,800.0,1.0,1,0
Plot Area,Kanakpura Road,4.0,3.0,250.0,3170.0,4.0,792.5,1.0,0,0
Built-up Area,Vaishnavi Layout,4.0,3.0,420.0,4800.0,4.0,1200.0,1.0,1,1
Super built-up Area,Kothannur,2.0,2.0,59.4,1485.0,3.0,495.0,0.6666666666666666,1,0
Super built-up Area,Rajaji Nagar,3.0,2.0,251.0,1640.0,3.0,546.6666666666666,1.0,1,1
Super built-up Area,Hennur,2.0,1.0,70.5,1655.0,3.0,551.6666666666666,0.6666666666666666,1,0
Super built-up Area,2nd Phase Judicial Layout,2.0,2.0,41.0,900.0,2.0,450.0,1.0,0,0
Built-up Area,Neelamangala,2.0,2.0,68.0,1163.0,2.0,581.5,1.0,1,0
Carpet Area,Yelahanka New Town,2.0,1.0,18.0,485.021334,1.0,485.021334,2.0,1,1
Super built-up Area,Hennur Road,3.0,,97.8,1654.0,3.0,551.3333333333334,1.0,1,1
Super built-up Area,Pragathi Nagar,1.0,0.0,33.645,801.0,1.0,801.0,1.0,0,1
Built-up Area,Ngef Layout,3.0,1.0,1000.0,2100.0,4.0,525.0,0.75,1,0
Super built-up Area,Bellandur,3.0,3.0,101.0,1685.0,3.0,561.6666666666666,1.0,0,1
Built-up Area,Banashankari,3.0,3.0,80.0,1540.0,3.0,513.3333333333334,1.0,1,1
Super built-up Area,Thanisandra,2.0,1.0,72.0,1265.0,2.0,632.5,1.0,0,1
Super built-up Area,Kasavanhalli,2.0,3.0,38.4,1200.0,3.0,400.0,0.6666666666666666,1,0
Built-up Area,Amblipura,2.0,1.0,80.0,1300.0,3.0,433.3333333333333,0.6666666666666666,1,1
Super built-up Area,Sultan Palaya,2.0,1.0,65.0,1009.0,2.0,504.5,1.0,1,1
Super built-up Area,Ramamurthy Nagar Extension,3.0,2.0,65.0,1540.0,3.0,513.3333333333334,1.0,1,0
Built-up Area,Bellandur,3.0,3.0,105.0,1735.0,3.0,578.3333333333334,1.0,1,0
Plot Area,HSR Layout,4.0,3.0,300.0,2500.0,4.0,625.0,1.0,1,0
Super built-up Area,Hosakerehalli,4.0,1.0,265.0,2480.0,3.0,826.6666666666666,1.3333333333333333,1,1
Built-up Area,Electronic City,2.0,0.0,35.0,1142.0,2.0,571.0,1.0,1,1
Super built-up Area,Doctors Layout,2.0,2.0,46.8,1215.0,3.0,405.0,0.6666666666666666,0,0
Super built-up Area,Electronic City,2.0,1.0,48.0,1070.0,2.0,535.0,1.0,1,1
Super built-up Area,Electronic City Phase II,2.0,1.0,32.49,1125.0,2.0,562.5,1.0,0,1
Built-up Area,Bommasandra Industrial Area,2.0,1.0,32.49,1125.0,2.0,562.5,1.0,0,0
Super built-up Area,Kasavanhalli,2.0,3.0,85.0,1575.0,2.0,787.5,1.0,1,1
Super built-up Area,Hosa Road,2.0,1.0,77.61,1360.0,2.0,680.0,1.0,0,1
Super built-up Area,Haralur Road,3.0,2.0,85.0,1710.0,3.0,570.0,1.0,1,0
Super built-up Area,Electronic City Phase II,2.0,1.0,34.65,1200.0,2.0,600.0,1.0,0,1
Super built-up Area,Bannerghatta Road,3.0,3.0,120.0,2185.0,4.0,546.25,0.75,1,1
Built-up Area,Bagalur,4.0,3.0,135.0,2400.0,4.0,600.0,1.0,1,1
Super built-up Area,Banashankari,2.0,1.0,35.84,1195.0,2.0,597.5,1.0,1,0
Super built-up Area,Bannerghatta Road,2.0,1.0,45.0,1012.0,2.0,506.0,1.0,1,1
Super built-up Area,Ganga Nagar,2.0,2.0,65.0,998.0,2.0,499.0,1.0,1,0
Plot Area,Doddaballapur,3.0,1.0,250.0,2400.0,3.0,800.0,1.0,1,0
Super built-up Area,7th Phase JP Nagar,2.0,2.0,85.0,1130.0,2.0,565.0,1.0,1,1
Super built-up Area,Koramangala,4.0,1.0,210.0,1744.0,3.0,581.3333333333334,1.3333333333333333,1,1
Super built-up Area,Rajaji Nagar,5.0,2.0,259.0,2733.0,4.0,683.25,1.25,0,1
Super built-up Area,Karuna Nagar,2.0,1.0,98.0,1354.0,3.0,451.3333333333333,0.6666666666666666,1,1
Plot Area,Maruthi Nagar,9.0,,450.0,3300.0,10.0,330.0,0.9,1,0
Super built-up Area,Brookefield,2.0,2.0,94.0,1389.0,2.0,694.5,1.0,1,1
Plot Area,Sarjapur,3.0,3.0,130.0,2970.0,4.0,742.5,0.75,1,1
Super built-up Area,Cooke Town,4.0,,310.0,2560.0,3.0,853.3333333333334,1.3333333333333333,1,1
Super built-up Area,Lakshminarayana Pura,2.0,2.0,75.0,1172.0,2.0,586.0,1.0,1,0
Super built-up Area,Kaggadasapura,3.0,2.0,60.0,1495.0,3.0,498.3333333333333,1.0,1,0
Super built-up Area,Varthur,2.0,1.0,57.35,1738.0,2.0,869.0,1.0,1,1
Super built-up Area,Dodda Nekkundi,2.0,2.0,50.0,1315.0,2.0,657.5,1.0,1,0
Super built-up Area,Marathahalli,2.0,3.0,73.0,1270.0,2.0,635.0,1.0,1,1
Super built-up Area,Electronic City Phase II,2.0,1.0,52.2,1160.0,2.0,580.0,1.0,0,1
Super built-up Area,Raja Rajeshwari Nagar,2.0,1.0,67.0,1450.0,3.0,483.3333333333333,0.6666666666666666,1,0
Built-up Area,Rayasandra,1.0,1.0,21.0,470.0,1.0,470.0,1.0,1,0
Built-up Area,2nd Phase JP Nagar,2.0,2.0,78.0,1040.0,2.0,520.0,1.0,1,0
Super built-up Area,Sarjapur,2.0,2.0,29.0,1205.0,2.0,602.5,1.0,1,0
Super built-up Area,KSRTC Layout,2.0,3.0,50.0,1215.0,3.0,405.0,0.6666666666666666,1,0
Super built-up Area,Whitefield,2.0,2.0,58.0,1135.0,2.0,567.5,1.0,1,1
Super built-up Area,8th Phase JP Nagar,2.0,2.0,48.95,1224.0,3.0,408.0,0.6666666666666666,1,1
Built-up Area,Budigere,1.0,1.0,34.0,664.0,1.0,664.0,1.0,1,1
Super built-up Area,Electronic City,2.0,2.0,42.0,1160.0,3.0,386.6666666666667,0.6666666666666666,1,1
Plot Area,Babusapalaya,2.0,0.0,105.0,1200.0,2.0,600.0,1.0,1,0
Built-up Area,Bommasandra Industrial Area,2.0,1.0,35.2,1220.0,3.0,406.6666666666667,0.6666666666666666,0,0
Super built-up Area,Bharathi Nagar,2.0,2.0,69.0,1328.0,2.0,664.0,1.0,1,1
Super built-up Area,BSM Extension,2.0,2.0,45.0,975.0,2.0,487.5,1.0,1,1
Built-up Area,Ambedkar Colony,2.0,1.0,200.0,1907.0,3.0,635.6666666666666,0.6666666666666666,1,1
Built-up Area,Malleshwaram,2.0,1.0,72.0,900.0,2.0,450.0,1.0,1,1
Super built-up Area,Banashankari 6th Stage,2.0,2.0,80.0,1330.0,2.0,665.0,1.0,1,0
Super built-up Area,Rajiv Nagar,5.0,1.0,175.0,2330.0,4.0,582.5,1.25,1,1
Built-up Area,Munnekollal,3.0,2.0,95.0,1222.0,3.0,407.3333333333333,1.0,1,1
Plot Area,Dodsworth Layout,3.0,2.0,410.0,4446.0,3.0,1482.0,1.0,1,1
Super built-up Area,Sarjapur  Road,3.0,1.0,135.0,2100.0,3.0,700.0,1.0,1,1
Super built-up Area,Sarjapur  Road,4.0,3.0,290.0,3335.0,4.0,833.75,1.0,1,1
Built-up Area,Whitefield,3.0,1.0,290.0,3150.0,3.0,1050.0,1.0,0,1
Plot Area,Jnana Ganga Nagar,2.0,1.0,95.0,1320.0,3.0,440.0,0.6666666666666666,1,0
Plot Area,Shetty Halli,5.0,3.0,550.0,8000.0,5.0,1600.0,1.0,1,0
Plot Area,Hennur Road,5.0,3.0,500.0,2400.0,4.0,600.0,1.25,1,0
Plot Area,Hosur Road,4.0,1.0,130.0,2000.0,4.0,500.0,1.0,1,1
Super built-up Area,Electronic City Phase II,2.0,1.0,55.0,1244.0,2.0,622.0,1.0,0,1
Super built-up Area,Konena Agrahara,2.0,1.0,50.0,1000.0,2.0,500.0,1.0,1,1
Super built-up Area,Gunjur Palya,3.0,2.0,45.0,1400.0,3.0,466.6666666666667,1.0,0,0
Super built-up Area,Vignana Nagar,2.0,2.0,35.0,1000.0,2.0,500.0,1.0,1,1
Plot Area,Rajaji Nagar,1.0,0.0,250.0,1056.0,2.0,528.0,0.5,1,0
Super built-up Area,Hebbal,5.0,0.0,188.0,2630.0,4.0,657.5,1.25,0,1
Super built-up Area,Jeevan bima nagar,2.0,2.0,48.0,1225.0,2.0,612.5,1.0,0,0
Super built-up Area,Hebbal,5.0,3.0,198.0,2790.0,4.0,697.5,1.25,0,1
Super built-up Area,Indira Nagar,4.0,3.0,365.0,2800.0,4.0,700.0,1.0,1,0
Super built-up Area,Seegehalli,3.0,3.0,80.0,1683.0,3.0,561.0,1.0,1,1
Built-up Area,Yelahanka,2.0,2.0,54.0,1250.0,2.0,625.0,1.0,1,1
Super built-up Area,Hennur Road,2.0,1.0,110.0,1305.0,3.0,435.0,0.6666666666666666,1,1
Plot Area,Sarjapur  Road,3.0,1.0,331.0,3009.0,3.0,1003.0,1.0,1,0
Super built-up Area,Kaggalipura,2.0,1.0,57.5,1150.0,3.0,383.3333333333333,0.6666666666666666,1,1
Built-up Area,Kaggadasapura,3.0,3.0,70.0,1654.0,3.0,551.3333333333334,1.0,1,1
Carpet Area,Munivenkatppa Layout,3.0,0.0,225.0,4500.0,4.0,1125.0,0.75,1,1
Super built-up Area,Kadugodi,4.0,3.0,125.0,1890.0,3.0,630.0,1.3333333333333333,0,1
Super built-up Area,Kasavanhalli,2.0,2.0,55.0,1069.0,2.0,534.5,1.0,1,0
Super built-up Area,Chandapura,1.0,1.0,18.5,750.0,2.0,375.0,0.5,1,1
Built-up Area,Hormavu,3.0,1.0,177.0,2400.0,3.0,800.0,1.0,0,0
Plot Area,Koramangala,2.0,0.0,280.0,1410.0,4.0,352.5,0.5,1,0
Super built-up Area,7th Phase JP Nagar,3.0,3.0,130.0,1680.0,3.0,560.0,1.0,1,1
Super built-up Area,Sadanand Nagar,4.0,2.0,500.0,3500.0,3.0,1166.6666666666667,1.3333333333333333,1,0
Super built-up Area,Sarjapur  Road,3.0,2.0,93.5,1700.0,3.0,566.6666666666666,1.0,0,1
Plot Area,Brindavan Layout,2.0,0.0,150.0,2200.0,4.0,550.0,0.5,1,0
Super built-up Area,Thanisandra,3.0,1.0,105.0,1595.0,3.0,531.6666666666666,1.0,1,1
Super built-up Area,Hennur Road,3.0,,100.0,1480.0,3.0,493.3333333333333,1.0,0,0
Plot Area,Bethel Nagar,3.0,1.0,95.0,1092.0,3.0,364.0,1.0,1,0
Super built-up Area,Koramangala,4.0,2.0,245.0,1866.0,3.0,622.0,1.3333333333333333,0,1
Super built-up Area,Hebbal,3.0,2.0,390.0,3895.0,3.0,1298.3333333333333,1.0,1,1
Super built-up Area,Banashankari,3.0,2.0,115.0,1683.0,3.0,561.0,1.0,1,0
Super built-up Area,Banaswadi,2.0,2.0,73.0,1340.0,2.0,670.0,1.0,1,0
Built-up Area,"Judicial Layout, Kanakapura Road,",3.0,2.0,53.0,1100.0,3.0,366.6666666666667,1.0,0,0
Plot Area,Akshaya Nagar,1.0,0.0,200.0,2000.0,1.0,2000.0,1.0,1,0
Super built-up Area,Whitefield,2.0,2.0,56.0,1185.0,2.0,592.5,1.0,1,1
Super built-up Area,Haralur Road,3.0,1.0,95.0,1730.0,3.0,576.6666666666666,1.0,1,1
Super built-up Area,Hennur Road,3.0,1.0,88.6,1450.0,3.0,483.3333333333333,1.0,0,1
Super built-up Area,Sarjapur  Road,4.0,1.0,110.0,1862.0,3.0,620.6666666666666,1.3333333333333333,1,1
Plot Area,Sarjapur  Road,5.0,1.0,578.0,4000.0,4.0,1000.0,1.25,1,1
Built-up Area,Old Madras Road,5.0,2.0,180.0,2430.0,3.0,810.0,1.6666666666666667,1,1
Super built-up Area,Hoodi,1.0,0.0,40.55,863.0,1.0,863.0,1.0,0,1
Super built-up Area,Chambenahalli,2.0,3.0,50.0,1170.0,2.0,585.0,1.0,1,0
Super built-up Area,B Narayanapura,2.0,2.0,50.0,1075.0,2.0,537.5,1.0,1,1
Super built-up Area,Kodichikkanahalli,2.0,1.0,34.0,1060.0,2.0,530.0,1.0,1,1
Super built-up Area,Sarjapur,2.0,2.0,32.0,850.0,2.0,425.0,1.0,0,0
Super built-up Area,P&T Layout,2.0,1.0,45.9,935.0,2.0,467.5,1.0,1,1
Built-up Area,Gollarapalya Hosahalli,3.0,,86.0,1905.0,4.0,476.25,0.75,1,1
Built-up Area,8th Block Jayanagar,6.0,3.0,300.0,2000.0,6.0,333.3333333333333,1.0,1,0
Built-up Area,Chikkabanavar,4.0,1.0,105.0,1500.0,4.0,375.0,1.0,1,0
Built-up Area,Bannerghatta Road,3.0,3.0,85.0,1725.0,3.0,575.0,1.0,1,1
Super built-up Area,Dodda Banaswadi,2.0,3.0,36.0,1120.0,2.0,560.0,1.0,1,0
Super built-up Area,Brookefield,2.0,2.0,75.0,1750.0,3.0,583.3333333333334,0.6666666666666666,1,1
Super built-up Area,7th Phase JP Nagar,3.0,2.0,77.0,2000.0,3.0,666.6666666666666,1.0,0,0
Built-up Area,Koramangala,3.0,3.0,98.0,1745.0,3.0,581.6666666666666,1.0,1,1
Super built-up Area,Uttarahalli,2.0,2.0,55.25,1270.0,3.0,423.3333333333333,0.6666666666666666,1,1
Super built-up Area,Iblur Village,5.0,3.0,420.0,5384.0,5.0,1076.8,1.0,1,1
Super built-up Area,Sahakara Nagar,2.0,2.0,72.0,1180.0,2.0,590.0,1.0,1,1
Built-up Area,Shanti Nagar,2.0,1.0,75.0,1130.0,2.0,565.0,1.0,1,1
Super built-up Area,Ardendale,3.0,2.0,95.0,1723.0,3.0,574.3333333333334,1.0,1,1
Built-up Area,Mysore Road,2.0,2.0,70.5,1175.0,2.0,587.5,1.0,1,1
Super built-up Area,Ambalipura,2.0,2.0,112.0,1607.0,3.0,535.6666666666666,0.6666666666666666,1,1
Built-up Area,Varanasi,2.0,1.0,62.0,1334.0,2.0,667.0,1.0,0,1
Built-up Area,Vishwapriya Layout,5.0,3.0,130.0,2800.0,5.0,560.0,1.0,1,0
Super built-up Area,Bannerghatta,2.0,1.0,70.0,1113.0,2.0,556.5,1.0,0,0
Built-up Area,9th Phase JP Nagar,2.0,2.0,58.0,1300.0,3.0,433.3333333333333,0.6666666666666666,1,1
Plot Area,Judicial Layout,4.0,,350.0,2400.0,4.0,600.0,1.0,1,0
Built-up Area,Sahakara Nagar,2.0,2.0,60.0,1200.0,2.0,600.0,1.0,1,0
Super built-up Area,cooketown,3.0,2.0,190.0,1900.0,3.0,633.3333333333334,1.0,1,0
Super built-up Area,Jakkur,4.0,3.0,559.0,5150.0,4.0,1287.5,1.0,1,1
Super built-up Area,Whitefield,5.0,,234.0,2956.0,4.0,739.0,1.25,0,1
Super built-up Area,Panathur,2.0,1.0,97.0,1398.0,2.0,699.0,1.0,0,1
Plot Area,Margondanahalli,1.0,0.0,66.0,1152.0,2.0,576.0,0.5,1,0
Plot Area,Rajarajeshwarinagar,5.0,,325.0,1200.0,4.0,300.0,1.25,1,0
Super built-up Area,Nagavara,2.0,2.0,44.95,1110.0,2.0,555.0,1.0,1,0
Built-up Area,Devarachikkanahalli,2.0,1.0,47.0,1116.0,2.0,558.0,1.0,1,1
Super built-up Area,Babusapalaya,2.0,1.0,33.84,1061.0,2.0,530.5,1.0,1,1
Super built-up Area,Malleshwaram,1.0,1.0,86.8,620.0,1.0,620.0,1.0,1,0
Built-up Area,Yelahanka,2.0,2.0,57.0,1270.0,2.0,635.0,1.0,1,1
Super built-up Area,Peenya,2.0,2.0,50.0,966.0,2.0,483.0,1.0,0,0
Plot Area,AMS Layout,4.0,1.0,110.0,1200.0,4.0,300.0,1.0,1,0
Plot Area,Kodigehalli,4.0,3.0,249.0,1320.0,4.0,330.0,1.0,1,0
Super built-up Area,Iblur Village,5.0,1.0,297.0,3596.0,4.0,899.0,1.25,1,1
Super built-up Area,Kathriguppe IV Phase,3.0,2.0,131.0,1630.0,3.0,543.3333333333334,1.0,0,0
Super built-up Area,Amruthahalli,2.0,1.0,65.0,1202.0,2.0,601.0,1.0,1,1
Plot Area,Pampa Extension,4.0,2.0,250.0,1200.0,4.0,300.0,1.0,1,0
Built-up Area,Jakkur,2.0,2.0,80.0,1300.0,2.0,650.0,1.0,1,0
Super built-up Area,Electronic City,2.0,1.0,70.0,1360.0,3.0,453.3333333333333,0.6666666666666666,1,1
Super built-up Area,Hennur Road,2.0,1.0,69.18,1155.0,2.0,577.5,1.0,1,1
Super built-up Area,Hosakerehalli,3.0,1.0,310.0,2378.0,3.0,792.6666666666666,1.0,1,1
Super built-up Area,Hulimavu,2.0,2.0,38.0,1011.0,2.0,505.5,1.0,1,1
Built-up Area,HSR Layout,2.0,2.0,72.0,1203.0,2.0,601.5,1.0,1,1
Super built-up Area,Hebbal,3.0,2.0,113.0,1645.0,3.0,548.3333333333334,1.0,0,1
Super built-up Area,Horamavu Agara,2.0,3.0,50.0,1364.0,3.0,454.6666666666667,0.6666666666666666,1,1
Built-up Area,KR Layout,2.0,2.0,41.0,1050.0,1.0,1050.0,2.0,1,0
Super built-up Area,Kothanur,3.0,3.0,66.0,1365.0,3.0,455.0,1.0,1,0
Super built-up Area,Jigani,3.0,3.0,70.0,1252.0,3.0,417.3333333333333,1.0,1,1
Built-up Area,Panathur,2.0,1.0,58.0,1065.0,2.0,532.5,1.0,1,0
Super built-up Area,Uttarahalli,2.0,1.0,55.25,1270.0,3.0,423.3333333333333,0.6666666666666666,1,1
Built-up Area,Sahakara Nagar,2.0,2.0,45.0,1032.0,2.0,516.0,1.0,1,1
Super built-up Area,Frazer Town,4.0,2.0,325.0,2900.0,4.0,725.0,1.0,1,0
Super built-up Area,Sector 2 HSR Layout,2.0,3.0,69.0,1515.0,3.0,505.0,0.6666666666666666,1,1
Super built-up Area,Akshaya Vana,2.0,2.0,52.0,1427.0,2.0,713.5,1.0,1,1
Super built-up Area,Magadi Road,2.0,2.0,50.0,940.0,2.0,470.0,1.0,1,0
Super built-up Area,Bannerghatta Road,2.0,2.0,80.0,1460.0,3.0,486.6666666666667,0.6666666666666666,1,1
Super built-up Area,Sarjapur  Road,4.0,2.0,175.0,2275.0,3.0,758.3333333333334,1.3333333333333333,1,1
Super built-up Area,9th Phase JP Nagar,3.0,2.0,90.0,1522.0,3.0,507.3333333333333,1.0,0,1
Plot Area,Basaveshwara Nagar Yelahanka,4.0,2.0,380.0,3210.0,3.0,1070.0,1.3333333333333333,0,0
Super built-up Area,Thanisandra,2.0,2.0,42.67,1185.0,2.0,592.5,1.0,1,1
Super built-up Area,1Hoysalanagar,13.0,0.0,275.0,5425.0,13.0,417.3076923076923,1.0,1,0
Built-up Area,Banashankari,3.0,2.0,125.0,1800.0,3.0,600.0,1.0,1,1
Super built-up Area,Electronics City Phase 1,2.0,1.0,44.0,940.0,2.0,470.0,1.0,0,0
Plot Area,Andrahalli,4.0,2.0,135.0,1200.0,4.0,300.0,1.0,1,0
Super built-up Area,Marathahalli,3.0,2.0,71.0,1530.0,3.0,510.0,1.0,1,0
Built-up Area,Gollahalli,2.0,1.0,48.0,1050.0,2.0,525.0,1.0,1,1
Super built-up Area,Subramanyapura,2.0,2.0,49.0,929.0,2.0,464.5,1.0,1,1
Built-up Area,Banjara Layout,5.0,3.0,145.0,3750.0,4.0,937.5,1.25,1,0
Super built-up Area,Whitefield,3.0,3.0,75.0,1530.0,3.0,510.0,1.0,1,1
Plot Area,PC Palaya,2.0,1.0,48.0,900.0,2.0,450.0,1.0,1,0
Super built-up Area,Vasanthapura,2.0,1.0,34.22,978.0,2.0,489.0,1.0,1,0
Built-up Area,Sathya Sai Layout,4.0,2.0,345.0,4041.0,4.0,1010.25,1.0,1,1
Super built-up Area,Ambalipura,1.0,2.0,43.82,770.0,1.0,770.0,1.0,1,0
Built-up Area,Kaval Byrasandra,2.0,3.0,55.0,1066.0,2.0,533.0,1.0,1,0
Super built-up Area,Electronic City,1.0,0.0,28.0,635.0,1.0,635.0,1.0,1,1
Super built-up Area,Whitefield,2.0,1.0,45.0,1015.0,2.0,507.5,1.0,1,1
Built-up Area,Hebbal,2.0,0.0,54.05,1175.0,2.0,587.5,1.0,1,1
Plot Area,Chikkabanavar,4.0,2.0,130.0,1200.0,4.0,300.0,1.0,1,0
Super built-up Area,Vidyaranyapura,2.0,1.0,50.0,1188.0,2.0,594.0,1.0,0,0
Plot Area,Indira Nagar,5.0,2.0,700.0,2400.0,5.0,480.0,1.0,1,0
Super built-up Area,Soppahalli,1.0,1.0,25.0,620.0,1.0,620.0,1.0,0,0
Built-up Area,Ejipura,2.0,0.0,75.0,1210.0,2.0,605.0,1.0,1,1
Plot Area,Attibele,3.0,1.0,90.0,1000.0,3.0,333.3333333333333,1.0,0,1
Super built-up Area,Rajaji Nagar,2.0,,99.0,1500.0,3.0,500.0,0.6666666666666666,1,1
Plot Area,Electronic City,3.0,2.0,190.0,1800.0,4.0,450.0,0.75,1,1
Super built-up Area,Thanisandra,2.0,2.0,43.66,1185.0,2.0,592.5,1.0,1,1
Built-up Area,Basavangudi,3.0,3.0,130.0,1600.0,3.0,533.3333333333334,1.0,1,1
Super built-up Area,Gottigere,2.0,1.0,28.0,1100.0,2.0,550.0,1.0,1,0
Super built-up Area,Yelahanka,2.0,2.0,69.23,1300.0,2.0,650.0,1.0,1,1
Super built-up Area,Kasavanhalli,2.0,1.0,68.0,1100.0,2.0,550.0,1.0,1,1
Super built-up Area,Ambalipura,2.0,1.0,28.93,860.0,2.0,430.0,1.0,0,1
Super built-up Area,Panathur,2.0,1.0,64.0,1007.0,2.0,503.5,1.0,0,0
Super built-up Area,Akshaya Nagar,2.0,2.0,48.0,1100.0,2.0,550.0,1.0,1,1
Super built-up Area,Whitefield,2.0,1.0,38.0,1187.0,2.0,593.5,1.0,1,1
Super built-up Area,R.T. Nagar,2.0,2.0,72.0,1150.0,2.0,575.0,1.0,1,0
Super built-up Area,Nagavara,3.0,2.0,252.0,2400.0,3.0,800.0,1.0,1,1
Super built-up Area,Aavalahalli,2.0,3.0,41.94,1180.0,2.0,590.0,1.0,0,0
Super built-up Area,Budigere,3.0,2.0,85.2,1820.0,3.0,606.6666666666666,1.0,1,1
Super built-up Area,KR Puram,4.0,1.0,246.0,3628.0,4.0,907.0,1.0,1,0
Built-up Area,Kodbisanhalli,3.0,2.0,70.0,1430.0,3.0,476.6666666666667,1.0,1,1
Super built-up Area,Kanakpura Road,2.0,1.0,40.0,700.0,2.0,350.0,1.0,0,1
Plot Area,Kattigenahalli,1.0,0.0,70.0,1200.0,2.0,600.0,0.5,1,0
Super built-up Area,Old Madras Road,2.0,1.0,40.77,1165.0,2.0,582.5,1.0,0,1
Super built-up Area,Jalahalli,3.0,2.0,118.0,1569.0,3.0,523.0,1.0,1,0
Super built-up Area,Basaveshwara Nagar Yelahanka,4.0,3.0,95.0,1950.0,3.0,650.0,1.3333333333333333,1,0
Plot Area,Jayanti Nagar,3.0,1.0,70.0,1200.0,2.0,600.0,1.5,1,0
Super built-up Area,Yelahanka New Town,3.0,2.0,125.0,2437.0,3.0,812.3333333333334,1.0,1,0
Super built-up Area,Marathahalli,2.0,2.0,46.7,950.0,2.0,475.0,1.0,1,0
Built-up Area,Bellandur,3.0,3.0,115.0,1685.0,3.0,561.6666666666666,1.0,0,1
Super built-up Area,Green Glen Layout,4.0,3.0,205.0,3270.0,4.0,817.5,1.0,1,0
Super built-up Area,Sarjapur  Road,2.0,2.0,110.0,1314.0,2.0,657.0,1.0,1,1
Super built-up Area,New Gurappana Palya,3.0,2.0,40.0,1250.0,3.0,416.6666666666667,1.0,0,0
Built-up Area,Virudhu Nagar,2.0,2.0,68.0,1130.0,2.0,565.0,1.0,1,1
Super built-up Area,Whitefield,3.0,,145.0,2247.0,3.0,749.0,1.0,1,1
Super built-up Area,Marathahalli,3.0,2.0,85.0,1550.0,3.0,516.6666666666666,1.0,1,1
Super built-up Area,Hoodi,2.0,2.0,100.0,1715.0,3.0,571.6666666666666,0.6666666666666666,1,1
Super built-up Area,Hennur Road,2.0,1.0,53.0,1053.0,2.0,526.5,1.0,1,1
Plot Area,Begur Road,3.0,0.0,50.0,1200.0,3.0,400.0,1.0,1,0
Plot Area,HBR Layout,2.0,1.0,230.0,1800.0,3.0,600.0,0.6666666666666666,1,0
Built-up Area,Chikkabanavar,4.0,0.0,97.0,2400.0,5.0,480.0,0.8,1,0
Super built-up Area,Kodbisanhalli,1.0,3.0,60.0,1245.0,2.0,622.5,0.5,1,1
Plot Area,Whitefield,5.0,3.0,265.0,3940.0,4.0,985.0,1.25,1,1
Built-up Area,Thanisandra,2.0,1.0,65.0,1241.0,3.0,413.6666666666667,0.6666666666666666,1,1
Built-up Area,7th Phase JP Nagar,4.0,2.0,260.0,2980.0,3.0,993.3333333333334,1.3333333333333333,1,1
Super built-up Area,Raja Rajeshwari Nagar,2.0,2.0,57.0,1090.0,2.0,545.0,1.0,1,1
Super built-up Area,Byrasandra,2.0,1.0,50.0,1390.0,3.0,463.3333333333333,0.6666666666666666,1,1
Super built-up Area,Jakkur Plantation,5.0,2.0,275.0,2750.0,3.0,916.6666666666666,1.6666666666666667,1,1
Super built-up Area,Kanakpura Road,2.0,1.0,52.97,1100.0,3.0,366.6666666666667,0.6666666666666666,0,1
Built-up Area,Koramangala,2.0,2.0,103.0,1350.0,2.0,675.0,1.0,1,1
Built-up Area,Prakash Nagar,2.0,2.0,55.0,800.0,2.0,400.0,1.0,1,0
Super built-up Area,Sarjapur  Road,3.0,2.0,116.0,1787.0,3.0,595.6666666666666,1.0,1,1
Built-up Area,BTM Layout,3.0,2.0,220.0,2400.0,3.0,800.0,1.0,1,0
Super built-up Area,Haralur Road,4.0,2.0,325.0,3700.0,4.0,925.0,1.0,1,1
Super built-up Area,Sarjapur  Road,3.0,2.0,93.01,1691.0,3.0,563.6666666666666,1.0,1,1
Plot Area,Chikka Tirupathi,3.0,,95.0,2325.0,3.0,775.0,1.0,0,1
Super built-up Area,Akshaya Nagar,3.0,2.0,102.0,1896.0,3.0,632.0,1.0,1,1
Super built-up Area,Banashankari Stage V,3.0,2.0,48.51,1540.0,3.0,513.3333333333334,1.0,0,1
Super built-up Area,Cambridge Layout,2.0,2.0,95.0,1244.0,2.0,622.0,1.0,1,0
Super built-up Area,Hormavu,2.0,2.0,65.0,1365.0,3.0,455.0,0.6666666666666666,1,1
Super built-up Area,Thanisandra,1.0,1.0,27.5,580.0,1.0,580.0,1.0,0,1
Plot Area,Bharat Nagar,4.0,2.0,180.0,1500.0,3.0,500.0,1.3333333333333333,1,0
Super built-up Area,8th Phase JP Nagar,2.0,3.0,62.0,1513.0,2.0,756.5,1.0,1,1
Super built-up Area,Banashankari,2.0,1.0,41.13,1175.0,2.0,587.5,1.0,1,0
Super built-up Area,Thanisandra,4.0,2.0,139.0,2087.0,3.0,695.6666666666666,1.3333333333333333,0,1
Super built-up Area,Talaghattapura,3.0,2.0,145.0,2273.0,3.0,757.6666666666666,1.0,0,1
Super built-up Area,Thanisandra,3.0,2.0,150.0,2050.0,3.0,683.3333333333334,1.0,0,1
Built-up Area,Garebhavipalya,2.0,1.0,75.0,1200.0,2.0,600.0,1.0,1,0
Super built-up Area,Whitefield,2.0,3.0,59.0,1190.0,2.0,595.0,1.0,1,0
Super built-up Area,Marathahalli,2.0,2.0,49.86,1019.0,2.0,509.5,1.0,0,0
Super built-up Area,Thigalarapalya,3.0,2.0,133.0,1830.0,3.0,610.0,1.0,1,1
Plot Area,Channasandra,7.0,1.0,299.0,4278.0,7.0,611.1428571428571,1.0,1,0
Super built-up Area,Sarjapur  Road,2.0,1.0,56.0,1028.0,2.0,514.0,1.0,1,1
Built-up Area,Old Madras Road,2.0,2.0,100.0,1300.0,2.0,650.0,1.0,1,1
Super built-up Area,Whitefield,2.0,1.0,67.0,1160.0,2.0,580.0,1.0,1,1
Super built-up Area,Mahadevpura,3.0,2.0,78.0,1505.0,3.0,501.6666666666667,1.0,1,0
Plot Area,Ramchandrapuram,2.0,1.0,50.0,400.0,1.0,400.0,2.0,1,0
Super built-up Area,Sarjapur,2.0,1.0,41.68,1175.0,2.0,587.5,1.0,1,0
Super built-up Area,Janatha Colony,2.0,2.0,57.6,1100.0,2.0,550.0,1.0,1,1
Super built-up Area,Vishwanatha Nagenahalli,3.0,2.0,120.0,2159.0,3.0,719.6666666666666,1.0,1,1
Super built-up Area,Devanahalli,2.0,1.0,56.45,1230.0,2.0,615.0,1.0,0,1
Plot Area,Gkvk Layout,4.0,2.0,180.0,1200.0,3.0,400.0,1.3333333333333333,1,0
Built-up Area,Channasandra Layout,6.0,1.0,165.0,3100.0,5.0,620.0,1.2,1,0
Super built-up Area,Old Madras Road,7.0,0.0,287.0,5020.0,5.0,1004.0,1.4,0,1
Built-up Area,Hegganahalli,1.0,0.0,48.0,1200.0,1.0,1200.0,1.0,1,0
Super built-up Area,Dodsworth Layout,2.0,1.0,71.0,1340.0,2.0,670.0,1.0,1,1
Super built-up Area,Banashankari,2.0,2.0,89.0,1750.0,3.0,583.3333333333334,0.6666666666666666,1,1
Super built-up Area,Banashankari Stage II,2.0,1.0,100.0,1400.0,2.0,700.0,1.0,1,0
Built-up Area,Nagarbhavi,3.0,0.0,60.0,1350.0,3.0,450.0,1.0,1,0
Super built-up Area,RMV Extension,3.0,3.0,62.0,1675.0,3.0,558.3333333333334,1.0,1,1
Super built-up Area,Thanisandra,2.0,1.0,66.33,1340.0,2.0,670.0,1.0,0,1
Built-up Area,Malleshwaram,1.0,0.0,68.0,600.0,2.0,300.0,0.5,1,0
Super built-up Area,Hulimavu,2.0,2.0,76.0,1276.0,2.0,638.0,1.0,1,1
Super built-up Area,Ramagondanahalli,2.0,3.0,76.0,1738.0,3.0,579.3333333333334,0.6666666666666666,1,1
Super built-up Area,"Hoodi Circle,",2.0,2.0,59.9,1190.0,2.0,595.0,1.0,1,0
Super built-up Area,Electronic City,2.0,1.0,65.45,1128.0,2.0,564.0,1.0,0,1
Super built-up Area,Veersandra,2.0,1.0,55.0,1250.0,2.0,625.0,1.0,1,1
Built-up Area,ITI Layout,2.0,2.0,90.0,1450.0,2.0,725.0,1.0,1,1
Super built-up Area,Kudlu,2.0,1.0,53.0,1084.0,2.0,542.0,1.0,1,1
Built-up Area,Kaggadasapura,4.0,2.0,90.0,2150.0,4.0,537.5,1.0,1,0
Built-up Area,Koramangala,4.0,0.0,625.0,6000.0,4.0,1500.0,1.0,1,0
Super built-up Area,Hosur Road,2.0,2.0,65.0,1250.0,2.0,625.0,1.0,1,1
Plot Area,Seegehalli,4.0,1.0,240.0,2400.0,3.0,800.0,1.3333333333333333,1,0
Super built-up Area,Begur,3.0,0.0,65.0,1304.0,3.0,434.6666666666667,1.0,1,1
Super built-up Area,Rajaji Nagar,3.0,2.0,268.0,1640.0,3.0,546.6666666666666,1.0,1,1
Built-up Area,7th Phase JP Nagar,2.0,1.0,77.44,980.0,2.0,490.0,1.0,1,1
Super built-up Area,Ramanashree Enclave,2.0,2.0,49.5,1275.0,2.0,637.5,1.0,1,1
Plot Area,"Yelahanka,MVIT college",1.0,1.0,150.0,10030.0,1.0,10030.0,1.0,1,0
Plot Area,Banjara Layout,4.0,0.0,140.0,2500.0,3.0,833.3333333333334,1.3333333333333333,1,0
Built-up Area,Bidadi,4.0,0.0,225.0,3600.0,4.0,900.0,1.0,1,0
Plot Area,Anekal,4.0,0.0,95.0,2400.0,3.0,800.0,1.3333333333333333,1,1
Super built-up Area,Chikku Lakshmaiah Layout,3.0,2.0,280.0,2300.0,3.0,766.6666666666666,1.0,1,1
Super built-up Area,Kanakpura Road,2.0,2.0,70.18,1450.0,3.0,483.3333333333333,0.6666666666666666,0,1
Super built-up Area,Electronic City,2.0,1.0,40.0,890.0,2.0,445.0,1.0,1,1
Super built-up Area,Bannerghatta Road,2.0,3.0,85.0,1340.0,2.0,670.0,1.0,1,1
Super built-up Area,Vidyaranyapura,2.0,1.0,75.0,1100.0,3.0,366.6666666666667,0.6666666666666666,1,0
Super built-up Area,Kengeri,2.0,1.0,40.0,750.0,2.0,375.0,1.0,1,1
Super built-up Area,Akshaya Nagar,2.0,2.0,66.0,1300.0,2.0,650.0,1.0,1,1
Super built-up Area,HRBR Layout,2.0,1.0,120.0,1301.0,2.0,650.5,1.0,0,0
Built-up Area,Gnana Bharathi,8.0,1.0,130.0,3200.0,9.0,355.55555555555554,0.8888888888888888,1,0
Plot Area,Pillahalli,2.0,,92.0,1900.0,3.0,633.3333333333334,0.6666666666666666,1,0
Super built-up Area,Kanakpura Road,2.0,1.0,105.0,1299.0,2.0,649.5,1.0,0,1
Super built-up Area,Anugrah Layout,3.0,3.0,40.0,1250.0,3.0,416.6666666666667,1.0,0,0
Plot Area,Whitefield,4.0,2.0,300.0,1600.0,4.0,400.0,1.0,1,1
Super built-up Area,Kalkere,2.0,1.0,55.0,925.0,2.0,462.5,1.0,1,1
Plot Area,Meenakunte,3.0,3.0,250.0,3900.0,3.0,1300.0,1.0,1,1
Super built-up Area,Uttarahalli,2.0,1.0,45.0,1107.0,2.0,553.5,1.0,1,0
Plot Area,Ramesh Nagar,2.0,2.0,160.0,1400.0,2.0,700.0,1.0,1,0
Super built-up Area,Electronics City Phase 1,2.0,1.0,67.0,1300.0,2.0,650.0,1.0,1,0
Super built-up Area,Hiremath Layout,3.0,2.0,95.0,1715.0,3.0,571.6666666666666,1.0,1,1
Built-up Area,Uttarahalli,2.0,1.0,55.0,1200.0,2.0,600.0,1.0,1,0
Super built-up Area,Ashok Nagar,2.0,1.0,60.0,703.0,2.0,351.5,1.0,1,0
Super built-up Area,Talaghattapura,2.0,2.0,29.47,921.0,2.0,460.5,1.0,0,0
Super built-up Area,Marathahalli,2.0,2.0,65.0,1144.0,2.0,572.0,1.0,1,1
Super built-up Area,Kanakpura Road,1.0,1.0,26.01,525.0,1.0,525.0,1.0,0,1
Super built-up Area,Suddaguntepalya,2.0,2.0,56.0,1400.0,3.0,466.6666666666667,0.6666666666666666,1,1
Super built-up Area,Balagere,1.0,1.0,33.0,661.0,1.0,661.0,1.0,0,1
Super built-up Area,Yelahanka,3.0,1.0,91.0,1705.0,3.0,568.3333333333334,1.0,1,1
Super built-up Area,Kadugodi,2.0,0.0,55.0,1430.0,3.0,476.6666666666667,0.6666666666666666,1,1
Super built-up Area,Marathahalli,2.0,2.0,55.0,1240.0,2.0,620.0,1.0,1,1
Super built-up Area,Electronics City Phase 1,2.0,3.0,28.0,1000.0,2.0,500.0,1.0,1,0
Super built-up Area,Uttarahalli,2.0,2.0,46.45,1330.0,3.0,443.3333333333333,0.6666666666666666,1,1
Super built-up Area,Sarjapur  Road,5.0,,275.0,3005.0,4.0,751.25,1.25,1,1
Super built-up Area,Shivaji Nagar,3.0,2.0,170.0,1300.0,3.0,433.3333333333333,1.0,1,1
Super built-up Area,Banashankari Stage III,2.0,2.0,100.0,1500.0,3.0,500.0,0.6666666666666666,0,0
Plot Area,Kodigehalli,4.0,1.0,156.0,1200.0,3.0,400.0,1.3333333333333333,1,0
Built-up Area,Cox Town,2.0,2.0,72.0,1073.0,2.0,536.5,1.0,1,0
Built-up Area,Kudlu,2.0,2.0,56.0,1300.0,2.0,650.0,1.0,1,1
Plot Area,Sarjapur,4.0,3.0,435.0,4201.0,4.0,1050.25,1.0,0,1
Super built-up Area,Whitefield,2.0,1.0,66.88,1216.0,2.0,608.0,1.0,0,1
Built-up Area,Jigani,3.0,2.0,59.0,1252.0,3.0,417.3333333333333,1.0,1,1
Super built-up Area,Hormavu,2.0,1.0,44.8,1196.0,2.0,598.0,1.0,0,0
Built-up Area,Kudlu,2.0,2.0,44.0,1027.0,2.0,513.5,1.0,1,1
Super built-up Area,Poornapragna Housing Society Layout,2.0,2.0,57.15,1270.0,3.0,423.3333333333333,0.6666666666666666,1,0
Super built-up Area,Mico Layout,2.0,2.0,39.0,1171.0,2.0,585.5,1.0,0,1
Super built-up Area,Kothannur,2.0,3.0,48.6,1215.0,3.0,405.0,0.6666666666666666,1,0
Plot Area,Venkateswara Nagar,1.0,0.0,20.0,600.0,1.0,600.0,1.0,1,0
Super built-up Area,Whitefield,2.0,1.0,77.0,1180.0,2.0,590.0,1.0,0,1
Built-up Area,Electronic City Phase II,2.0,1.0,33.51,1160.0,2.0,580.0,1.0,0,1
Plot Area,Chikkagubbi,4.0,3.0,400.0,4382.0,4.0,1095.5,1.0,1,1
Super built-up Area,Whitefield,3.0,2.0,139.0,2140.0,3.0,713.3333333333334,1.0,0,1
Super built-up Area,Yeshwanthpur,3.0,1.0,100.0,1500.0,3.0,500.0,1.0,1,1
Super built-up Area,Banaswadi,2.0,2.0,52.0,1008.0,2.0,504.0,1.0,1,1
Super built-up Area,Ambedkar Nagar,4.0,3.0,129.0,1921.0,3.0,640.3333333333334,1.3333333333333333,1,1
Super built-up Area,Electronic City,2.0,2.0,32.0,1127.0,2.0,563.5,1.0,1,1
Super built-up Area,Rajaji Nagar,3.0,1.0,124.0,1621.0,3.0,540.3333333333334,1.0,0,1
Plot Area,Poornapragna Housing Society Layout,3.0,0.0,360.0,2400.0,3.0,800.0,1.0,1,0
Super built-up Area,Banashankari 2 nd Stage,2.0,2.0,77.25,1030.0,3.0,343.3333333333333,0.6666666666666666,1,0
Super built-up Area,Whitefield,2.0,1.0,84.0,1314.0,2.0,657.0,1.0,0,0
Super built-up Area,Choodasandra,3.0,1.0,56.0,1220.0,3.0,406.6666666666667,1.0,1,1
Built-up Area,JP Nagar,2.0,3.0,85.0,1590.0,3.0,530.0,0.6666666666666666,1,1
Super built-up Area,Shivaji Nagar,2.0,1.0,49.5,703.0,2.0,351.5,1.0,1,0
Super built-up Area,Hosakerehalli,3.0,2.0,64.62,1795.0,3.0,598.3333333333334,1.0,0,1
Built-up Area,Gottigere,3.0,0.0,132.0,3000.0,4.0,750.0,0.75,1,0
Super built-up Area,Sarjapur  Road,4.0,2.0,242.0,4395.0,4.0,1098.75,1.0,0,1
Super built-up Area,Electronic City,2.0,1.0,35.0,825.0,2.0,412.5,1.0,1,1
Super built-up Area,Yelahanka,6.0,1.0,350.0,4025.0,4.0,1006.25,1.5,0,1
Super built-up Area,Vajarahalli,2.0,1.0,70.0,1254.0,3.0,418.0,0.6666666666666666,0,0
Built-up Area,Ramagondanahalli,3.0,2.0,114.0,2040.0,3.0,680.0,1.0,1,0
Super built-up Area,Malleshwaram,4.0,3.0,337.0,2475.0,3.0,825.0,1.3333333333333333,1,1
Super built-up Area,Cambridge Layout,3.0,2.0,298.0,1669.0,3.0,556.3333333333334,1.0,1,1
Super built-up Area,Nagappa Reddy Layout,3.0,2.0,79.5,1820.0,3.0,606.6666666666666,1.0,1,1
Super built-up Area,Horamavu Agara,3.0,1.0,89.0,1623.0,3.0,541.0,1.0,0,1
Super built-up Area,Electronic City,2.0,2.0,40.5,1200.0,2.0,600.0,1.0,1,1
Super built-up Area,Gottigere,3.0,3.0,72.0,1613.0,3.0,537.6666666666666,1.0,1,1
Super built-up Area,Rajiv Gandhi Nagar,2.0,2.0,80.0,1293.0,2.0,646.5,1.0,1,1
Super built-up Area,Hoskote,2.0,2.0,28.5,1065.0,2.0,532.5,1.0,1,1
Super built-up Area,Kudlu Gate,2.0,1.0,69.57,940.0,2.0,470.0,1.0,0,1
Super built-up Area,Sarjapur  Road,2.0,1.0,65.0,1181.0,3.0,393.6666666666667,0.6666666666666666,1,1
Super built-up Area,Malleshwaram,3.0,2.0,275.0,2215.0,3.0,738.3333333333334,1.0,1,1
Built-up Area,Marathahalli,2.0,,75.0,1100.0,1.0,1100.0,2.0,1,1
Super built-up Area,MLA Layout,2.0,1.0,36.0,1050.0,2.0,525.0,1.0,1,0
Super built-up Area,Subramanyapura,2.0,1.0,75.0,1260.0,3.0,420.0,0.6666666666666666,1,1
Super built-up Area,Banashankari Stage II,3.0,2.0,425.0,2800.0,5.0,560.0,0.6,1,0
Super built-up Area,Dodda Banaswadi,3.0,2.0,56.0,1500.0,3.0,500.0,1.0,1,0
Plot Area,Esther Enclave Layout,2.0,0.0,66.0,1000.0,2.0,500.0,1.0,0,0
Super built-up Area,Whitefield,3.0,3.0,73.0,1530.0,3.0,510.0,1.0,1,1
Super built-up Area,Dodda Nekkundi Extension,3.0,3.0,115.0,1864.0,3.0,621.3333333333334,1.0,1,1
Built-up Area,Sarjapur,3.0,3.0,55.0,1575.0,3.0,525.0,1.0,1,1
Plot Area,Attibele,3.0,,105.0,1200.0,3.0,400.0,1.0,0,1
Super built-up Area,Raja Rajeshwari Nagar,2.0,1.0,45.0,945.0,2.0,472.5,1.0,1,1
Super built-up Area,Sarjapur  Road,3.0,2.0,100.0,1691.0,3.0,563.6666666666666,1.0,1,1
Plot Area,KR Garden,2.0,3.0,135.0,1200.0,2.0,600.0,1.0,1,0
Built-up Area,Electronic City Phase II,3.0,1.0,35.25,1220.0,3.0,406.6666666666667,1.0,0,1
Built-up Area,Kengeri,1.0,1.0,35.0,600.0,1.0,600.0,1.0,1,1
Super built-up Area,Whitefield,2.0,2.0,39.0,1160.0,2.0,580.0,1.0,0,1
Super built-up Area,Dodda Nekkundi Extension,2.0,,89.5,1950.0,3.0,650.0,0.6666666666666666,1,1
Super built-up Area,Vittasandra,3.0,1.0,85.0,1650.0,3.0,550.0,1.0,1,1
Built-up Area,Annapurneshwari Nagar,4.0,1.0,150.0,2400.0,4.0,600.0,1.0,1,0
Super built-up Area,Abbigere,1.0,1.0,32.6,795.0,2.0,397.5,0.5,1,1
Super built-up Area,Kalyan nagar,4.0,1.0,165.0,2285.0,3.0,761.6666666666666,1.3333333333333333,1,0
Super built-up Area,Kammagondahalli,2.0,1.0,51.5,1263.0,2.0,631.5,1.0,1,1
Super built-up Area,Hennur,2.0,1.0,69.0,1345.0,3.0,448.3333333333333,0.6666666666666666,1,1
Built-up Area,D Group Employees Layout,5.0,3.0,240.0,4400.0,5.0,880.0,1.0,1,0
Super built-up Area,Electronic City,2.0,1.0,58.0,1360.0,3.0,453.3333333333333,0.6666666666666666,1,1
Super built-up Area,Sarjapur  Road,2.0,1.0,60.55,1026.0,2.0,513.0,1.0,1,0
Super built-up Area,Alfa Garden Layout,2.0,2.0,38.0,1050.0,2.0,525.0,1.0,1,0
Super built-up Area,Uttarahalli,3.0,3.0,76.0,1460.0,3.0,486.6666666666667,1.0,1,0
Super built-up Area,Banagiri Nagar,2.0,2.0,91.48,1525.0,3.0,508.3333333333333,0.6666666666666666,1,0
Built-up Area,Kanakpura Road,3.0,2.0,85.0,1843.0,3.0,614.3333333333334,1.0,1,1
Super built-up Area,Ananth Nagar,2.0,3.0,25.0,1000.0,2.0,500.0,1.0,0,0
Super built-up Area,Koramangala,2.0,1.0,115.0,1642.0,3.0,547.3333333333334,0.6666666666666666,1,1
Super built-up Area,Austin Town,2.0,1.0,60.0,975.0,2.0,487.5,1.0,1,0
Super built-up Area,Bisuvanahalli,2.0,1.0,44.0,1075.0,3.0,358.3333333333333,0.6666666666666666,1,1
Super built-up Area,Panathur,2.0,1.0,77.93,1210.0,2.0,605.0,1.0,0,0
Super built-up Area,Rammana Layout,3.0,2.0,100.0,2000.0,3.0,666.6666666666666,1.0,1,0
Super built-up Area,Akshaya Nagar,2.0,0.0,68.0,1225.0,2.0,612.5,1.0,1,1
Super built-up Area,Jakkur,2.0,1.0,80.04,1290.0,2.0,645.0,1.0,1,1
Built-up Area,Remco Bhel Layout,2.0,0.0,56.0,1220.0,2.0,610.0,1.0,1,0
Plot Area,A Narayanapura,2.0,0.0,85.0,1500.0,1.0,1500.0,2.0,1,0
Super built-up Area,Kaggadasapura,2.0,2.0,79.0,1361.0,2.0,680.5,1.0,1,1
Plot Area,Frazer Town,4.0,1.0,462.0,2801.25,5.0,560.25,0.8,1,0
Built-up Area,1st Phase JP Nagar,2.0,2.0,85.0,1394.0,2.0,697.0,1.0,1,1
Super built-up Area,Yelahanka,2.0,1.0,27.0,870.0,2.0,435.0,1.0,1,0
Plot Area,Marasandra,5.0,3.0,300.0,5000.0,4.0,1250.0,1.25,1,0
Super built-up Area,Rajaji Nagar,2.0,2.0,98.0,1222.0,2.0,611.0,1.0,0,1
Super built-up Area,Bellandur,3.0,2.0,135.0,1846.0,3.0,615.3333333333334,1.0,1,0
Plot Area,Benson Town,2.0,1.0,270.0,1688.12,2.0,844.06,1.0,1,0
Super built-up Area,Yeshwanthpur,2.0,2.0,64.08,1167.0,2.0,583.5,1.0,1,1
Super built-up Area,Ananth Nagar,2.0,2.0,25.0,902.0,2.0,451.0,1.0,1,0
Super built-up Area,Kannamangala,4.0,3.0,135.0,2422.0,4.0,605.5,1.0,1,0
Built-up Area,Rajapura,2.0,0.0,50.0,1000.0,2.0,500.0,1.0,1,0
Built-up Area,Kundalahalli,2.0,0.0,58.0,1260.0,2.0,630.0,1.0,1,0
Built-up Area,Banashankari Stage II,3.0,2.0,450.0,3000.0,3.0,1000.0,1.0,1,0
Super built-up Area,Jigani,2.0,2.0,39.0,939.0,2.0,469.5,1.0,1,1
Plot Area,Jalahalli,1.0,0.0,37.0,600.0,1.0,600.0,1.0,1,0
Built-up Area,8th Phase JP Nagar,2.0,1.0,59.0,1298.0,2.0,649.0,1.0,1,0
Super built-up Area,Marathahalli,3.0,2.0,135.0,1710.0,3.0,570.0,1.0,1,1
Super built-up Area,Subramanyapura,2.0,1.0,45.0,1000.0,2.0,500.0,1.0,1,1
Super built-up Area,Ramagondanahalli,3.0,3.0,150.0,3350.0,3.0,1116.6666666666667,1.0,1,1
Plot Area,Bagalakunte,4.0,1.0,138.0,1200.0,2.0,600.0,2.0,1,0
Built-up Area,RPC layout,2.0,2.0,68.0,1100.0,2.0,550.0,1.0,1,0
Super built-up Area,Jalahalli,1.0,1.0,46.0,615.0,1.0,615.0,1.0,1,1
Super built-up Area,Sarjapur  Road,2.0,1.0,85.0,1350.0,2.0,675.0,1.0,0,1
Built-up Area,Sultan Palaya,5.0,2.0,325.0,5000.0,4.0,1250.0,1.25,1,0
Super built-up Area,Cunningham Road,3.0,1.0,501.0,2700.0,3.0,900.0,1.0,1,1
Plot Area,Vijaya Bank Layout,6.0,2.0,460.0,4000.0,6.0,666.6666666666666,1.0,1,0
Super built-up Area,Hegde Nagar,3.0,2.0,130.0,1718.0,3.0,572.6666666666666,1.0,1,1
Super built-up Area,7th Phase JP Nagar,3.0,2.0,112.0,1680.0,3.0,560.0,1.0,1,1
Plot Area,Hulimavu,2.0,0.0,90.0,1500.0,2.0,750.0,1.0,1,0
Super built-up Area,Sarjapur  Road,2.0,1.0,72.0,1157.0,3.0,385.6666666666667,0.6666666666666666,0,1
Super built-up Area,Akshaya Nagar,2.0,1.0,51.0,1179.0,2.0,589.5,1.0,1,0
Super built-up Area,Hulimavu,2.0,0.0,60.48,1315.0,2.0,657.5,1.0,1,1
Super built-up Area,Phase 1 Kammasandra,2.0,2.0,28.18,1105.0,2.0,552.5,1.0,0,0
Super built-up Area,Banashankari,3.0,2.0,175.0,1800.0,3.0,600.0,1.0,1,1
Super built-up Area,Jalahalli East,2.0,1.0,52.0,1010.0,2.0,505.0,1.0,1,1
Super built-up Area,Electronic City,1.0,1.0,46.0,630.0,1.0,630.0,1.0,0,1
Plot Area,Anekal,2.0,1.0,36.1,1200.0,2.0,600.0,1.0,0,0
Super built-up Area,Kaval Byrasandra,2.0,1.0,60.0,1025.0,2.0,512.5,1.0,1,0
Super built-up Area,Hennur Road,2.0,2.0,59.0,1195.0,2.0,597.5,1.0,1,0
Super built-up Area,Whitefield,2.0,1.0,58.0,1012.0,2.0,506.0,1.0,0,1
Super built-up Area,Hegde Nagar,4.0,2.0,118.0,1884.0,3.0,628.0,1.3333333333333333,1,1
Super built-up Area,Sarjapura - Attibele Road,2.0,1.0,37.0,1090.0,2.0,545.0,1.0,1,1
Super built-up Area,Amblipura,4.0,2.0,250.0,2950.0,4.0,737.5,1.0,1,1
Super built-up Area,Harlur,3.0,3.0,85.0,1710.0,3.0,570.0,1.0,1,1
Super built-up Area,Uttarahalli,3.0,1.0,68.0,1500.0,3.0,500.0,1.0,1,0
Super built-up Area,Kodichikkanahalli,2.0,2.0,53.0,1310.0,3.0,436.6666666666667,0.6666666666666666,1,1
Super built-up Area,Dommasandra,1.0,1.0,19.9,674.0,2.0,337.0,0.5,0,0
Built-up Area,Hoodi,3.0,2.0,70.0,1350.0,3.0,450.0,1.0,1,0
Built-up Area,Hennur Gardens,2.0,2.0,115.0,1464.0,3.0,488.0,0.6666666666666666,1,1
Built-up Area,Electronic City,2.0,1.0,40.45,1400.0,3.0,466.6666666666667,0.6666666666666666,0,0
Super built-up Area,Electronic City Phase II,2.0,2.0,48.75,1625.0,3.0,541.6666666666666,0.6666666666666666,0,1
Built-up Area,Electronic City,2.0,1.0,30.76,1065.0,2.0,532.5,1.0,0,0
Super built-up Area,HMT Layout,3.0,3.0,90.0,1385.0,3.0,461.6666666666667,1.0,1,0
Super built-up Area,CV Raman Nagar,2.0,1.0,50.0,1040.0,2.0,520.0,1.0,1,1
Super built-up Area,Haralur Road,3.0,2.0,110.0,1817.0,3.0,605.6666666666666,1.0,1,0
Super built-up Area,Volagerekallahalli,2.0,1.0,47.0,1205.0,2.0,602.5,1.0,1,1
Super built-up Area,Volagerekallahalli,2.0,2.0,33.43,1070.0,2.0,535.0,1.0,1,0
Super built-up Area,Kodathi,2.0,1.0,52.0,1070.0,2.0,535.0,1.0,1,0
Super built-up Area,Amruthahalli,2.0,1.0,75.0,1340.0,2.0,670.0,1.0,1,0
Super built-up Area,Kalena Agrahara,2.0,2.0,35.0,980.0,2.0,490.0,1.0,1,1
Built-up Area,8th Phase JP Nagar,2.0,0.0,44.0,1006.0,2.0,503.0,1.0,1,1
Super built-up Area,Thanisandra,2.0,1.0,71.0,1098.0,2.0,549.0,1.0,1,1
Built-up Area,Mico Layout,2.0,1.0,53.5,1200.0,2.0,600.0,1.0,1,1
Super built-up Area,Thigalarapalya,4.0,,325.0,4190.0,4.0,1047.5,1.0,1,1
Super built-up Area,Sarjapur  Road,2.0,1.0,62.0,1019.0,2.0,509.5,1.0,1,1
Super built-up Area,Whitefield,2.0,2.0,40.21,1150.0,2.0,575.0,1.0,0,0
Plot Area,Anekal,3.0,1.0,120.0,1733.5,3.0,577.8333333333334,1.0,1,1
Super built-up Area,Yeshwanthpur Industrial Suburb,2.0,2.0,120.0,1415.0,2.0,707.5,1.0,1,1
Built-up Area,"Electronic city Phase 1,",3.0,2.0,58.0,1750.0,3.0,583.3333333333334,1.0,0,0
Super built-up Area,Raja Rajeshwari Nagara,3.0,2.0,81.0,1537.0,3.0,512.3333333333334,1.0,0,0
Built-up Area,Chennappa Layout,2.0,2.0,45.0,1050.0,2.0,525.0,1.0,1,1
Super built-up Area,Kanakpura Road,3.0,3.0,55.6,1452.0,3.0,484.0,1.0,1,1
Super built-up Area,Domlur,2.0,1.0,95.0,1246.0,2.0,623.0,1.0,1,1
Built-up Area,Yelahanka,4.0,2.0,85.0,1890.0,3.0,630.0,1.3333333333333333,1,1
Super built-up Area,Electronic City Phase II,2.0,1.0,40.0,972.0,2.0,486.0,1.0,0,1
Plot Area,5th Block Jayanagar,4.0,2.0,2340.0,10624.0,4.0,2656.0,1.0,1,0
Plot Area,Brookefield,5.0,3.0,160.0,1500.0,4.0,375.0,1.25,1,1
Super built-up Area,Electronic City,1.0,1.0,33.7,630.0,1.0,630.0,1.0,0,1
Built-up Area,Shingapura,2.0,1.0,60.0,1255.0,3.0,418.3333333333333,0.6666666666666666,1,0
Plot Area,Ramamurthy Nagar,4.0,2.0,185.0,1900.0,4.0,475.0,1.0,1,0
Plot Area,Doddaballapur,3.0,1.0,142.0,2440.0,3.0,813.3333333333334,1.0,1,0
Super built-up Area,Kanakpura Road,3.0,3.0,92.69,1938.0,3.0,646.0,1.0,0,1
Super built-up Area,Bannerghatta Road,3.0,2.0,125.0,1711.0,3.0,570.3333333333334,1.0,1,0
Super built-up Area,CV Raman Nagar,2.0,1.0,95.0,1392.0,2.0,696.0,1.0,0,1
Super built-up Area,Haralur Road,2.0,1.0,77.0,1225.0,2.0,612.5,1.0,0,1
Super built-up Area,Sarjapur  Road,3.0,,235.0,3418.0,4.0,854.5,0.75,1,1
Super built-up Area,Green Glen Layout,3.0,2.0,120.0,1750.0,3.0,583.3333333333334,1.0,1,1
Super built-up Area,Subramanyapura,2.0,1.0,80.0,1260.0,3.0,420.0,0.6666666666666666,1,1
Super built-up Area,Sarjapur  Road,1.0,1.0,31.1,691.0,1.0,691.0,1.0,0,1
Plot Area,BTM 2nd Stage,3.0,2.0,400.0,2400.0,4.0,600.0,0.75,1,0
Super built-up Area,Haralur Road,2.0,1.0,78.0,1285.0,2.0,642.5,1.0,1,1
Built-up Area,Hebbal,3.0,2.0,96.0,1590.0,3.0,530.0,1.0,1,1
Super built-up Area,9th Phase JP Nagar,3.0,2.0,65.0,1571.0,3.0,523.6666666666666,1.0,1,1
Built-up Area,Hebbal Kempapura,5.0,1.0,220.0,2800.0,5.0,560.0,1.0,1,0
Super built-up Area,Garudachar Palya,2.0,1.0,48.66,1060.0,2.0,530.0,1.0,1,0
Super built-up Area,Hennur,2.0,1.0,58.0,1255.0,2.0,627.5,1.0,1,1
Plot Area,Lal Bahadur Shastri Nagar,2.0,2.0,185.0,2400.0,3.0,800.0,0.6666666666666666,1,0
Super built-up Area,Bannerghatta Road,2.0,3.0,81.0,1520.0,3.0,506.6666666666667,0.6666666666666666,1,1
Super built-up Area,Kanakpura Road,,,70.99,1530.0,3.0,510.0,,1,1
Super built-up Area,Gollahalli,2.0,1.0,45.51,1170.0,2.0,585.0,1.0,1,1
Super built-up Area,OMBR Layout,3.0,2.0,75.0,1580.0,3.0,526.6666666666666,1.0,1,0
Super built-up Area,Ardendale,3.0,2.0,89.0,1777.26,3.0,592.42,1.0,1,1
Super built-up Area,Raja Rajeshwari Nagar,2.0,2.0,55.78,1303.0,2.0,651.5,1.0,1,1
Built-up Area,Kodichikkanahalli,2.0,3.0,59.0,1680.0,2.0,840.0,1.0,1,0
Built-up Area,Whitefield,2.0,,70.0,1495.0,3.0,498.3333333333333,0.6666666666666666,1,1
Super built-up Area,Yelahanka,3.0,1.0,108.0,1835.0,3.0,611.6666666666666,1.0,0,1
Built-up Area,Nagawara Junction,2.0,2.0,38.0,1080.0,2.0,540.0,1.0,1,0
Built-up Area,Electronic City,2.0,1.0,29.61,1025.0,2.0,512.5,1.0,0,0
Super built-up Area,Haralur Road,2.0,1.0,67.48,1225.0,2.0,612.5,1.0,0,1
Super built-up Area,Balagere,1.0,1.0,34.77,656.0,1.0,656.0,1.0,0,1
Super built-up Area,Sarjapur  Road,2.0,2.0,45.0,994.0,2.0,497.0,1.0,1,1
Super built-up Area,Thirupalya,2.0,1.0,65.0,1025.0,2.0,512.5,1.0,1,1
Built-up Area,Marathahalli,2.0,2.0,52.0,1156.0,2.0,578.0,1.0,1,1
Super built-up Area,JP Nagar,2.0,2.0,60.0,1250.0,2.0,625.0,1.0,1,1
Built-up Area,Kundalahalli,4.0,3.0,230.0,3092.0,4.0,773.0,1.0,1,1
Super built-up Area,Hegde Nagar,4.0,2.0,122.0,1930.0,3.0,643.3333333333334,1.3333333333333333,1,1
Built-up Area,New Thippasandra,2.0,1.0,70.0,1020.0,2.0,510.0,1.0,1,1
Built-up Area,Kumaraswami Layout,2.0,1.0,70.0,1310.0,3.0,436.6666666666667,0.6666666666666666,1,0
Super built-up Area,Jalahalli,1.0,0.0,27.565,612.5,1.0,612.5,1.0,0,1
Built-up Area,Kanakpura Road,2.0,3.0,70.0,1322.0,2.0,661.0,1.0,1,1
Super built-up Area,Kothanur,2.0,2.0,57.0,1160.0,2.0,580.0,1.0,1,0
Super built-up Area,5th Block Hbr Layout,2.0,2.0,48.0,1100.0,2.0,550.0,1.0,1,0
Built-up Area,Lakshminarayana Pura,3.0,3.0,150.0,1720.0,3.0,573.3333333333334,1.0,1,1
Super built-up Area,Hosur Road,3.0,2.0,103.0,1689.0,3.0,563.0,1.0,0,1
Super built-up Area,Chikkalasandra,2.0,1.0,47.42,1090.0,2.0,545.0,1.0,1,0
Super built-up Area,KR Puram,2.0,0.0,75.0,2000.0,2.0,1000.0,1.0,1,0
Super built-up Area,Venugopal Reddy Layout,2.0,2.0,69.0,1155.0,2.0,577.5,1.0,1,1
Built-up Area,Vishveshwarya Layout,6.0,0.0,230.0,4000.0,6.0,666.6666666666666,1.0,1,0
Built-up Area,Sarjapur  Road,5.0,0.0,176.0,3913.0,4.0,978.25,1.25,0,1
Super built-up Area,Hebbal,5.0,2.0,320.0,3520.0,3.0,1173.3333333333333,1.6666666666666667,1,1
Super built-up Area,JP Nagar,2.0,2.0,39.98,1125.0,2.0,562.5,1.0,0,0
Built-up Area,Yelahanka,3.0,3.0,92.0,1847.0,3.0,615.6666666666666,1.0,0,1
Super built-up Area,7th Phase JP Nagar,2.0,1.0,76.0,1515.0,3.0,505.0,0.6666666666666666,1,1
Plot Area,Raja Rajeshwari Nagar,7.0,2.0,225.0,3450.0,8.0,431.25,0.875,1,0
Plot Area,Yelahanka,3.0,1.0,120.0,2500.0,5.0,500.0,0.6,1,0
Built-up Area,Sarjapur  Road,2.0,2.0,55.0,1130.0,2.0,565.0,1.0,1,1
Super built-up Area,Bellandur,2.0,1.0,51.0,1049.0,2.0,524.5,1.0,1,1
Super built-up Area,Amruthahalli,4.0,0.0,175.0,2650.0,3.0,883.3333333333334,1.3333333333333333,1,0
Super built-up Area,Varthur Road,2.0,1.0,25.4,850.0,2.0,425.0,1.0,0,0
Plot Area,Govindaraja Nagar Ward,5.0,3.0,370.0,2600.0,5.0,520.0,1.0,1,0
Super built-up Area,Jakkur,2.0,1.0,72.0,1282.0,2.0,641.0,1.0,0,1
Super built-up Area,Kalena Agrahara,2.0,1.0,40.0,800.0,2.0,400.0,1.0,1,1
Plot Area,Gidada Konnenahalli,4.0,2.0,240.0,1200.0,4.0,300.0,1.0,1,0
Super built-up Area,Chandapura,2.0,2.0,30.35,1190.0,3.0,396.6666666666667,0.6666666666666666,0,1
Super built-up Area,Magadi Road,2.0,1.0,68.0,1318.0,3.0,439.3333333333333,0.6666666666666666,0,1
Super built-up Area,Kanakpura Road,2.0,1.0,105.0,1698.0,2.0,849.0,1.0,0,1
Super built-up Area,Jayanagar,2.0,1.0,182.0,2030.0,3.0,676.6666666666666,0.6666666666666666,1,0
Super built-up Area,Kammasandra,2.0,1.0,31.9,1276.0,3.0,425.3333333333333,0.6666666666666666,1,1
Super built-up Area,Shikaripalya,2.0,1.0,67.0,1555.0,3.0,518.3333333333334,0.6666666666666666,1,1
Super built-up Area,Sarjapur  Road,3.0,2.0,145.0,1881.0,3.0,627.0,1.0,0,1
Super built-up Area,frazertown,3.0,2.0,325.0,2900.0,3.0,966.6666666666666,1.0,1,0
Super built-up Area,Yelahanka,3.0,2.0,109.0,1890.0,3.0,630.0,1.0,0,1
Super built-up Area,Old Madras Road,2.0,1.0,32.0,935.0,2.0,467.5,1.0,0,1
Super built-up Area,Cox Town,2.0,3.0,58.0,1000.0,2.0,500.0,1.0,1,1
Super built-up Area,Singasandra,3.0,2.0,75.0,1510.0,3.0,503.3333333333333,1.0,1,0
Built-up Area,Uttarahalli,2.0,1.0,50.0,1120.0,2.0,560.0,1.0,1,0
Super built-up Area,Ananth Nagar,2.0,1.0,25.99,930.0,2.0,465.0,1.0,1,0
Super built-up Area,Talaghattapura,2.0,2.0,62.0,1175.0,2.0,587.5,1.0,1,0
Built-up Area,Bellandur,2.0,1.0,63.0,1350.0,3.0,450.0,0.6666666666666666,1,1
Super built-up Area,Malleshwaram,3.0,2.0,330.0,2215.0,3.0,738.3333333333334,1.0,1,1
Super built-up Area,Attibele,2.0,1.0,24.9,996.0,2.0,498.0,1.0,1,1
Super built-up Area,Anjanapura,2.0,1.0,30.13,1076.0,2.0,538.0,1.0,0,1
Super built-up Area,Off Bannergatta road,4.0,3.0,115.0,2180.0,4.0,545.0,1.0,1,0
Super built-up Area,Kasavanhalli,3.0,3.0,112.0,1715.0,3.0,571.6666666666666,1.0,1,1
Super built-up Area,Hebbal,2.0,2.0,45.0,1072.0,2.0,536.0,1.0,1,1
Super built-up Area,Panathur,2.0,1.0,80.0,1230.0,2.0,615.0,1.0,1,1
Super built-up Area,Murugeshpalya,2.0,1.0,65.0,1600.0,3.0,533.3333333333334,0.6666666666666666,1,0
Super built-up Area,Thanisandra,3.0,1.0,93.25,1411.0,3.0,470.3333333333333,1.0,0,1
Built-up Area,Rayasandra,5.0,3.0,145.0,3600.0,5.0,720.0,1.0,1,0
Super built-up Area,Jalahalli,3.0,2.0,138.0,2404.0,3.0,801.3333333333334,1.0,1,0
Plot Area,Sahakara Nagar,4.0,,190.0,1200.0,4.0,300.0,1.0,1,0
Plot Area,Nagarbhavi,3.0,2.0,226.0,1200.0,3.0,400.0,1.0,0,0
Built-up Area,Doddathoguru,3.0,1.0,45.0,1208.0,3.0,402.6666666666667,1.0,1,1
Plot Area,Yeshwanthpur,5.0,2.0,300.0,1700.0,5.0,340.0,1.0,1,0
Super built-up Area,Haralur Road,2.0,1.0,69.84,1225.0,2.0,612.5,1.0,0,1
Super built-up Area,Hebbal,2.0,1.0,69.0,1162.0,2.0,581.0,1.0,0,1
Super built-up Area,Thanisandra,2.0,1.0,65.0,1262.0,3.0,420.6666666666667,0.6666666666666666,1,1
Super built-up Area,Konanakunte Cross,2.0,2.0,35.0,1050.0,2.0,525.0,1.0,0,0
Built-up Area,Electronic City Phase II,2.0,1.0,33.51,1160.0,2.0,580.0,1.0,0,1
Plot Area,Channasandra,3.0,1.0,61.95,1500.0,3.0,500.0,1.0,0,0
Super built-up Area,Vaderahalli,3.0,3.0,85.0,1610.0,3.0,536.6666666666666,1.0,1,0
Super built-up Area,Whitefield,2.0,2.0,41.0,1340.0,2.0,670.0,1.0,1,1
Super built-up Area,Sarjapur  Road,4.0,2.0,182.0,2275.0,3.0,758.3333333333334,1.3333333333333333,1,1
Built-up Area,Manorayana Palya,2.0,0.0,145.0,1500.0,2.0,750.0,1.0,1,0
Plot Area,Hiremath Layout,3.0,1.0,135.0,3150.0,4.0,787.5,0.75,1,0
Super built-up Area,Hosa Road,2.0,2.0,65.0,1170.0,2.0,585.0,1.0,0,1
Super built-up Area,Sarjapur  Road,2.0,1.0,25.0,980.0,2.0,490.0,1.0,1,1
Built-up Area,Channasandra,3.0,2.0,60.0,1800.0,3.0,600.0,1.0,1,0
Super built-up Area,Banashankari Stage VI,2.0,1.0,71.73,1423.0,3.0,474.3333333333333,0.6666666666666666,0,1
Super built-up Area,Kaggadasapura,2.0,3.0,40.0,1106.0,2.0,553.0,1.0,1,1
Built-up Area,Kereguddadahalli,2.0,2.0,27.6,1105.0,2.0,552.5,1.0,1,1
Plot Area,Cunningham Road,6.0,2.0,1800.0,7500.0,4.0,1875.0,1.5,1,0
Super built-up Area,Tirumanahalli,2.0,1.0,56.7,1255.0,2.0,627.5,1.0,1,1
Super built-up Area,Babusapalaya,2.0,1.0,38.95,1061.0,2.0,530.5,1.0,0,1
Plot Area,Hoskote near,2.0,2.0,29.5,600.0,2.0,300.0,1.0,0,0
Super built-up Area,Electronic City Phase II,2.0,2.0,40.45,1400.0,3.0,466.6666666666667,0.6666666666666666,0,1
Super built-up Area,Domlur,3.0,2.0,145.0,2100.0,3.0,700.0,1.0,1,1
Super built-up Area,Electronic City,1.0,1.0,16.5,660.0,2.0,330.0,0.5,1,1
Built-up Area,Kengeri,1.0,1.0,18.0,633.0,2.0,316.5,0.5,1,0
Super built-up Area,Indira Nagar,2.0,3.0,120.0,1260.0,2.0,630.0,1.0,1,0
Super built-up Area,ITPL,2.0,0.0,55.43,907.0,2.0,453.5,1.0,1,1
Super built-up Area,Hennur Road,3.0,2.0,67.55,2047.0,3.0,682.3333333333334,1.0,0,1
Built-up Area,"Haralur Road,",4.0,3.0,189.0,2597.0,4.0,649.25,1.0,1,0
Built-up Area,Bellandur,2.0,1.0,63.0,1211.0,2.0,605.5,1.0,1,0
Super built-up Area,Hennur Road,3.0,2.0,129.0,1904.0,3.0,634.6666666666666,1.0,1,1
Super built-up Area,Balagere,2.0,1.0,73.87,1205.0,2.0,602.5,1.0,0,1
Super built-up Area,Yeshwanthpur,2.0,2.0,64.08,1164.0,2.0,582.0,1.0,1,1
Super built-up Area,Mahaganapathy Nagar,2.0,2.0,73.0,1410.0,2.0,705.0,1.0,1,1
Built-up Area,Green View Layout,2.0,1.0,42.0,1150.0,2.0,575.0,1.0,1,1
Super built-up Area,Udayapur Village,2.0,2.0,53.11,1170.0,2.0,585.0,1.0,0,1
Built-up Area,Hennur,2.0,1.0,62.0,1420.0,2.0,710.0,1.0,1,0
Super built-up Area,Panathur,2.0,2.0,45.0,1125.0,2.0,562.5,1.0,1,0
Built-up Area,NRI Layout,3.0,3.0,75.0,1789.0,3.0,596.3333333333334,1.0,1,1
Super built-up Area,Hulimavu,2.0,1.0,76.0,1021.0,2.0,510.5,1.0,1,1
Super built-up Area,Ananth Nagar,2.0,2.0,26.85,1074.0,2.0,537.0,1.0,0,0
Super built-up Area,Kalena Agrahara,2.0,3.0,48.0,1222.0,2.0,611.0,1.0,1,1
Super built-up Area,Hennur Road,3.0,1.0,134.0,1981.0,3.0,660.3333333333334,1.0,1,1
Built-up Area,Yelachenahalli,2.0,2.0,55.0,1103.0,2.0,551.5,1.0,1,0
Super built-up Area,Adugodi,2.0,1.0,65.0,1201.0,2.0,600.5,1.0,1,1
Super built-up Area,Sarjapur  Road,2.0,1.0,36.0,970.0,2.0,485.0,1.0,1,1
Super built-up Area,Sarjapur,2.0,2.0,33.0,920.0,2.0,460.0,1.0,1,1
Super built-up Area,Yeshwanthpur,3.0,3.0,85.0,1520.0,3.0,506.6666666666667,1.0,1,1
Super built-up Area,Sonnenahalli,2.0,1.0,75.0,1268.0,3.0,422.6666666666667,0.6666666666666666,0,1
Super built-up Area,Thippasandra,1.0,0.0,30.0,660.0,1.0,660.0,1.0,1,0
Super built-up Area,Harlur,3.0,2.0,115.0,1755.0,3.0,585.0,1.0,1,1
Super built-up Area,Hoskote,2.0,1.0,35.0,945.0,2.0,472.5,1.0,1,1
Carpet Area,8th Phase JP Nagar,1.0,1.0,33.0,500.0,1.0,500.0,1.0,0,1
Super built-up Area,Harlur,4.0,0.0,153.5,2820.0,4.0,705.0,1.0,1,1
Built-up Area,Bommenahalli,3.0,0.0,140.0,1632.0,4.0,408.0,0.75,1,1
Super built-up Area,Rachenahalli,2.0,2.0,37.5,1167.0,2.0,583.5,1.0,1,0
Super built-up Area,Domlur,2.0,2.0,80.0,1276.0,2.0,638.0,1.0,1,1
Built-up Area,Thanisandra,2.0,2.0,51.0,1234.0,2.0,617.0,1.0,1,1
Super built-up Area,Lakshminarayana Pura,2.0,1.0,75.0,1180.0,2.0,590.0,1.0,1,1
Super built-up Area,ISRO Layout,2.0,2.0,87.0,1370.0,3.0,456.6666666666667,0.6666666666666666,1,1
Built-up Area,Electronic City,3.0,1.0,90.0,1400.0,3.0,466.6666666666667,1.0,1,0
Plot Area,Whitefield,6.0,3.0,155.0,1500.0,5.0,300.0,1.2,1,0
Plot Area,Bagalakunte,2.0,0.0,40.0,1050.0,2.0,525.0,1.0,1,0
Super built-up Area,Ramagondanahalli,2.0,1.0,46.0,1251.0,2.0,625.5,1.0,0,1
Super built-up Area,Yeshwanthpur,3.0,,92.13,1677.0,3.0,559.0,1.0,1,1
Super built-up Area,Sarjapur  Road,2.0,1.0,67.38,1346.0,2.0,673.0,1.0,0,1
Built-up Area,Electronic City Phase II,2.0,1.0,31.48,1090.0,2.0,545.0,1.0,0,1
Super built-up Area,Kanakapura,2.0,3.0,51.1,1290.0,3.0,430.0,0.6666666666666666,1,1
Super built-up Area,Rajaji Nagar,7.0,,1500.0,7514.0,5.0,1502.8,1.4,0,1
Super built-up Area,Sarjapur  Road,3.0,2.0,145.0,1881.0,3.0,627.0,1.0,1,1
Super built-up Area,Garudachar Palya,2.0,2.0,52.0,1150.0,2.0,575.0,1.0,1,0
Plot Area,2 Bedroom Furnished Farm House in Kolar Road,2.0,2.0,200.0,54450.0,2.0,27225.0,1.0,1,0
Built-up Area,Sarjapur,3.0,2.0,295.0,2690.0,3.0,896.6666666666666,1.0,1,0
Super built-up Area,Kanakpura Road,2.0,2.0,42.0,1200.0,3.0,400.0,0.6666666666666666,1,0
Super built-up Area,Rajapura,2.0,2.0,40.0,933.4454079999999,2.0,466.72270399999996,1.0,1,0
Super built-up Area,Dairy Circle,4.0,2.0,340.0,2735.0,3.0,911.6666666666666,1.3333333333333333,1,1
Built-up Area,Austin Town,2.0,0.0,65.0,950.0,2.0,475.0,1.0,1,0
Built-up Area,Bommasandra Industrial Area,3.0,3.0,40.5,1491.0,3.0,497.0,1.0,1,0
Super built-up Area,Ramamurthy Nagar,2.0,1.0,51.66,1050.0,2.0,525.0,1.0,0,1
Super built-up Area,Hoodi,3.0,2.0,131.0,1660.0,3.0,553.3333333333334,1.0,0,1
Super built-up Area,Nagavarapalya,2.0,2.0,55.0,1134.0,2.0,567.0,1.0,1,0
Built-up Area,Hebbal,2.0,1.0,60.0,1100.0,2.0,550.0,1.0,1,0
Plot Area,Anekal,2.0,1.0,36.1,1200.0,2.0,600.0,1.0,0,0
Plot Area,Nagarbhavi,4.0,3.0,240.0,1200.0,4.0,300.0,1.0,1,0
Plot Area,kg halli jalhalli west,3.0,1.0,80.0,980.0,3.0,326.6666666666667,1.0,1,0
Super built-up Area,Vasatha Vallbha Nagar,2.0,1.0,37.8,1080.0,2.0,540.0,1.0,1,0
Super built-up Area,CV Raman Nagar,2.0,1.0,50.0,705.0,1.0,705.0,2.0,1,1
Super built-up Area,BAGUR ROAD,2.0,2.0,35.0,1200.0,3.0,400.0,0.6666666666666666,1,0
Super built-up Area,Anandapura,2.0,1.0,50.0,1200.0,2.0,600.0,1.0,1,1
Super built-up Area,Talaghattapura,3.0,2.0,127.0,1804.0,3.0,601.3333333333334,1.0,0,1
Built-up Area,Sidedahalli,2.0,0.0,20.0,750.0,2.0,375.0,1.0,1,1
Built-up Area,Malleshwaram,4.0,2.0,252.0,2800.0,4.0,700.0,1.0,1,0
Super built-up Area,Battarahalli,2.0,2.0,38.37,1090.0,2.0,545.0,1.0,0,0
Plot Area,R.T. Nagar,2.0,0.0,230.0,1500.0,2.0,750.0,1.0,1,0
Built-up Area,Electronic City,3.0,1.0,55.0,1287.0,3.0,429.0,1.0,1,1
Super built-up Area,Thigalarapalya,4.0,2.0,157.0,2215.0,3.0,738.3333333333334,1.3333333333333333,1,1
Plot Area,Kadubeesanahalli,4.0,,375.0,2800.0,4.0,700.0,1.0,1,0
Built-up Area,Sarjapur  Road,2.0,2.0,42.15,1045.0,2.0,522.5,1.0,1,1
Super built-up Area,Hormavu,2.0,1.0,47.36,1263.0,2.0,631.5,1.0,0,0
Super built-up Area,Whitefield,3.0,2.0,85.0,1431.0,3.0,477.0,1.0,1,1
Super built-up Area,Dommasandra,2.0,2.0,32.9,999.0,2.0,499.5,1.0,1,0
Super built-up Area,Lavakusha Nagar,3.0,1.0,72.0,1535.0,3.0,511.6666666666667,1.0,1,1
Super built-up Area,Marathahalli,5.0,2.0,180.0,2524.0,4.0,631.0,1.25,0,1
Super built-up Area,Kanakpura Road,3.0,2.0,69.0,1300.0,3.0,433.3333333333333,1.0,0,1
Super built-up Area,7th Phase JP Nagar,3.0,2.0,150.0,2095.0,3.0,698.3333333333334,1.0,1,0
Super built-up Area,Nallurhalli,2.0,2.0,68.0,1265.0,2.0,632.5,1.0,1,1
Super built-up Area,Kudlu Gate,2.0,1.0,44.96,1215.0,2.0,607.5,1.0,1,0
Plot Area,Yelahanka New Town,2.0,0.0,180.0,2200.0,2.0,1100.0,1.0,1,0
Built-up Area,Electronics City Phase 1,2.0,1.0,51.0,1028.0,2.0,514.0,1.0,1,0
Super built-up Area,Hegde Nagar,2.0,,92.0,1835.0,3.0,611.6666666666666,0.6666666666666666,1,1
Super built-up Area,Munnekollal,3.0,3.0,65.0,1800.0,3.0,600.0,1.0,1,0
Super built-up Area,1st Phase JP Nagar,3.0,3.0,175.0,2077.0,3.0,692.3333333333334,1.0,0,1
Plot Area,Sarjapur  Road,3.0,2.0,211.0,2880.0,4.0,720.0,0.75,1,1
Super built-up Area,Dasanapura,2.0,1.0,31.15,708.0,2.0,354.0,1.0,1,1
Super built-up Area,Basavangudi,2.0,3.0,120.0,1200.0,2.0,600.0,1.0,1,0
Built-up Area,Hosakerehalli,2.0,1.0,46.25,925.0,2.0,462.5,1.0,1,0
Built-up Area,Bannerghatta Road,3.0,1.0,148.0,2826.0,3.0,942.0,1.0,0,0
Carpet Area,Kanakpura Road,1.0,0.0,33.66,458.0,1.0,458.0,1.0,0,1
Built-up Area,Annasandrapalya,4.0,0.0,150.0,3500.0,4.0,875.0,1.0,1,0
Plot Area,Bileshivale,4.0,,250.0,5400.0,4.0,1350.0,1.0,1,0
Built-up Area,Amruthahalli,2.0,1.0,90.0,1450.0,3.0,483.3333333333333,0.6666666666666666,1,1
Super built-up Area,Kasavanhalli,2.0,1.0,65.0,1100.0,2.0,550.0,1.0,1,1
Super built-up Area,Kadubeesanahalli,2.0,3.0,55.0,1185.0,2.0,592.5,1.0,1,1
Built-up Area,9th Phase JP Nagar,4.0,2.0,80.0,1900.0,4.0,475.0,1.0,1,0
Plot Area,TC Palaya,2.0,1.0,70.0,1200.0,2.0,600.0,1.0,1,0
Super built-up Area,Shettigere,1.0,1.0,35.0,660.0,1.0,660.0,1.0,0,1
Super built-up Area,Ambedkar Nagar,4.0,2.0,121.0,1920.0,3.0,640.0,1.3333333333333333,1,0
Plot Area,Jalahalli,2.0,0.0,130.0,1200.0,2.0,600.0,1.0,1,0
Built-up Area,Sarjapur  Road,,,222.0,3418.0,4.0,854.5,,1,1
Super built-up Area,1st Phase JP Nagar,2.0,1.0,240.0,4550.0,4.0,1137.5,0.5,1,0
Super built-up Area,Bhoganhalli,2.0,1.0,68.32,1205.0,2.0,602.5,1.0,0,1
Super built-up Area,Haralur Road,2.0,2.0,46.0,1200.0,2.0,600.0,1.0,1,0
Super built-up Area,Akshaya Nagar,2.0,2.0,73.0,1421.0,3.0,473.6666666666667,0.6666666666666666,1,1
Super built-up Area,6th Phase JP Nagar,3.0,3.0,48.9,1250.0,3.0,416.6666666666667,1.0,0,0
Super built-up Area,Whitefield,1.0,1.0,29.0,524.0,1.0,524.0,1.0,0,1
Built-up Area,HSR Layout,5.0,,245.0,4200.0,5.0,840.0,1.0,1,0
Super built-up Area,Thubarahalli,3.0,,90.0,1540.0,3.0,513.3333333333334,1.0,1,1
Super built-up Area,Rachenahalli,2.0,1.0,50.17,985.0,2.0,492.5,1.0,0,1
Built-up Area,Whitefield,4.0,3.0,161.0,2830.0,4.0,707.5,1.0,0,0
Super built-up Area,Byrasandra,2.0,3.0,60.0,1140.0,2.0,570.0,1.0,1,1
Built-up Area,5th Block Hbr Layout,5.0,3.0,130.0,3600.0,5.0,720.0,1.0,1,0
Super built-up Area,Raja Rajeshwari Nagar,2.0,2.0,86.0,1700.0,3.0,566.6666666666666,0.6666666666666666,1,0
Super built-up Area,Devanahalli,2.0,0.0,62.425,1360.0,2.0,680.0,1.0,0,1
Plot Area,Electronic City,3.0,2.0,700.0,1800.0,4.0,450.0,0.75,1,1
Super built-up Area,Dasarahalli,2.0,1.0,86.65,1333.0,2.0,666.5,1.0,0,1
Super built-up Area,Electronic City,2.0,1.0,85.5,1258.0,2.0,629.0,1.0,1,1
Super built-up Area,Dodda Nekkundi Extension,2.0,2.0,87.0,1458.0,3.0,486.0,0.6666666666666666,1,1
Built-up Area,Electronic City,2.0,1.0,85.0,1386.0,2.0,693.0,1.0,1,1
Built-up Area,Electronic City Phase II,2.0,1.0,32.92,1140.0,2.0,570.0,1.0,0,1
Built-up Area,Electronic City,1.0,1.0,27.0,550.0,1.0,550.0,1.0,1,1
Super built-up Area,Lakshminarayana Pura,2.0,3.0,83.0,1200.0,2.0,600.0,1.0,1,1
Super built-up Area,Belathur,2.0,1.0,39.0,1081.0,2.0,540.5,1.0,1,0
Super built-up Area,Whitefield,3.0,2.0,149.0,2135.0,4.0,533.75,0.75,1,1
Built-up Area,Whitefield,4.0,0.0,100.0,2500.0,4.0,625.0,1.0,0,1
Super built-up Area,Pampa Extension,2.0,1.0,80.0,1178.0,2.0,589.0,1.0,1,1
Super built-up Area,Devarachikkanahalli,2.0,2.0,40.0,991.0,2.0,495.5,1.0,1,1
Super built-up Area,Gottigere,2.0,3.0,90.0,1493.0,3.0,497.6666666666667,0.6666666666666666,1,1
Super built-up Area,Subramanyapura,3.0,3.0,130.0,2495.0,3.0,831.6666666666666,1.0,1,1
Super built-up Area,Kammasandra,2.0,1.0,31.99,1080.0,2.0,540.0,1.0,1,0
Super built-up Area,Dasanapura,2.0,1.0,53.0,814.0,2.0,407.0,1.0,1,1
Super built-up Area,Electronic City,2.0,1.0,50.0,1025.0,2.0,512.5,1.0,1,1
Super built-up Area,Whitefield,2.0,3.0,188.0,3075.0,4.0,768.75,0.5,1,1
Super built-up Area,Whitefield,3.0,2.0,160.0,1760.0,3.0,586.6666666666666,1.0,1,1
Super built-up Area,Attur Layout,8.0,1.0,150.0,4000.0,7.0,571.4285714285714,1.1428571428571428,1,0
Built-up Area,Marathahalli,4.0,,350.0,3090.0,4.0,772.5,1.0,1,1
Built-up Area,Varsova Layout,4.0,3.0,295.0,2700.0,4.0,675.0,1.0,1,0
Super built-up Area,Hanumanth Nagar,2.0,2.0,52.86,1175.0,2.0,587.5,1.0,1,1
Super built-up Area,Hebbal,5.0,3.0,364.0,4235.0,4.0,1058.75,1.25,0,1
Super built-up Area,KR Puram,2.0,2.0,45.0,1100.0,2.0,550.0,1.0,1,1
Super built-up Area,Banashankari,2.0,2.0,50.75,1450.0,2.0,725.0,1.0,1,0
Super built-up Area,6th Phase JP Nagar,3.0,3.0,131.0,1810.0,3.0,603.3333333333334,1.0,1,1
Super built-up Area,Gunjur Palya,2.0,3.0,71.0,1426.0,3.0,475.3333333333333,0.6666666666666666,1,0
Built-up Area,Sector 7 HSR Layout,2.0,3.0,195.0,2400.0,3.0,800.0,0.6666666666666666,1,1
Built-up Area,Kalyan nagar,2.0,1.0,70.0,1100.0,2.0,550.0,1.0,1,1
Super built-up Area,Electronic City Phase II,1.0,1.0,35.0,650.0,1.0,650.0,1.0,1,1
Super built-up Area,Kaikondrahalli,2.0,1.0,27.0,900.0,2.0,450.0,1.0,0,0
Super built-up Area,Billekahalli,2.0,3.0,110.0,1360.0,2.0,680.0,1.0,1,1
Super built-up Area,Yeshwanthpur,1.0,1.0,36.85,674.0,1.0,674.0,1.0,1,1
Super built-up Area,Whitefield,3.0,2.0,110.0,1655.0,3.0,551.6666666666666,1.0,0,1
Plot Area,Cholanayakanahalli,2.0,2.0,95.0,1300.0,2.0,650.0,1.0,1,0
Built-up Area,"Panathur Road,",1.0,0.0,53.0,936.0,1.0,936.0,1.0,0,0
Super built-up Area,Kaverappa Layout,2.0,2.0,92.0,1277.0,2.0,638.5,1.0,1,1
Super built-up Area,Gkvk Layout,2.0,1.0,54.0,1200.0,2.0,600.0,1.0,1,0
Super built-up Area,Hormavu,2.0,1.0,39.08,1015.0,2.0,507.5,1.0,1,0
Super built-up Area,Budigere,2.0,2.0,60.0,1153.0,2.0,576.5,1.0,1,1
Super built-up Area,Kengeri,2.0,1.0,51.5,1035.0,2.0,517.5,1.0,1,0
Built-up Area,KR Puram,3.0,1.0,255.0,3300.0,5.0,660.0,0.6,1,1
Super built-up Area,Uttarahalli,2.0,1.0,46.0,1150.0,2.0,575.0,1.0,1,0
Super built-up Area,Malleshwaram,2.0,1.0,80.0,1020.0,2.0,510.0,1.0,1,0
Super built-up Area,Old Madras Road,6.0,0.0,212.5,3715.0,4.0,928.75,1.5,0,1
Super built-up Area,8th Phase JP Nagar,2.0,1.0,95.0,1160.0,2.0,580.0,1.0,1,1
Built-up Area,Brookefield,2.0,2.0,72.0,1225.0,2.0,612.5,1.0,1,1
Plot Area,Benson Town,5.0,3.0,950.0,5000.0,4.0,1250.0,1.25,1,1
Plot Area,Vivek Nagar,2.0,1.0,160.0,1600.0,2.0,800.0,1.0,1,0
Plot Area,Malleshwaram,1.0,0.0,90.0,600.0,2.0,300.0,0.5,1,0
Built-up Area,Nagappa Reddy Layout,3.0,2.0,60.0,1350.0,3.0,450.0,1.0,1,1
Super built-up Area,Kanakpura Road,3.0,1.0,69.0,1300.0,3.0,433.3333333333333,1.0,0,1
Super built-up Area,Channasandra,2.0,1.0,36.28,830.0,2.0,415.0,1.0,0,1
Super built-up Area,Hennur Road,2.0,1.0,69.18,1155.0,2.0,577.5,1.0,1,1
Super built-up Area,Sarakki Nagar,5.0,3.0,345.0,3126.0,4.0,781.5,1.25,1,1
Super built-up Area,Jalahalli,2.0,2.0,55.0,905.0,2.0,452.5,1.0,1,1
Super built-up Area,Vijayanagar,2.0,0.0,75.0,1375.0,3.0,458.3333333333333,0.6666666666666666,1,1
Super built-up Area,Electronic City,2.0,2.0,33.84,1140.0,2.0,570.0,1.0,0,0
Super built-up Area,Hormavu,2.0,2.0,60.0,1550.0,3.0,516.6666666666666,0.6666666666666666,1,0
Super built-up Area,Kannamangala,2.0,1.0,55.0,957.0,2.0,478.5,1.0,1,1
Built-up Area,9th Phase JP Nagar,2.0,2.0,45.0,890.0,2.0,445.0,1.0,1,1
Super built-up Area,KR Puram,4.0,2.0,235.0,3000.0,4.0,750.0,1.0,1,1
Plot Area,Bendiganahalli,5.0,1.0,150.0,2400.0,5.0,480.0,1.0,1,1
Plot Area,Domlur Layout,4.0,2.0,595.0,2400.0,4.0,600.0,1.0,1,0
Super built-up Area,Rachenahalli,2.0,1.0,37.0,925.0,2.0,462.5,1.0,1,1
Built-up Area,Kammasandra,2.0,2.0,60.0,1415.0,2.0,707.5,1.0,1,1
Plot Area,Mylasandra,2.0,0.0,80.0,500.0,1.0,500.0,2.0,1,0
Super built-up Area,Thanisandra,2.0,1.0,37.0,1225.0,2.0,612.5,1.0,1,1
Built-up Area,Hennur Road,4.0,0.0,90.0,2000.0,4.0,500.0,1.0,1,0
Super built-up Area,Whitefield,1.0,1.0,57.0,840.0,1.0,840.0,1.0,0,1
Super built-up Area,Thanisandra,3.0,1.0,112.0,1732.0,3.0,577.3333333333334,1.0,0,1
Plot Area,Parappana Agrahara,1.0,0.0,45.0,1200.0,1.0,1200.0,1.0,1,0
Super built-up Area,Bhoganhalli,2.0,1.0,69.9,1260.0,2.0,630.0,1.0,1,1
Super built-up Area,Doddanakundi Industrial Area 2,2.0,1.0,49.0,1092.0,2.0,546.0,1.0,1,0
Super built-up Area,Kachanayakanahalli,2.0,0.0,34.0,827.0,2.0,413.5,1.0,1,1
Super built-up Area,Chamrajpet,1.0,1.0,40.0,650.0,2.0,325.0,0.5,1,0
Super built-up Area,7th Phase JP Nagar,2.0,1.0,54.79,1370.0,3.0,456.6666666666667,0.6666666666666666,1,1
Super built-up Area,Whitefield,3.0,2.0,106.0,1725.0,3.0,575.0,1.0,1,1
Built-up Area,Jalahalli,2.0,0.0,70.0,1000.0,2.0,500.0,1.0,1,0
Plot Area,TC Palaya,1.0,0.0,55.0,1350.0,1.0,1350.0,1.0,1,0
Plot Area,7th Phase JP Nagar,4.0,2.0,350.0,3200.0,4.0,800.0,1.0,1,0
Super built-up Area,Bellandur,3.0,2.0,110.0,1717.0,3.0,572.3333333333334,1.0,1,0
Super built-up Area,Kanakpura Road,2.0,1.0,34.0,700.0,2.0,350.0,1.0,0,1
Super built-up Area,Shanthi Pura,2.0,1.0,32.0,800.0,2.0,400.0,1.0,1,1
Super built-up Area,Rajaji Nagar,4.0,3.0,340.0,2367.0,3.0,789.0,1.3333333333333333,1,1
Super built-up Area,Sonnenahalli,2.0,1.0,65.0,1415.0,3.0,471.6666666666667,0.6666666666666666,1,1
Super built-up Area,7th Phase JP Nagar,3.0,1.0,145.0,1976.0,3.0,658.6666666666666,1.0,0,1
Super built-up Area,Kambipura,2.0,1.0,37.01,883.0,2.0,441.5,1.0,1,0
Super built-up Area,Yelahanka,1.0,1.0,38.0,700.0,1.0,700.0,1.0,1,1
Super built-up Area,Sarjapur,3.0,1.0,50.0,1445.0,3.0,481.6666666666667,1.0,1,1
Super built-up Area,Battarahalli,3.0,2.0,104.0,2082.0,3.0,694.0,1.0,0,1
Super built-up Area,Thanisandra,2.0,1.0,66.0,933.0,2.0,466.5,1.0,1,1
Built-up Area,Electronic City Phase II,2.0,1.0,57.0,1155.0,2.0,577.5,1.0,1,0
Super built-up Area,Bannerghatta,2.0,2.0,73.2,1200.0,2.0,600.0,1.0,1,0
Super built-up Area,Basaveshwara Nagar Yelahanka,2.0,1.0,43.0,1055.0,2.0,527.5,1.0,1,0
Super built-up Area,Rajaji Nagar,3.0,2.0,125.0,1555.0,3.0,518.3333333333334,1.0,1,1
Super built-up Area,Bellandur,3.0,2.0,62.0,1420.0,3.0,473.3333333333333,1.0,1,1
Super built-up Area,Viviani Road,3.0,2.0,350.0,2214.0,3.0,738.0,1.0,0,0
Super built-up Area,Devanahalli,1.0,1.0,26.91,658.0,1.0,658.0,1.0,0,1
Carpet Area,Bhoganhalli,2.0,1.0,78.74,896.9,2.0,448.45,1.0,0,1
Plot Area,Giri Nagar,3.0,2.0,750.0,4000.0,4.0,1000.0,0.75,1,0
Built-up Area,KR Puram,2.0,2.0,40.0,1035.0,2.0,517.5,1.0,1,1
Plot Area,Whitefield,5.0,2.0,225.0,2064.0,4.0,516.0,1.25,1,1
Super built-up Area,Keshava Nagar,3.0,3.0,160.0,1839.0,3.0,613.0,1.0,1,1
Built-up Area,Yelahanka New Town,1.0,1.0,20.0,488.0,1.0,488.0,1.0,1,1
Built-up Area,Banashankari Stage II,2.0,1.0,198.0,1200.0,3.0,400.0,0.6666666666666666,1,0
Built-up Area,Sampangirama Nagar,5.0,,140.0,2760.0,5.0,552.0,1.0,1,0
Super built-up Area,Gunjur Palya,2.0,2.0,42.0,993.0,2.0,496.5,1.0,1,1
Super built-up Area,Hoodi,2.0,1.0,45.0,1225.0,2.0,612.5,1.0,1,1
Built-up Area,Sompura,2.0,1.0,32.0,825.0,2.0,412.5,1.0,1,1
Super built-up Area,Bellandur,4.0,2.0,359.0,3596.0,4.0,899.0,1.0,1,0
Super built-up Area,Electronic City Phase II,3.0,3.0,92.0,1800.0,3.0,600.0,1.0,1,1
Super built-up Area,Shankarapuram,2.0,1.0,100.0,925.0,2.0,462.5,1.0,1,0
Super built-up Area,Kanakpura Road,2.0,1.0,63.0,1167.0,2.0,583.5,1.0,0,1
Super built-up Area,Sarjapur,2.0,1.0,41.0,1150.0,2.0,575.0,1.0,1,0
Super built-up Area,Byatarayanapura,1.0,1.0,50.0,650.0,1.0,650.0,1.0,0,1
Built-up Area,Sarjapur  Road,1.0,1.0,27.0,675.0,1.0,675.0,1.0,1,1
Plot Area,Doctor Layout Rayasandra,3.0,1.0,90.0,2260.0,2.0,1130.0,1.5,1,0
Super built-up Area,Anwar Layout,1.0,0.0,32.39,720.0,1.0,720.0,1.0,0,1
Plot Area,Whitefield,4.0,2.0,600.0,4800.0,3.0,1600.0,1.3333333333333333,1,1
Super built-up Area,Yelahanka New Town,2.0,1.0,58.0,1100.0,2.0,550.0,1.0,1,0
Super built-up Area,Uttarahalli,2.0,1.0,58.0,1330.0,3.0,443.3333333333333,0.6666666666666666,1,1
Super built-up Area,Ulsoor,4.0,2.0,185.0,1685.0,3.0,561.6666666666666,1.3333333333333333,1,0
Super built-up Area,Ullal Uppanagar,5.0,2.0,75.0,2400.0,6.0,400.0,0.8333333333333334,1,0
Super built-up Area,Banashankari,3.0,3.0,108.0,1770.0,3.0,590.0,1.0,0,1
Super built-up Area,Prithvi Layout,3.0,3.0,125.0,2100.0,3.0,700.0,1.0,1,1
Super built-up Area,Pai Layout,2.0,3.0,42.0,1000.0,2.0,500.0,1.0,1,0
Plot Area,Ramamurthy Nagar,5.0,1.0,230.0,2916.0,4.0,729.0,1.25,1,0
Super built-up Area,Kanakpura Road,2.0,1.0,65.0,1419.59,3.0,473.19666666666666,0.6666666666666666,1,1
Super built-up Area,Kodihalli,3.0,,81.0,1400.0,3.0,466.6666666666667,1.0,1,1
Built-up Area,Horamavu Agara,2.0,1.0,37.49,750.0,2.0,375.0,1.0,1,0
Super built-up Area,Bannerghatta,2.0,1.0,87.0,1070.0,2.0,535.0,1.0,1,0
Super built-up Area,Kannamangala,3.0,1.0,107.0,1536.0,3.0,512.0,1.0,0,1
Built-up Area,Koramangala,3.0,2.0,210.0,1710.0,3.0,570.0,1.0,1,1
Carpet Area,JP Nagar,3.0,3.0,196.0,2400.0,3.0,800.0,1.0,1,1
Super built-up Area,Sarjapur  Road,,,102.92,1773.5,3.0,591.1666666666666,,0,1
Super built-up Area,Electronic City,2.0,1.0,72.0,1342.0,2.0,671.0,1.0,0,1
Super built-up Area,Chandra Layout,3.0,2.0,130.0,1600.0,3.0,533.3333333333334,1.0,1,0
Super built-up Area,Kanakapura,1.0,1.0,50.0,938.0,1.0,938.0,1.0,0,1
Super built-up Area,Budigere,3.0,2.0,99.0,1820.0,3.0,606.6666666666666,1.0,1,1
Super built-up Area,Bhoganhalli,4.0,3.0,170.0,2439.0,4.0,609.75,1.0,1,1
Super built-up Area,Kanakpura Road,3.0,2.0,78.0,1665.0,3.0,555.0,1.0,1,1
Super built-up Area,Basavangudi,3.0,2.0,150.0,1850.0,3.0,616.6666666666666,1.0,1,0
Built-up Area,Bommanahalli,2.0,1.0,40.0,1091.0,2.0,545.5,1.0,1,1
Super built-up Area,Sarjapur  Road,2.0,1.0,74.03,1346.0,2.0,673.0,1.0,0,1
Super built-up Area,Rajaji Nagar,3.0,2.0,224.0,1720.0,3.0,573.3333333333334,1.0,1,1
Built-up Area,Brookefield,4.0,3.0,176.0,3675.0,4.0,918.75,1.0,1,1
Super built-up Area,JP Nagar,2.0,2.0,33.95,1060.0,2.0,530.0,1.0,0,0
Built-up Area,Whitefield,2.0,1.0,57.0,1059.0,2.0,529.5,1.0,0,0
Super built-up Area,Hebbal,2.0,1.0,97.0,1299.0,2.0,649.5,1.0,1,1
Super built-up Area,Yelahanka,3.0,2.0,85.0,1491.0,3.0,497.0,1.0,1,1
Built-up Area,Basaveshwara Nagar,2.0,2.0,85.0,1200.0,2.0,600.0,1.0,1,0
Built-up Area,Yelahanka,5.0,0.0,110.0,2088.0,4.0,522.0,1.25,1,0
Super built-up Area,Hulimavu,1.0,1.0,29.0,581.0,1.0,581.0,1.0,1,0
Super built-up Area,Devarabeesana Halli,2.0,2.0,70.0,1296.0,2.0,648.0,1.0,1,0
Super built-up Area,Doctors Layout,2.0,1.0,55.0,1125.0,2.0,562.5,1.0,1,1
Built-up Area,Electronic City,3.0,1.0,70.0,1275.0,3.0,425.0,1.0,1,1
Super built-up Area,Kothanur,2.0,2.0,55.0,1095.0,2.0,547.5,1.0,1,0
Plot Area,Sarjapur  Road,4.0,2.0,975.0,10000.0,5.0,2000.0,0.8,1,1
Super built-up Area,Old Madras Road,2.0,2.0,74.0,1330.0,2.0,665.0,1.0,1,1
Super built-up Area,Marathahalli,2.0,2.0,60.0,1135.0,2.0,567.5,1.0,1,0
Super built-up Area,Whitefield,1.0,1.0,39.0,516.0,1.0,516.0,1.0,1,0
Super built-up Area,Doddanakundi Industrial Area 2,2.0,1.0,51.0,1194.0,2.0,597.0,1.0,1,0
Plot Area,Banaswadi,5.0,,240.0,2250.0,5.0,450.0,1.0,1,0
Super built-up Area,Electronic City,1.0,1.0,38.0,770.0,2.0,385.0,0.5,1,1
Super built-up Area,Sarjapur  Road,5.0,2.0,330.0,3930.0,4.0,982.5,1.25,1,1
Super built-up Area,Chikkalasandra,3.0,2.0,54.2,1355.0,3.0,451.6666666666667,1.0,0,0
Built-up Area,Abbigere,8.0,0.0,150.0,3000.0,8.0,375.0,1.0,1,0
Built-up Area,Harlur,4.0,1.0,175.0,2569.0,4.0,642.25,1.0,1,1
Built-up Area,Hebbal,4.0,2.0,450.0,3758.0,4.0,939.5,1.0,1,0
Super built-up Area,Bhoganhalli,3.0,2.0,115.0,1707.0,3.0,569.0,1.0,1,1
Super built-up Area,Sultan Palaya,2.0,2.0,49.0,1070.0,2.0,535.0,1.0,1,0
Built-up Area,Whitefield,4.0,,410.0,6000.0,4.0,1500.0,1.0,1,0
Super built-up Area,Tumkur Road,2.0,1.0,83.0,1240.0,3.0,413.3333333333333,0.6666666666666666,0,1
Super built-up Area,JP Nagar,2.0,1.0,91.65,1300.0,2.0,650.0,1.0,0,1
Super built-up Area,Ambalipura,2.0,2.0,76.0,1700.0,2.0,850.0,1.0,1,1
Super built-up Area,Yeshwanthpur,2.0,2.0,76.18,1383.0,3.0,461.0,0.6666666666666666,1,1
Built-up Area,Banashankari Stage I,4.0,3.0,170.0,3000.0,5.0,600.0,0.8,1,0
Super built-up Area,Hulimavu,2.0,3.0,45.0,935.0,2.0,467.5,1.0,1,0
Super built-up Area,Thigalarapalya,4.0,2.0,151.0,2072.0,3.0,690.6666666666666,1.3333333333333333,1,1
Built-up Area,Ramanjaneyanagar,3.0,1.0,225.0,2200.0,4.0,550.0,0.75,1,0
Super built-up Area,KR Puram,2.0,1.0,45.0,1116.0,2.0,558.0,1.0,1,1
Super built-up Area,Whitefield,3.0,2.0,107.0,1639.0,3.0,546.3333333333334,1.0,0,1
Super built-up Area,Marathahalli,3.0,2.0,130.0,1839.0,3.0,613.0,1.0,1,0
Super built-up Area,Byatarayanapura,2.0,2.0,63.0,1300.0,2.0,650.0,1.0,1,0
Super built-up Area,Horamavu Agara,1.0,1.0,27.0,625.0,1.0,625.0,1.0,1,0
Super built-up Area,Thanisandra,1.0,1.0,61.0,933.0,1.0,933.0,1.0,0,1
Super built-up Area,Hosur Road,3.0,3.0,180.0,2289.0,3.0,763.0,1.0,1,1
Built-up Area,Ramamurthy Nagar,3.0,0.0,125.0,2316.0,3.0,772.0,1.0,1,0
Super built-up Area,Electronic City,2.0,1.0,39.77,1005.0,2.0,502.5,1.0,0,0
Built-up Area,Horamavu Agara,2.0,1.0,38.0,1080.0,2.0,540.0,1.0,1,1
Super built-up Area,Vishwapriya Layout,2.0,3.0,36.0,910.0,2.0,455.0,1.0,1,1
Plot Area,Hormavu,2.0,0.0,73.0,1200.0,2.0,600.0,1.0,1,1
Super built-up Area,Electronic City,2.0,1.0,39.9,1110.0,2.0,555.0,1.0,1,1
Super built-up Area,Kothanur,2.0,2.0,56.0,1142.0,2.0,571.0,1.0,1,0
Carpet Area,2nd Stage Nagarbhavi,4.0,3.0,240.0,4000.0,5.0,800.0,0.8,1,0
Plot Area,Hormavu,3.0,1.0,204.0,1800.0,3.0,600.0,1.0,0,1
Super built-up Area,AECS Layout,2.0,1.0,55.0,1005.0,2.0,502.5,1.0,1,1
Built-up Area,3rd Block Banashankari,3.0,1.0,133.0,1626.6,3.0,542.1999999999999,1.0,0,0
Super built-up Area,Kothanur,2.0,2.0,54.0,1074.0,2.0,537.0,1.0,1,0
Carpet Area,Basavangudi,2.0,0.0,80.0,1230.0,2.0,615.0,1.0,1,0
Super built-up Area,Electronic City,1.0,1.0,23.0,660.0,2.0,330.0,0.5,1,1
Built-up Area,Coconut Grove Layout,2.0,2.0,48.0,1007.0,2.0,503.5,1.0,1,0
Built-up Area,Whitefield,3.0,2.0,113.0,1820.0,3.0,606.6666666666666,1.0,0,0
Plot Area,Anjappa Layout,2.0,0.0,100.0,1348.0,2.0,674.0,1.0,1,0
Super built-up Area,Kasavanhalli,2.0,2.0,66.25,1230.0,2.0,615.0,1.0,1,0
Super built-up Area,Horamavu Agara,2.0,1.0,37.62,1176.0,3.0,392.0,0.6666666666666666,0,0
Built-up Area,Frazer Town,2.0,1.0,78.0,1200.0,2.0,600.0,1.0,1,0
Built-up Area,"Off Sarjapur Road,",2.0,1.0,65.0,1298.0,2.0,649.0,1.0,0,0
Plot Area,Himagiri Meadows,4.0,0.0,175.0,1350.0,4.0,337.5,1.0,1,0
Super built-up Area,Kothanur,2.0,1.0,60.0,1285.0,2.0,642.5,1.0,1,0
Super built-up Area,Electronic City,3.0,2.0,92.59,1644.0,3.0,548.0,1.0,0,1
Super built-up Area,Kasavanhalli,3.0,1.0,150.0,1819.0,3.0,606.3333333333334,1.0,1,0
Super built-up Area,1st Phase JP Nagar,2.0,1.0,85.0,1205.0,2.0,602.5,1.0,1,1
Super built-up Area,Raja Rajeshwari Nagar,2.0,2.0,62.0,1270.0,2.0,635.0,1.0,1,1
Super built-up Area,9th Phase JP Nagar,2.0,2.0,39.89,1240.0,3.0,413.3333333333333,0.6666666666666666,0,0
Super built-up Area,Jigani,3.0,3.0,70.0,1221.0,3.0,407.0,1.0,1,1
Super built-up Area,Kanakpura Road,2.0,2.0,63.0,1339.0,2.0,669.5,1.0,1,1
Super built-up Area,Thigalarapalya,5.0,,300.0,4303.0,4.0,1075.75,1.25,1,1
Super built-up Area,Haralur Road,2.0,1.0,85.0,1315.0,2.0,657.5,1.0,1,1
Super built-up Area,Raja Rajeshwari Nagar,2.0,2.0,68.0,1250.0,2.0,625.0,1.0,1,0
Super built-up Area,Bisuvanahalli,2.0,1.0,27.0,850.0,2.0,425.0,1.0,1,1
Super built-up Area,7th Phase JP Nagar,2.0,2.0,110.0,1600.0,3.0,533.3333333333334,0.6666666666666666,1,1
Built-up Area,Electronic City,2.0,1.0,62.0,1250.0,2.0,625.0,1.0,1,1
Super built-up Area,Motappa Layout,2.0,1.0,56.5,1312.0,3.0,437.3333333333333,0.6666666666666666,1,1
Super built-up Area,Kadugodi,4.0,0.0,134.0,3000.0,4.0,750.0,1.0,1,1
Built-up Area,Electronic City Phase II,2.0,2.0,28.0,1300.0,2.0,650.0,1.0,1,1
Built-up Area,Whitefield,3.0,3.0,98.0,1990.0,3.0,663.3333333333334,1.0,1,0
Super built-up Area,Medahalli,2.0,2.0,38.5,760.0,2.0,380.0,1.0,1,0
Plot Area,Ambedkar Nagar,4.0,2.0,536.0,5000.0,4.0,1250.0,1.0,1,1
Super built-up Area,Kadugodi,2.0,2.0,59.0,1614.0,3.0,538.0,0.6666666666666666,1,1
Plot Area,Judicial Layout,3.0,2.0,162.0,1500.0,4.0,375.0,0.75,1,0
Super built-up Area,Basava Nagar,2.0,1.0,60.1,1182.0,3.0,394.0,0.6666666666666666,1,1
Super built-up Area,Avalahalli,2.0,1.0,46.29,1053.0,2.0,526.5,1.0,1,1
Built-up Area,6th Phase JP Nagar,1.0,1.0,105.0,750.0,1.0,750.0,1.0,1,0
Super built-up Area,Gubbalala,3.0,3.0,125.0,2000.0,3.0,666.6666666666666,1.0,1,1
Built-up Area,Electronic City Phase II,4.0,3.0,116.0,1940.0,3.0,646.6666666666666,1.3333333333333333,0,1
Super built-up Area,Hennur Road,3.0,2.0,105.0,1590.0,3.0,530.0,1.0,0,1
Super built-up Area,Chennammana Kere,2.0,2.0,52.79,1035.0,2.0,517.5,1.0,0,0
Super built-up Area,Kothanur,2.0,2.0,53.0,1075.0,2.0,537.5,1.0,1,0
Super built-up Area,Raja Rajeshwari Nagar,2.0,1.0,62.0,1260.0,3.0,420.0,0.6666666666666666,1,1
Super built-up Area,Thanisandra,3.0,2.0,107.0,1702.0,3.0,567.3333333333334,1.0,1,1
Super built-up Area,Bisuvanahalli,2.0,2.0,65.0,1080.0,3.0,360.0,0.6666666666666666,1,1
Built-up Area,Kasavanhalli,2.0,1.0,45.0,1189.0,2.0,594.5,1.0,1,0
Super built-up Area,Tumkur Road,2.0,1.0,39.0,1035.0,2.0,517.5,1.0,1,1
Super built-up Area,Hennur Road,2.0,1.0,36.0,1200.0,2.0,600.0,1.0,0,1
Plot Area,Mahalakshmi Layout,6.0,2.0,852.0,4482.0,8.0,560.25,0.75,1,0
Plot Area,Michael Palaya,3.0,0.0,200.0,1200.0,3.0,400.0,1.0,1,0
Super built-up Area,Kanakpura Road,3.0,1.0,69.0,1300.0,3.0,433.3333333333333,1.0,0,1
Super built-up Area,Yelahanka,2.0,1.0,93.65,1330.0,2.0,665.0,1.0,0,1
Super built-up Area,Kaggalipura,2.0,1.0,65.0,1210.0,3.0,403.3333333333333,0.6666666666666666,1,1
Built-up Area,Chikkalasandra,2.0,2.0,54.2,1350.0,3.0,450.0,0.6666666666666666,1,0
Super built-up Area,Kaval Byrasandra,2.0,2.0,65.0,1900.0,3.0,633.3333333333334,0.6666666666666666,1,1
Super built-up Area,Ambedkar Nagar,4.0,2.0,125.0,1935.0,3.0,645.0,1.3333333333333333,1,1
Super built-up Area,Doddanakundi Industrial Area 2,3.0,3.0,90.0,1410.0,3.0,470.0,1.0,1,1
Super built-up Area,Narayanapura,2.0,2.0,99.14,1469.0,2.0,734.5,1.0,1,1
Super built-up Area,Varthur,2.0,1.0,30.0,986.0,2.0,493.0,1.0,1,1
Super built-up Area,RBI Layout,2.0,2.0,87.0,1460.0,3.0,486.6666666666667,0.6666666666666666,1,1
Super built-up Area,Chandapura,2.0,2.0,39.5,1345.0,3.0,448.3333333333333,0.6666666666666666,1,1
Super built-up Area,Panathur,2.0,1.0,57.0,980.0,2.0,490.0,1.0,1,1
Built-up Area,Kudlu Gate,2.0,2.0,75.0,1164.0,2.0,582.0,1.0,1,1
Super built-up Area,Subramanyapura,1.0,2.0,51.0,929.0,2.0,464.5,0.5,1,1
Built-up Area,Kundalahalli,2.0,1.0,70.0,1065.0,2.0,532.5,1.0,1,0
Super built-up Area,Budigere,2.0,0.0,56.725,1172.0,2.0,586.0,1.0,0,1
Super built-up Area,Lakshmiamma Garden,3.0,1.0,265.0,3000.0,3.0,1000.0,1.0,1,0
Super built-up Area,Electronic City,2.0,1.0,30.27,1020.0,2.0,510.0,1.0,0,0
Super built-up Area,Gunjur,3.0,1.0,62.63,1362.0,3.0,454.0,1.0,1,1
Super built-up Area,Yeshwanthpur,1.0,1.0,36.85,672.0,1.0,672.0,1.0,1,1
Super built-up Area,Brookefield,3.0,3.0,115.0,1746.0,3.0,582.0,1.0,1,1
Super built-up Area,Harlur,2.0,1.0,65.0,1532.0,2.0,766.0,1.0,1,1
Super built-up Area,Guni Agrahara,2.0,2.0,120.0,1200.0,3.0,400.0,0.6666666666666666,1,0
Super built-up Area,Ganga Nagar,2.0,2.0,65.0,1250.0,2.0,625.0,1.0,1,1
Super built-up Area,Thanisandra,2.0,1.0,39.0,1188.0,2.0,594.0,1.0,1,1
Built-up Area,Whitefield,4.0,0.0,218.0,3565.0,4.0,891.25,1.0,0,1
Super built-up Area,Marathahalli,2.0,2.0,85.0,1170.0,2.0,585.0,1.0,0,1
Super built-up Area,BEL Road,3.0,2.0,150.0,1800.0,3.0,600.0,1.0,1,0
Plot Area,Madavara,2.0,1.0,35.0,1000.0,2.0,500.0,1.0,1,0
Plot Area,Cooke Town,3.0,1.0,375.0,2600.0,3.0,866.6666666666666,1.0,1,0
Super built-up Area,Kasturi Nagar,4.0,2.0,155.0,2507.0,4.0,626.75,1.0,1,1
Super built-up Area,Babusapalaya,2.0,1.0,34.0,1061.0,2.0,530.5,1.0,1,1
Super built-up Area,KR Puram,2.0,2.0,69.0,1290.0,2.0,645.0,1.0,1,0
Super built-up Area,Sarjapur,2.0,1.0,42.6,1200.0,2.0,600.0,1.0,1,0
Super built-up Area,Bharathi Nagar,2.0,2.0,39.29,1120.0,2.0,560.0,1.0,0,0
Super built-up Area,Electronic City,1.0,1.0,12.0,418.0,1.0,418.0,1.0,1,0
Super built-up Area,Sarjapur,3.0,1.0,50.0,1333.0,3.0,444.3333333333333,1.0,1,1
Super built-up Area,Thanisandra,1.0,0.0,34.355,747.0,1.0,747.0,1.0,0,1
Super built-up Area,Koramangala,3.0,3.0,250.0,1700.0,3.0,566.6666666666666,1.0,1,0
Super built-up Area,Thanisandra,4.0,1.0,125.0,2030.0,3.0,676.6666666666666,1.3333333333333333,0,1
Super built-up Area,Balagere,2.0,1.0,70.0,1012.0,2.0,506.0,1.0,0,1
Carpet Area,Kudlu,2.0,1.0,60.0,1245.0,3.0,415.0,0.6666666666666666,1,0
Super built-up Area,7th Phase JP Nagar,3.0,2.0,118.0,1765.0,3.0,588.3333333333334,1.0,1,1
Super built-up Area,Gottigere,2.0,2.0,36.25,1110.0,2.0,555.0,1.0,1,1
Built-up Area,Akash Nagar,2.0,1.0,47.8,967.0,2.0,483.5,1.0,1,0
Super built-up Area,Sarjapur,2.0,2.0,36.0,1044.0,2.0,522.0,1.0,1,1
Super built-up Area,Brookefield,3.0,3.0,80.0,1518.0,3.0,506.0,1.0,1,1
Super built-up Area,KR Puram,2.0,2.0,57.0,1300.0,3.0,433.3333333333333,0.6666666666666666,1,1
Super built-up Area,Seetharampalya,3.0,3.0,73.0,1798.0,3.0,599.3333333333334,1.0,1,1
Carpet Area,KR Puram,2.0,0.0,36.38,866.28,2.0,433.14,1.0,1,1
Super built-up Area,Whitefield,5.0,3.0,253.0,3410.0,4.0,852.5,1.25,0,1
Super built-up Area,Singasandra,2.0,2.0,56.0,1179.0,2.0,589.5,1.0,1,1
Super built-up Area,Rajaji Nagar,5.0,,510.0,3600.0,5.0,720.0,1.0,1,1
Super built-up Area,Cambridge Layout,3.0,1.0,210.0,2098.0,3.0,699.3333333333334,1.0,1,0
Super built-up Area,3rd Phase JP Nagar,3.0,1.0,270.0,2400.0,3.0,800.0,1.0,1,0
Built-up Area,Haralur Road,3.0,2.0,92.0,1976.0,3.0,658.6666666666666,1.0,1,0
Built-up Area,5th Phase JP Nagar,2.0,2.0,61.8,1190.0,2.0,595.0,1.0,1,1
Super built-up Area,cooketown,3.0,3.0,192.0,1800.0,3.0,600.0,1.0,1,0
Super built-up Area,Jakkur,3.0,1.0,84.52,1761.0,3.0,587.0,1.0,0,1
Super built-up Area,Cooke Town,3.0,3.0,120.0,1700.0,3.0,566.6666666666666,1.0,1,0
Super built-up Area,Electronic City,2.0,1.0,64.8,1128.0,2.0,564.0,1.0,0,1
Built-up Area,Electronic City,2.0,1.0,35.25,1220.0,3.0,406.6666666666667,0.6666666666666666,0,0
Super built-up Area,Shauhardha Layout,1.0,1.0,20.0,509.0,1.0,509.0,1.0,0,1
Super built-up Area,Ambedkar Nagar,4.0,2.0,122.0,1852.0,3.0,617.3333333333334,1.3333333333333333,1,1
Super built-up Area,Varthur,2.0,1.0,40.65,1045.0,2.0,522.5,1.0,0,1
Super built-up Area,Kaverappa Layout,4.0,2.0,215.0,3535.0,4.0,883.75,1.0,1,1
Super built-up Area,Omkar Nagar,3.0,2.0,82.0,1800.0,4.0,450.0,0.75,1,1
Super built-up Area,Hebbal Kempapura,2.0,2.0,75.0,1436.0,3.0,478.6666666666667,0.6666666666666666,1,0
Super built-up Area,Chikkadunnasandra,2.0,,52.0,1397.0,3.0,465.6666666666667,0.6666666666666666,1,1
Super built-up Area,Kothanur,2.0,2.0,56.0,1140.0,2.0,570.0,1.0,1,0
Super built-up Area,Balagere,1.0,1.0,55.0,645.0,1.0,645.0,1.0,0,1
Plot Area,Bank Of Baroda Colony,5.0,,325.0,2350.0,5.0,470.0,1.0,1,0
Plot Area,Nagarbhavi,3.0,2.0,225.0,1200.0,3.0,400.0,1.0,0,0
Carpet Area,Bhoopsandra,3.0,2.0,135.0,2050.0,3.0,683.3333333333334,1.0,1,1
Super built-up Area,Sarjapur  Road,2.0,1.0,95.0,1335.0,2.0,667.5,1.0,1,1
Plot Area,Thirumenahalli,1.0,1.0,200.0,2100.0,2.0,1050.0,0.5,1,0
Super built-up Area,Thanisandra,2.0,1.0,59.0,1140.0,2.0,570.0,1.0,1,1
Super built-up Area,Hosakerehalli,3.0,1.0,240.0,2376.0,3.0,792.0,1.0,1,1
Super built-up Area,Thanisandra,1.0,1.0,46.0,663.0,1.0,663.0,1.0,0,1
Super built-up Area,Victoria Layout,2.0,0.0,146.0,1276.0,2.0,638.0,1.0,1,0
Super built-up Area,Kanakpura Road,3.0,3.0,60.9,1450.0,3.0,483.3333333333333,1.0,1,1
Super built-up Area,Kodichikkanahalli,3.0,3.0,66.0,1400.0,3.0,466.6666666666667,1.0,1,0
Super built-up Area,Divya Unnathi Layout,2.0,1.0,53.56,1339.0,2.0,669.5,1.0,0,0
Built-up Area,Electronic City,2.0,1.0,35.23,1220.0,3.0,406.6666666666667,0.6666666666666666,0,0
Built-up Area,Malleshwaram,3.0,2.0,275.0,2200.0,3.0,733.3333333333334,1.0,1,1
Built-up Area,Harohalli,2.0,2.0,52.0,1305.0,2.0,652.5,1.0,1,0
Built-up Area,Green Glen Layout,3.0,3.0,80.0,1740.0,3.0,580.0,1.0,1,1
Super built-up Area,Anekal,1.0,1.0,21.0,680.0,2.0,340.0,0.5,1,0
Super built-up Area,Bannerghatta Road,2.0,2.0,47.0,1154.0,2.0,577.0,1.0,1,0
Built-up Area,Munnekollal,2.0,2.0,40.0,1200.0,2.0,600.0,1.0,1,0
Super built-up Area,Hennur,2.0,2.0,54.5,1155.0,2.0,577.5,1.0,1,0
Super built-up Area,Sarjapur  Road,2.0,3.0,63.0,1525.0,3.0,508.3333333333333,0.6666666666666666,1,1
Built-up Area,Giri Nagar,1.0,1.0,125.0,600.0,1.0,600.0,1.0,1,0
Super built-up Area,Hebbal,5.0,2.0,192.0,2470.0,4.0,617.5,1.25,0,1
Super built-up Area,Padmanabhanagar,2.0,1.0,60.0,1100.0,2.0,550.0,1.0,1,0
Super built-up Area,Hormavu,2.0,2.0,65.0,1250.0,2.0,625.0,1.0,1,1
Super built-up Area,Kothanur,2.0,1.0,70.0,1400.0,2.0,700.0,1.0,1,1
Super built-up Area,Ittamadu,3.0,2.0,100.0,1600.0,3.0,533.3333333333334,1.0,1,1
Built-up Area,Electronic City,2.0,1.0,55.0,1060.0,2.0,530.0,1.0,1,1
Super built-up Area,Horamavu Banaswadi,2.0,2.0,50.0,1272.0,2.0,636.0,1.0,1,0
Super built-up Area,Kanakpura Road,2.0,2.0,105.0,1296.0,2.0,648.0,1.0,0,1
Built-up Area,Dollars Colony,3.0,2.0,280.0,2100.0,4.0,525.0,0.75,1,0
Super built-up Area,Karuna Nagar,3.0,3.0,115.0,1945.0,3.0,648.3333333333334,1.0,1,1
Super built-up Area,Chandapura,2.0,2.0,30.47,1033.0,3.0,344.3333333333333,0.6666666666666666,0,0
Super built-up Area,Stage-4 Bommanahalli,2.0,,69.0,2300.0,3.0,766.6666666666666,0.6666666666666666,1,1
Super built-up Area,Gunjur Palya,2.0,2.0,52.76,1235.0,2.0,617.5,1.0,0,0
Super built-up Area,3rd Block Koramangala,3.0,1.0,270.0,2100.0,3.0,700.0,1.0,1,1
Super built-up Area,2nd Phase JP Nagar,2.0,1.0,42.5,850.0,2.0,425.0,1.0,1,1
Super built-up Area,Subramanyapura,3.0,2.0,110.0,1880.0,3.0,626.6666666666666,1.0,1,1
Super built-up Area,1st Block Jayanagar,4.0,2.0,368.0,2450.0,4.0,612.5,1.0,0,0
Super built-up Area,Kenchenahalli,2.0,2.0,52.0,1060.0,2.0,530.0,1.0,1,1
Super built-up Area,Hennur Road,3.0,3.0,138.0,2041.0,3.0,680.3333333333334,1.0,1,1
Built-up Area,Hulimavu,2.0,2.0,125.0,1050.0,2.0,525.0,1.0,1,0
Built-up Area,"Electronic city phase 1,",2.0,1.0,39.0,1150.0,2.0,575.0,1.0,0,0
Super built-up Area,LB Shastri Nagar,2.0,1.0,62.0,1184.0,2.0,592.0,1.0,1,1
Built-up Area,Sarjapur  Road,3.0,2.0,126.0,1680.0,3.0,560.0,1.0,1,0
Super built-up Area,Thanisandra,3.0,2.0,100.0,1411.0,3.0,470.3333333333333,1.0,0,1
Super built-up Area,Kanakpura Road,2.0,2.0,41.0,900.0,2.0,450.0,1.0,0,0
Built-up Area,Jakkur Plantation,4.0,3.0,320.0,3500.0,4.0,875.0,1.0,1,0
Super built-up Area,Thanisandra,3.0,2.0,120.0,1702.0,3.0,567.3333333333334,1.0,1,1
Super built-up Area,Yelahanka,2.0,2.0,45.0,1185.0,2.0,592.5,1.0,1,1
Super built-up Area,Kanakpura Road,3.0,1.0,64.0,1300.0,3.0,433.3333333333333,1.0,0,1
Super built-up Area,Lavakusha Nagar,3.0,2.0,65.0,1545.0,3.0,515.0,1.0,1,1
Super built-up Area,6th Phase JP Nagar,2.0,2.0,135.0,1515.0,3.0,505.0,0.6666666666666666,1,1
Super built-up Area,Jigani,3.0,3.0,55.0,1300.0,3.0,433.3333333333333,1.0,1,1
Super built-up Area,JP Nagar,2.0,1.0,57.0,1107.0,2.0,553.5,1.0,1,0
Super built-up Area,Old Madras Road,3.0,2.0,106.0,1720.0,3.0,573.3333333333334,1.0,1,1
Super built-up Area,Kuvempu Nagar,3.0,2.0,150.0,1540.0,3.0,513.3333333333334,1.0,1,1
Super built-up Area,Bannerghatta Road,2.0,1.0,44.5,1000.0,2.0,500.0,1.0,1,0
Super built-up Area,Electronic City,1.0,1.0,40.42,710.0,1.0,710.0,1.0,0,1
Built-up Area,Sri Balaji Krupa Layout,4.0,0.0,270.0,3200.0,4.0,800.0,1.0,1,1
Plot Area,Domlur Layout,2.0,2.0,160.0,900.0,2.0,450.0,1.0,1,0
Built-up Area,Bannerghatta Road,2.0,0.0,48.0,1250.0,2.0,625.0,1.0,1,1
Built-up Area,Kaggadasapura,4.0,3.0,130.0,2400.0,5.0,480.0,0.8,1,0
Super built-up Area,Hegde Nagar,3.0,1.0,104.0,1584.01,3.0,528.0033333333333,1.0,1,1
Plot Area,Kammasandra,6.0,3.0,60.0,1200.0,4.0,300.0,1.5,1,0
Super built-up Area,Kaggadasapura,2.0,2.0,70.0,1485.0,3.0,495.0,0.6666666666666666,1,1
Built-up Area,Hennur Road,2.0,1.0,78.0,1100.0,3.0,366.6666666666667,0.6666666666666666,1,1
Super built-up Area,8th Phase JP Nagar,2.0,1.0,59.0,1245.0,2.0,622.5,1.0,0,0
Built-up Area,Hennur Road,4.0,0.0,154.0,1880.0,4.0,470.0,1.0,0,1
Super built-up Area,Frazer Town,3.0,3.0,350.0,2214.0,3.0,738.0,1.0,0,0
Built-up Area,Anathanagar,2.0,2.0,45.0,1050.0,2.0,525.0,1.0,0,0
Super built-up Area,Bannerghatta Road,3.0,2.0,105.0,1640.0,3.0,546.6666666666666,1.0,0,1
Super built-up Area,Basavanapura,2.0,1.0,65.0,1165.0,2.0,582.5,1.0,1,1
Built-up Area,Kengeri Satellite Town,2.0,1.0,43.0,1110.0,2.0,555.0,1.0,1,1
Built-up Area,St. John's Road,4.0,2.0,630.0,4000.0,4.0,1000.0,1.0,1,1
Built-up Area,Uttarahalli,4.0,0.0,150.0,4500.0,4.0,1125.0,1.0,1,0
Plot Area,adigondanhalli,1.0,0.0,42.0,1200.0,2.0,600.0,0.5,1,0
Super built-up Area,Hennur Road,2.0,1.0,69.61,1232.0,2.0,616.0,1.0,0,1
Super built-up Area,Jalahalli,3.0,2.0,94.36,1704.0,3.0,568.0,1.0,1,0
Built-up Area,7th Phase JP Nagar,2.0,2.0,88.0,1275.0,3.0,425.0,0.6666666666666666,1,0
Super built-up Area,Sarjapur  Road,2.0,1.0,68.0,1222.0,3.0,407.3333333333333,0.6666666666666666,1,1
Super built-up Area,Electronic City,2.0,1.0,29.95,1000.0,2.0,500.0,1.0,0,0
Super built-up Area,Yelahanka,3.0,2.0,71.28,1517.0,3.0,505.6666666666667,1.0,0,1
Super built-up Area,Horamavu Agara,2.0,1.0,37.29,1166.0,2.0,583.0,1.0,0,0
Built-up Area,Electronic City,2.0,2.0,24.0,870.0,2.0,435.0,1.0,1,1
Super built-up Area,5th Phase JP Nagar,5.0,2.0,170.0,4000.0,5.0,800.0,1.0,1,0
Plot Area,Rajaji Nagar,4.0,1.0,230.0,1350.0,4.0,337.5,1.0,1,0
Super built-up Area,Yelahanka,6.0,,190.0,3019.0,4.0,754.75,1.5,1,1
Super built-up Area,Whitefield,3.0,1.0,58.0,1345.0,3.0,448.3333333333333,1.0,1,1
Plot Area,Dommasandra,3.0,1.0,75.0,900.0,3.0,300.0,1.0,1,0
Super built-up Area,EPIP Zone,5.0,2.0,170.0,3800.0,4.0,950.0,1.25,1,1
Super built-up Area,Chandapura,2.0,2.0,38.0,971.0,3.0,323.6666666666667,0.6666666666666666,1,0
Built-up Area,EPIP Zone,2.0,2.0,65.0,1810.0,2.0,905.0,1.0,1,1
Built-up Area,"Whitefield,",2.0,1.0,58.0,1300.0,2.0,650.0,1.0,1,0
Super built-up Area,Thanisandra,2.0,2.0,45.0,1185.0,2.0,592.5,1.0,1,1
Super built-up Area,Pattandur Agrahara,2.0,3.0,68.0,1350.0,2.0,675.0,1.0,1,1
Super built-up Area,Budigere,3.0,0.0,76.16,1590.0,3.0,530.0,1.0,0,1
Super built-up Area,Thyagaraja Nagar,6.0,3.0,180.0,3000.0,7.0,428.57142857142856,0.8571428571428571,1,0
Plot Area,Brookefield,3.0,2.0,149.0,1560.0,4.0,390.0,0.75,1,0
Super built-up Area,Somasundara Palya,3.0,,126.0,1650.0,3.0,550.0,1.0,1,1
Super built-up Area,Off Bannergatta Road,3.0,2.0,87.0,1645.0,3.0,548.3333333333334,1.0,1,0
Super built-up Area,Hennur Road,3.0,,103.0,1748.0,3.0,582.6666666666666,1.0,1,1
Plot Area,Channasandra,3.0,1.0,67.77,1200.0,3.0,400.0,1.0,0,0
Built-up Area,Kengeri Satellite Town,2.0,3.0,50.0,1170.0,2.0,585.0,1.0,1,1
Built-up Area,Sarjapur  Road,4.0,2.0,225.0,3420.0,4.0,855.0,1.0,1,1
Built-up Area,Hulimavu,2.0,2.0,65.0,1320.0,3.0,440.0,0.6666666666666666,1,1
Super built-up Area,Bhoganhalli,3.0,2.0,84.53,1610.0,3.0,536.6666666666666,1.0,0,1
Super built-up Area,Frazer Town,3.0,3.0,180.0,1870.0,3.0,623.3333333333334,1.0,1,1
Super built-up Area,Sarjapur  Road,2.0,1.0,110.0,1510.0,3.0,503.3333333333333,0.6666666666666666,1,1
Built-up Area,Kammagondahalli,7.0,3.0,110.0,2700.0,6.0,450.0,1.1666666666666667,1,0
Super built-up Area,Kanakapura  Rod,2.0,1.0,45.68,1305.0,3.0,435.0,0.6666666666666666,1,0
Super built-up Area,Mahadevpura,2.0,1.0,70.0,1500.0,3.0,500.0,0.6666666666666666,1,1
Super built-up Area,Indira Nagar,2.0,1.0,130.0,1149.0,2.0,574.5,1.0,1,1
Built-up Area,Thanisandra,4.0,2.0,129.0,1948.0,4.0,487.0,1.0,1,1
Plot Area,Margondanahalli,3.0,1.0,70.0,1448.0,3.0,482.6666666666667,1.0,1,0
Super built-up Area,Sarjapur  Road,2.0,1.0,78.0,1242.0,2.0,621.0,1.0,1,1
Super built-up Area,Sonnenahalli,2.0,1.0,58.0,1268.0,2.0,634.0,1.0,1,1
Super built-up Area,Ramamurthy Nagar,2.0,1.0,50.0,1101.0,2.0,550.5,1.0,1,1
Super built-up Area,Kallumantapa,2.0,3.0,65.0,1255.0,2.0,627.5,1.0,1,1
Super built-up Area,Sarjapur  Road,3.0,2.0,140.0,984.0,3.0,328.0,1.0,1,1
Super built-up Area,Hosa Road,2.0,1.0,32.67,1089.0,2.0,544.5,1.0,0,1
Built-up Area,Byrathi Village,1.0,3.0,95.0,800.0,2.0,400.0,0.5,1,0
Plot Area,Thanisandra,9.0,3.0,125.0,3600.0,8.0,450.0,1.125,1,0
Plot Area,Krishna Nagar,2.0,1.0,140.0,1650.0,4.0,412.5,0.5,1,0
Super built-up Area,Kaggalipura,2.0,1.0,45.0,950.0,2.0,475.0,1.0,1,1
Super built-up Area,HBR Layout,2.0,1.0,43.0,1068.0,2.0,534.0,1.0,1,1
Built-up Area,Yelahanka New Town,1.0,2.0,31.0,860.0,2.0,430.0,0.5,1,1
Built-up Area,Kengeri,5.0,,130.0,3000.0,8.0,375.0,0.625,1,0
Super built-up Area,Yelahanka,3.0,2.0,66.73,1756.0,3.0,585.3333333333334,1.0,1,1
Super built-up Area,Whitefield,2.0,1.0,41.0,1205.0,2.0,602.5,1.0,1,1
Super built-up Area,Banashankari,3.0,2.0,125.0,1800.0,3.0,600.0,1.0,1,1
Super built-up Area,Ashok Nagar,5.0,2.0,2912.0,8321.0,4.0,2080.25,1.25,0,0
Built-up Area,Hormavu,3.0,0.0,68.0,1604.0,3.0,534.6666666666666,1.0,1,1
Super built-up Area,Old Airport Road,4.0,3.0,204.0,2732.0,4.0,683.0,1.0,0,1
Super built-up Area,Chandapura,2.0,2.0,25.88,1015.0,2.0,507.5,1.0,0,1
Super built-up Area,Ananth Nagar,2.0,2.0,38.0,1010.0,2.0,505.0,1.0,1,0
Built-up Area,Nagarbhavi,3.0,0.0,170.0,1250.0,2.0,625.0,1.5,1,0
Super built-up Area,Doddakallasandra,2.0,1.0,41.0,1010.0,2.0,505.0,1.0,1,0
Super built-up Area,Yelahanka,2.0,2.0,33.1,1050.0,2.0,525.0,1.0,1,1
Super built-up Area,Harlur,3.0,2.0,85.0,1710.0,3.0,570.0,1.0,1,0
Super built-up Area,Mysore Road,3.0,2.0,115.0,1248.52,3.0,416.17333333333335,1.0,0,1
Built-up Area,Attibele,1.0,1.0,10.0,410.0,1.0,410.0,1.0,1,0
Super built-up Area,Bannerghatta Road,2.0,1.0,62.93,1656.0,3.0,552.0,0.6666666666666666,0,1
Super built-up Area,Naganathapura,3.0,1.0,68.0,1451.0,3.0,483.6666666666667,1.0,1,1
Super built-up Area,JP Nagar,2.0,2.0,93.0,1250.0,2.0,625.0,1.0,1,1
Plot Area,Meenakunte,3.0,3.0,240.0,4395.0,3.0,1465.0,1.0,1,1
Super built-up Area,Hebbal,6.0,2.0,650.0,4600.0,4.0,1150.0,1.5,1,1
Built-up Area,Sonnenahalli,2.0,3.0,42.0,1340.0,3.0,446.6666666666667,0.6666666666666666,1,1
Super built-up Area,Abbaiah Reddy Layout,2.0,2.0,38.5,1100.0,2.0,550.0,1.0,1,1
Super built-up Area,Whitefield,6.0,,700.0,6000.0,4.0,1500.0,1.5,1,1
Super built-up Area,Devarachikkanahalli,3.0,1.0,71.0,1700.0,3.0,566.6666666666666,1.0,1,1
Super built-up Area,KR Puram,2.0,1.0,43.0,1096.0,2.0,548.0,1.0,1,1
Built-up Area,"Sarjapur Road,",3.0,2.0,139.0,1936.0,3.0,645.3333333333334,1.0,1,0
Super built-up Area,Nehru Nagar,2.0,2.0,63.0,1269.0,3.0,423.0,0.6666666666666666,1,1
Super built-up Area,Richmond Road,3.0,1.0,630.0,3500.0,3.0,1166.6666666666667,1.0,0,0
Super built-up Area,Panathur,3.0,1.0,125.0,1586.0,3.0,528.6666666666666,1.0,0,1
Super built-up Area,Rajaji Nagar,2.0,1.0,124.0,1376.0,2.0,688.0,1.0,0,1
Super built-up Area,Kanakpura Road,3.0,3.0,56.5,1452.0,3.0,484.0,1.0,1,1
Super built-up Area,Hosa Road,3.0,1.0,107.0,1538.0,3.0,512.6666666666666,1.0,0,1
Super built-up Area,Hosur Road,2.0,1.0,130.0,1427.0,3.0,475.6666666666667,0.6666666666666666,0,1
Built-up Area,Upadhyaya Layout,2.0,0.0,40.0,935.0,2.0,467.5,1.0,1,0
Built-up Area,Ashwath Nagar,2.0,3.0,65.0,1220.0,2.0,610.0,1.0,1,1
Super built-up Area,Harlur,2.0,1.0,77.0,1197.0,2.0,598.5,1.0,1,1
Super built-up Area,Varthur,1.0,1.0,19.9,674.0,2.0,337.0,0.5,0,0
Built-up Area,Kengeri,1.0,1.0,15.0,410.0,1.0,410.0,1.0,1,0
Built-up Area,Thanisandra,3.0,1.0,90.0,1573.0,3.0,524.3333333333334,1.0,0,1
Super built-up Area,Dodda Nekkundi,2.0,2.0,58.0,1135.0,2.0,567.5,1.0,1,1
Built-up Area,Huskur,2.0,1.0,40.43,1400.0,3.0,466.6666666666667,0.6666666666666666,0,0
Super built-up Area,Agrahara Dasarahalli,1.0,0.0,65.0,1200.0,1.0,1200.0,1.0,1,0
Plot Area,Ittamadu,3.0,0.0,95.0,1800.0,3.0,600.0,1.0,1,0
Built-up Area,Avalahalli,3.0,2.0,108.0,2045.0,3.0,681.6666666666666,1.0,1,1
Super built-up Area,Sonnenahalli,2.0,1.0,56.0,1268.0,2.0,634.0,1.0,1,1
Super built-up Area,Yelahanka,3.0,3.0,100.0,1600.0,3.0,533.3333333333334,1.0,1,1
Super built-up Area,Thanisandra,2.0,2.0,70.0,1056.0,2.0,528.0,1.0,1,1
Plot Area,Whitefield,4.0,,330.0,4500.0,4.0,1125.0,1.0,1,1
Super built-up Area,KR Puram,2.0,2.0,58.0,1204.0,2.0,602.0,1.0,1,1
Super built-up Area,Tejaswini Nagar,2.0,1.0,54.0,1410.0,3.0,470.0,0.6666666666666666,1,1
Built-up Area,Hennur Road,2.0,1.0,80.3,1460.0,2.0,730.0,1.0,1,1
Super built-up Area,Dodda Nekkundi,2.0,1.0,41.18,1100.0,2.0,550.0,1.0,1,0
Super built-up Area,Govindapura,2.0,1.0,88.0,1310.0,2.0,655.0,1.0,1,1
Super built-up Area,Sector 2 HSR Layout,3.0,2.0,90.0,1600.0,3.0,533.3333333333334,1.0,1,1
Super built-up Area,Lottegolla Halli,2.0,2.0,55.0,1250.0,2.0,625.0,1.0,1,0
Super built-up Area,Sarjapur  Road,3.0,2.0,74.93,1665.0,3.0,555.0,1.0,1,1
Built-up Area,Hosahalli Extension,5.0,2.0,240.0,2000.0,5.0,400.0,1.0,1,0
Super built-up Area,Singasandra,2.0,2.0,67.0,1416.0,2.0,708.0,1.0,1,1
Built-up Area,Munnekollal,10.0,3.0,200.0,7200.0,10.0,720.0,1.0,1,0
Built-up Area,Jigani,3.0,2.0,58.0,1231.0,3.0,410.3333333333333,1.0,1,1
Super built-up Area,Yelahanka,3.0,0.0,73.95,1664.0,3.0,554.6666666666666,1.0,1,1
Built-up Area,TC Palaya,3.0,1.0,76.0,2000.0,3.0,666.6666666666666,1.0,1,0
Built-up Area,Rajiv Nagar,2.0,2.0,43.0,972.0,2.0,486.0,1.0,1,1
Built-up Area,3rd Phase JP Nagar,4.0,3.0,345.0,4500.0,4.0,1125.0,1.0,1,0
Super built-up Area,Bellandur,2.0,1.0,47.39,1185.0,2.0,592.5,1.0,1,0
Built-up Area,Green Glen Layout,3.0,2.0,81.0,1750.0,3.0,583.3333333333334,1.0,1,0
Built-up Area,Byadarahalli,4.0,,316.0,3155.0,3.0,1051.6666666666667,1.3333333333333333,1,1
Super built-up Area,Balagere,2.0,1.0,68.0,1007.0,2.0,503.5,1.0,0,1
Super built-up Area,Rajaji Nagar,3.0,2.0,200.0,1700.0,3.0,566.6666666666666,1.0,1,0
Super built-up Area,Whitefield,2.0,2.0,85.0,1250.0,2.0,625.0,1.0,1,1
Super built-up Area,Telecom Layout,2.0,1.0,54.0,1200.0,2.0,600.0,1.0,1,0
Super built-up Area,Horamavu Agara,2.0,1.0,42.28,994.0,2.0,497.0,1.0,0,1
Super built-up Area,Ramamurthy Nagar,2.0,2.0,40.0,1150.0,2.0,575.0,1.0,0,0
Super built-up Area,Thanisandra,2.0,2.0,46.0,1220.0,2.0,610.0,1.0,1,1
Super built-up Area,Hennur Gardens,2.0,1.0,115.0,1441.0,2.0,720.5,1.0,1,1
Super built-up Area,Old Madras Road,2.0,2.0,47.32,1157.0,2.0,578.5,1.0,0,1
Super built-up Area,Thigalarapalya,2.0,2.0,105.0,1400.0,2.0,700.0,1.0,1,1
Built-up Area,Tindlu,3.0,1.0,65.0,1370.07,3.0,456.69,1.0,1,0
Super built-up Area,Judicial Layout,2.0,1.0,40.0,900.0,2.0,450.0,1.0,0,0
Super built-up Area,Kodipalya,1.0,1.0,17.0,418.0,1.0,418.0,1.0,1,0
Plot Area,Vishwapriya Nagar,3.0,1.0,80.0,1200.0,3.0,400.0,1.0,1,0
Built-up Area,ISRO Layout,2.0,3.0,43.0,1200.0,2.0,600.0,1.0,1,0
Super built-up Area,Talaghattapura,2.0,1.0,42.48,1062.0,2.0,531.0,1.0,1,0
Super built-up Area,Kanakpura Road,2.0,1.0,51.0,1120.0,2.0,560.0,1.0,1,0
Super built-up Area,Bannerghatta Road,2.0,1.0,44.0,1012.0,2.0,506.0,1.0,1,0
Plot Area,Postal Colony,2.0,1.0,200.0,1500.0,3.0,500.0,0.6666666666666666,1,0
Super built-up Area,Kadabagere,2.0,2.0,13.5,675.0,2.0,337.5,1.0,1,1
Super built-up Area,Kanakpura Road,2.0,2.0,78.0,1430.0,2.0,715.0,1.0,1,1
Super built-up Area,Channasandra,2.0,1.0,56.0,1195.0,3.0,398.3333333333333,0.6666666666666666,1,0
Super built-up Area,Old Madras Road,5.0,1.0,150.0,2640.0,3.0,880.0,1.6666666666666667,1,1
Super built-up Area,Hennur Road,3.0,0.0,75.99,1570.0,3.0,523.3333333333334,1.0,0,1
Built-up Area,Sonnenahalli,2.0,1.0,59.0,1011.0,2.0,505.5,1.0,0,1
Super built-up Area,7th Phase JP Nagar,2.0,1.0,102.0,1450.0,3.0,483.3333333333333,0.6666666666666666,1,1
Super built-up Area,Sarjapur  Road,2.0,1.0,69.0,1129.0,2.0,564.5,1.0,1,1
Super built-up Area,Sarjapura - Attibele Road,2.0,1.0,36.0,1126.0,2.0,563.0,1.0,1,1
Plot Area,Attibele,3.0,,110.0,1200.0,3.0,400.0,1.0,0,1
Super built-up Area,Sarjapur  Road,2.0,2.0,45.0,1180.0,3.0,393.3333333333333,0.6666666666666666,1,1
Super built-up Area,Hennur Road,3.0,2.0,140.0,1933.0,3.0,644.3333333333334,1.0,1,1
Built-up Area,TC Palaya,2.0,2.0,64.0,1082.0,2.0,541.0,1.0,1,0
Plot Area,LB Shastri Nagar,8.0,1.0,250.0,2400.0,8.0,300.0,1.0,1,0
Super built-up Area,Anwar Layout,1.0,0.0,28.0,610.0,1.0,610.0,1.0,0,1
Plot Area,Raja Rajeshwari Nagar,4.0,1.0,160.0,1560.0,4.0,390.0,1.0,1,0
Super built-up Area,Kathriguppe,3.0,3.0,77.99,1300.0,3.0,433.3333333333333,1.0,1,1
Built-up Area,Kudlu Gate,6.0,0.0,205.0,3850.0,4.0,962.5,1.5,1,0
Built-up Area,CV Raman Nagar,2.0,1.0,46.0,1125.0,2.0,562.5,1.0,1,0
Plot Area,Bileshivale,7.0,2.0,107.0,2400.0,6.0,400.0,1.1666666666666667,1,0
Super built-up Area,Kengeri Satellite Town,2.0,0.0,25.0,777.4,2.0,388.7,1.0,1,0
Super built-up Area,Battarahalli,3.0,1.0,65.0,2500.0,4.0,625.0,0.75,1,0
Super built-up Area,Old Airport Road,3.0,,150.0,1798.0,3.0,599.3333333333334,1.0,1,1
Built-up Area,Dodda Nekkundi Extension,3.0,2.0,120.0,1864.0,3.0,621.3333333333334,1.0,1,1
Super built-up Area,Whitefield,2.0,1.0,51.91,1115.0,2.0,557.5,1.0,1,0
Super built-up Area,Kengeri,1.0,1.0,25.0,400.0,1.0,400.0,1.0,1,0
Super built-up Area,Rajaji Nagar,2.0,1.0,70.0,1200.0,2.0,600.0,1.0,1,0
Super built-up Area,Ananth Nagar,2.0,2.0,24.8,992.0,2.0,496.0,1.0,0,0
Built-up Area,Jakkasandra Extension,2.0,3.0,57.0,950.0,2.0,475.0,1.0,1,0
Plot Area,R.T. Nagar,4.0,3.0,185.0,1500.0,4.0,375.0,1.0,1,0
Super built-up Area,Bellandur,2.0,1.0,62.0,1200.0,2.0,600.0,1.0,1,1
Built-up Area,GM Palaya,3.0,2.0,70.0,1735.0,3.0,578.3333333333334,1.0,1,1
Built-up Area,BTM 2nd Stage,3.0,3.0,172.0,1750.0,3.0,583.3333333333334,1.0,1,1
Super built-up Area,Jalahalli,2.0,3.0,102.0,1470.0,3.0,490.0,0.6666666666666666,1,1
Super built-up Area,Bannerghatta Road,3.0,2.0,115.0,1527.0,3.0,509.0,1.0,1,0
Built-up Area,Singapura Village,2.0,1.0,45.0,985.0,2.0,492.5,1.0,1,1
Built-up Area,Chandapura,4.0,2.0,135.0,3300.0,4.0,825.0,1.0,1,0
Super built-up Area,Whitefield,2.0,1.0,77.0,1277.0,2.0,638.5,1.0,0,1
Super built-up Area,Nallurhalli,2.0,1.0,62.0,1100.0,2.0,550.0,1.0,0,1
Super built-up Area,Whitefield,3.0,2.0,140.0,1820.0,3.0,606.6666666666666,1.0,1,1
Super built-up Area,Puttanahalli,3.0,3.0,87.0,1530.0,4.0,382.5,0.75,1,0
Super built-up Area,Banashankari,3.0,2.0,205.0,1886.0,3.0,628.6666666666666,1.0,1,1
Plot Area,Chandra Layout,2.0,0.0,190.0,1200.0,3.0,400.0,0.6666666666666666,1,0
Super built-up Area,Jakkur,4.0,2.0,110.0,1880.0,3.0,626.6666666666666,1.3333333333333333,1,1
Super built-up Area,Hennur,2.0,2.0,52.35,1255.0,2.0,627.5,1.0,1,1
Super built-up Area,Somasundara Palya,2.0,2.0,46.0,1140.0,2.0,570.0,1.0,1,0
Built-up Area,Electronic City Phase II,2.0,1.0,29.6,1025.0,2.0,512.5,1.0,0,1
Built-up Area,Whitefield,4.0,2.0,247.0,3453.0,4.0,863.25,1.0,1,1
Plot Area,Akshaya Vana,4.0,2.0,165.0,1200.0,4.0,300.0,1.0,1,0
Super built-up Area,Sarjapur  Road,3.0,2.0,140.0,1850.0,3.0,616.6666666666666,1.0,1,1
Super built-up Area,Kaikondrahalli,2.0,1.0,78.0,1250.0,2.0,625.0,1.0,1,0
Super built-up Area,Kamakya Layout,3.0,1.0,108.0,2400.0,4.0,600.0,0.75,1,0
Super built-up Area,Kodihalli,5.0,3.0,716.0,3522.0,4.0,880.5,1.25,1,1
Super built-up Area,Jalahalli,2.0,2.0,88.0,1244.0,2.0,622.0,1.0,0,1
Super built-up Area,Kengeri Satellite Town,2.0,1.0,28.57,1025.0,2.0,512.5,1.0,0,1
Super built-up Area,Sarjapur  Road,2.0,1.0,38.0,1034.0,2.0,517.0,1.0,1,1
Super built-up Area,Kengeri Satellite Town,2.0,2.0,33.34,1191.0,3.0,397.0,0.6666666666666666,0,1
Super built-up Area,Kasavanhalli,3.0,2.0,71.0,1719.0,3.0,573.0,1.0,1,1
Plot Area,2nd Stage Nagarbhavi,3.0,2.0,230.0,1500.0,4.0,375.0,0.75,1,0
Super built-up Area,Hosa Road,2.0,2.0,84.22,1470.0,3.0,490.0,0.6666666666666666,0,1
Super built-up Area,Yelahanka,2.0,1.0,50.66,1140.0,2.0,570.0,1.0,1,0
Super built-up Area,Harlur,3.0,2.0,125.0,1752.12,3.0,584.04,1.0,1,1
Super built-up Area,Old Madras Road,3.0,2.0,170.0,2990.0,3.0,996.6666666666666,1.0,1,1
Super built-up Area,Bannerghatta Road,3.0,2.0,85.0,1660.0,3.0,553.3333333333334,1.0,1,1
Super built-up Area,Electronic City,3.0,3.0,63.43,1275.0,3.0,425.0,1.0,1,1
Super built-up Area,Bommasandra Industrial Area,3.0,1.0,52.81,1365.0,3.0,455.0,1.0,0,0
Plot Area,"MEI layout, Bagalgunte",2.0,0.0,90.0,1200.0,3.0,400.0,0.6666666666666666,1,0
Super built-up Area,Kanakpura Road,3.0,,170.0,2546.0,3.0,848.6666666666666,1.0,1,0
Super built-up Area,Banashankari Stage VI,3.0,1.0,69.46,1392.0,3.0,464.0,1.0,0,1
Super built-up Area,Whitefield,2.0,1.0,59.76,1245.0,2.0,622.5,1.0,0,1
Super built-up Area,Yeshwanthpur,2.0,2.0,64.08,1162.0,2.0,581.0,1.0,1,1
Super built-up Area,Singasandra,2.0,1.0,73.0,1476.0,3.0,492.0,0.6666666666666666,1,1
Built-up Area,KR Puram,1.0,1.0,21.5,700.0,1.0,700.0,1.0,1,0
Built-up Area,Gnana Bharathi,6.0,1.0,170.0,3600.0,6.0,600.0,1.0,1,0
Built-up Area,Jigani,2.0,2.0,48.0,943.0,2.0,471.5,1.0,1,1
Plot Area,Pai Layout,2.0,1.0,170.0,1150.0,2.0,575.0,1.0,1,0
Super built-up Area,Sarjapur  Road,2.0,1.0,44.5,1113.0,2.0,556.5,1.0,1,1
Super built-up Area,Varthur,3.0,2.0,69.43,1615.0,3.0,538.3333333333334,1.0,0,1
Super built-up Area,Keshava Nagar,2.0,3.0,100.0,1279.0,2.0,639.5,1.0,1,1
Built-up Area,Benson Town,3.0,2.0,280.0,1805.0,3.0,601.6666666666666,1.0,1,0
Built-up Area,Sompura,3.0,1.0,65.0,1350.0,3.0,450.0,1.0,1,1
Super built-up Area,SRINIVASAPURA,3.0,2.0,68.63,1525.0,3.0,508.3333333333333,1.0,0,0
Super built-up Area,Rajaji Nagar,2.0,1.0,123.0,1357.0,2.0,678.5,1.0,0,1
Super built-up Area,Ardendale,3.0,2.0,92.0,1777.26,3.0,592.42,1.0,1,1
Super built-up Area,Bisuvanahalli,2.0,2.0,32.0,845.0,2.0,422.5,1.0,1,1
Built-up Area,Sidedahalli,2.0,0.0,25.0,900.0,2.0,450.0,1.0,1,0
Super built-up Area,Varthur,2.0,1.0,64.15,1210.0,2.0,605.0,1.0,0,1
Super built-up Area,Electronic City Phase II,2.0,1.0,22.8,829.0,2.0,414.5,1.0,0,0
Super built-up Area,Sarjapur  Road,3.0,2.0,155.0,1879.0,3.0,626.3333333333334,1.0,1,1
Super built-up Area,Hosur Road,2.0,2.0,50.0,1250.0,3.0,416.6666666666667,0.6666666666666666,0,1
Built-up Area,Jeevanhalli,2.0,2.0,35.0,1200.0,4.0,300.0,0.5,1,0
Super built-up Area,Marathahalli,2.0,1.0,60.0,1108.0,3.0,369.3333333333333,0.6666666666666666,0,1
Super built-up Area,Kanakpura Road,3.0,2.0,69.0,1401.0,3.0,467.0,1.0,0,0
Super built-up Area,Sarjapur  Road,2.0,1.0,75.0,1157.0,3.0,385.6666666666667,0.6666666666666666,0,1
Built-up Area,Ramamurthy Nagar Extension,2.0,1.0,42.66,1185.0,2.0,592.5,1.0,1,1
Super built-up Area,Green Glen Layout,3.0,2.0,115.0,1751.0,3.0,583.6666666666666,1.0,1,1
Plot Area,Mahalakshmi Puram,3.0,1.0,250.0,1550.0,5.0,310.0,0.6,1,0
Super built-up Area,Bannerghatta Road,3.0,2.0,96.5,1880.0,3.0,626.6666666666666,1.0,1,1
Super built-up Area,Whitefield,3.0,0.0,40.985,1322.5,3.0,440.8333333333333,1.0,0,1
Super built-up Area,Channasandra,2.0,2.0,38.0,1175.0,2.0,587.5,1.0,1,0
Built-up Area,Jalahalli,2.0,1.0,98.49,1407.0,2.0,703.5,1.0,1,1
Super built-up Area,Yelachenahalli,2.0,2.0,50.0,1000.0,2.0,500.0,1.0,1,1
Super built-up Area,Electronic City,3.0,3.0,75.0,1518.0,3.0,506.0,1.0,1,1
Plot Area,"Gubbi Cross, Hennur Main Road",4.0,2.0,300.0,3600.0,4.0,900.0,1.0,1,0
Super built-up Area,Tumkur Road,2.0,1.0,67.0,1027.0,2.0,513.5,1.0,0,1
Super built-up Area,Dairy Circle,6.0,2.0,430.0,3730.0,4.0,932.5,1.5,1,1
Built-up Area,HSR Layout,2.0,2.0,46.0,1145.0,2.0,572.5,1.0,1,1
Super built-up Area,Rajaji Nagar,2.0,2.0,113.0,1260.0,2.0,630.0,1.0,0,1
Super built-up Area,Begur Road,2.0,3.0,47.25,1500.0,3.0,500.0,0.6666666666666666,1,1
Super built-up Area,Varthur,2.0,1.0,57.32,1737.0,3.0,579.0,0.6666666666666666,1,1
Super built-up Area,Hennur,,,161.5,3517.0,4.0,879.25,,0,1
Plot Area,Byrathi Village,4.0,1.0,120.0,1600.0,3.0,533.3333333333334,1.3333333333333333,1,0
Built-up Area,Hegde Nagar,3.0,2.0,135.0,1500.0,3.0,500.0,1.0,1,1
Plot Area,Sabari Nagar,2.0,0.0,60.0,1120.0,2.0,560.0,1.0,1,0
Plot Area,Banashankari Stage V,4.0,1.0,240.0,1200.0,3.0,400.0,1.3333333333333333,1,0
Super built-up Area,Hennur Road,2.0,1.0,46.5,1030.0,2.0,515.0,1.0,0,1
Built-up Area,Gubbalala,6.0,1.0,88.0,2500.0,6.0,416.6666666666667,1.0,1,0
Super built-up Area,Kammasandra,2.0,1.0,35.0,1057.0,2.0,528.5,1.0,1,1
Super built-up Area,Thanisandra,2.0,2.0,38.5,1460.0,2.0,730.0,1.0,1,1
Super built-up Area,Hormavu,2.0,1.0,53.7,1075.0,2.0,537.5,1.0,1,1
Super built-up Area,Mysore Road,2.0,1.0,60.0,1080.0,3.0,360.0,0.6666666666666666,1,0
Super built-up Area,Kodihalli,5.0,3.0,788.0,3626.0,4.0,906.5,1.25,0,1
Super built-up Area,Ashraya Layout,7.0,,225.0,5100.0,6.0,850.0,1.1666666666666667,1,0
Super built-up Area,Singasandra,2.0,1.0,45.0,1139.7,2.0,569.85,1.0,1,1
Super built-up Area,Whitefield,2.0,1.0,42.8,1074.0,2.0,537.0,1.0,0,1
Plot Area,Whitefield,2.0,1.0,46.13,1200.0,2.0,600.0,1.0,0,0
Super built-up Area,Sarjapur  Road,5.0,1.0,175.0,2425.0,4.0,606.25,1.25,1,1
Super built-up Area,Sarjapur  Road,2.0,2.0,74.0,1323.0,2.0,661.5,1.0,1,1
Super built-up Area,Kalena Agrahara,2.0,1.0,40.0,900.0,2.0,450.0,1.0,1,1
Super built-up Area,Sarjapura - Attibele Road,1.0,1.0,23.65,740.0,1.0,740.0,1.0,1,1
Plot Area,Arishinakunte,1.0,0.0,170.0,41382.0,1.0,41382.0,1.0,1,0
Super built-up Area,Bannerghatta Road,3.0,2.0,96.0,1550.0,3.0,516.6666666666666,1.0,1,1
Super built-up Area,Gunjur,2.0,3.0,90.0,1588.0,3.0,529.3333333333334,0.6666666666666666,1,1
Built-up Area,Rajaji Nagar,4.0,1.0,240.0,2300.0,3.0,766.6666666666666,1.3333333333333333,1,0
Built-up Area,R.T. Nagar,8.0,2.0,165.0,3600.0,9.0,400.0,0.8888888888888888,1,0
Built-up Area,"Thanisandra Main Road,",2.0,1.0,86.0,1308.0,2.0,654.0,1.0,1,0
Super built-up Area,Hennur,2.0,2.0,54.27,1340.0,3.0,446.6666666666667,0.6666666666666666,1,1
Plot Area,Kogilu,9.0,3.0,450.0,3280.0,10.0,328.0,0.9,1,0
Built-up Area,Infantry Road,3.0,2.0,265.0,2170.0,4.0,542.5,0.75,1,0
Super built-up Area,Thanisandra,3.0,2.0,135.0,1719.0,3.0,573.0,1.0,1,1
Plot Area,Whitefield,2.0,1.0,45.84,1200.0,2.0,600.0,1.0,0,0
Built-up Area,Electronic City,2.0,1.0,31.48,1090.0,1.0,1090.0,2.0,0,0
Plot Area,Sarvabhouma Nagar,5.0,2.0,210.0,1500.0,5.0,300.0,1.0,1,0
Super built-up Area,Jakkur,3.0,2.0,104.0,1660.0,3.0,553.3333333333334,1.0,0,1
Super built-up Area,Nagavara,2.0,1.0,58.56,1247.0,2.0,623.5,1.0,1,1
Super built-up Area,Thanisandra,3.0,2.0,96.0,1595.0,3.0,531.6666666666666,1.0,0,1
Super built-up Area,Kaggadasapura,2.0,2.0,50.0,1175.0,2.0,587.5,1.0,1,1
Super built-up Area,Old Airport Road,2.0,1.0,78.0,1184.0,2.0,592.0,1.0,1,1
Super built-up Area,Byrasandra,2.0,2.0,55.0,1100.0,2.0,550.0,1.0,1,1
Plot Area,Kaval Byrasandra,2.0,0.0,78.0,935.0,2.0,467.5,1.0,0,0
Built-up Area,Yelahanka,2.0,2.0,60.0,1200.0,2.0,600.0,1.0,1,1
Plot Area,Rajaji Nagar,5.0,1.0,408.0,2400.0,5.0,480.0,1.0,1,0
Super built-up Area,Neelamangala,2.0,1.0,45.0,1000.0,2.0,500.0,1.0,1,0
Built-up Area,Uttarahalli,2.0,0.0,52.0,1000.0,2.0,500.0,1.0,1,1
Super built-up Area,Yelahanka,3.0,2.0,85.0,1705.0,3.0,568.3333333333334,1.0,1,1
Built-up Area,Tumkur Road,2.0,2.0,58.3,1060.0,3.0,353.3333333333333,0.6666666666666666,1,1
Super built-up Area,Kammagondahalli,2.0,2.0,55.0,1347.0,3.0,449.0,0.6666666666666666,0,1
Super built-up Area,Varthur,2.0,2.0,95.0,1402.0,2.0,701.0,1.0,0,1
Super built-up Area,Whitefield,4.0,2.0,125.0,2280.0,3.0,760.0,1.3333333333333333,0,1
Super built-up Area,Whitefield ECC Road,2.0,2.0,71.05,1225.0,2.0,612.5,1.0,1,0
Super built-up Area,5th Phase JP Nagar,2.0,1.0,53.0,1080.0,2.0,540.0,1.0,1,1
Built-up Area,Koppa,7.0,,90.0,4000.0,7.0,571.4285714285714,1.0,0,0
Super built-up Area,Lavelle Road,3.0,0.0,300.0,1919.0,3.0,639.6666666666666,1.0,1,0
Built-up Area,Begur Road,2.0,2.0,42.6,1100.0,2.0,550.0,1.0,1,1
Super built-up Area,Sarjapur  Road,4.0,3.0,225.0,2500.0,4.0,625.0,1.0,1,1
Super built-up Area,Bannerghatta Road,2.0,2.0,78.0,1200.0,2.0,600.0,1.0,0,1
Plot Area,Maruthi nagar kogilu,3.0,0.0,78.0,1200.0,2.0,600.0,1.5,0,0
Super built-up Area,Kothanur,3.0,3.0,76.0,1581.0,3.0,527.0,1.0,1,0
Super built-up Area,Whitefield,5.0,1.0,200.0,2882.0,4.0,720.5,1.25,0,1
Super built-up Area,Krishna Reddy Layout,3.0,3.0,273.0,2180.0,3.0,726.6666666666666,1.0,1,1
Super built-up Area,Abbigere,2.0,1.0,38.92,985.0,2.0,492.5,1.0,1,1
Built-up Area,Sarjapur,2.0,2.0,35.0,950.0,2.0,475.0,1.0,1,1
Super built-up Area,Jai Bheema Nagar,2.0,2.0,55.0,1339.0,2.0,669.5,1.0,1,0
Super built-up Area,Ayappa Nagar,3.0,1.0,72.0,1449.0,3.0,483.0,1.0,1,1
Plot Area,Chikkasandra,4.0,2.0,180.0,1200.0,4.0,300.0,1.0,1,0
Super built-up Area,Brindavan Layout,2.0,2.0,38.68,1100.0,2.0,550.0,1.0,0,0
Super built-up Area,Hoskote,2.0,0.0,28.095,1003.5,2.0,501.75,1.0,1,1
Built-up Area,Kaval Byrasandra,3.0,2.0,200.0,2700.0,3.0,900.0,1.0,1,0
Super built-up Area,Billamaranahalli,2.0,3.0,55.0,1100.0,2.0,550.0,1.0,1,0
Built-up Area,Electronic City,2.0,1.0,32.92,1140.0,2.0,570.0,1.0,0,0
Plot Area,Sarjapur,3.0,2.0,330.0,3009.0,3.0,1003.0,1.0,1,1
Super built-up Area,Hanumantha Nagar,8.0,3.0,310.0,3300.0,8.0,412.5,1.0,1,0
Built-up Area,Chandapura,1.0,2.0,30.0,800.0,2.0,400.0,0.5,1,0
Built-up Area,Chikkabanavar,4.0,0.0,65.0,2000.0,5.0,400.0,0.8,1,0
Plot Area,Prasanti Nagar,4.0,1.0,190.0,1200.0,4.0,300.0,1.0,1,0
Built-up Area,3rd Block Hrbr Layout,2.0,3.0,95.0,1300.0,2.0,650.0,1.0,1,1
Super built-up Area,Kanakpura Road,2.0,2.0,60.0,1220.0,2.0,610.0,1.0,1,1
Super built-up Area,Sarjapur  Road,3.0,2.0,178.0,2289.0,3.0,763.0,1.0,1,1
Super built-up Area,Whitefield,2.0,1.0,56.0,1170.0,2.0,585.0,1.0,0,1
Super built-up Area,Vignana Nagar,2.0,2.0,89.5,1350.0,2.0,675.0,1.0,1,0
Built-up Area,Thanisandra,3.0,2.0,125.0,1698.0,3.0,566.0,1.0,1,1
Super built-up Area,Electronic City Phase II,4.0,0.0,105.0,2187.5,4.0,546.875,1.0,0,1
Super built-up Area,Ambalipura,2.0,1.0,58.5,1060.0,2.0,530.0,1.0,1,0
Super built-up Area,Somasundara Palya,2.0,2.0,75.0,1185.0,2.0,592.5,1.0,1,1
Super built-up Area,Padmanabhanagar,3.0,1.0,180.0,2051.0,3.0,683.6666666666666,1.0,0,1
Super built-up Area,Vittasandra,2.0,1.0,72.0,1404.0,2.0,702.0,1.0,1,0
Super built-up Area,Electronic City Phase II,2.0,1.0,67.0,1252.0,2.0,626.0,1.0,1,1
Super built-up Area,Bannerghatta Road,3.0,1.0,125.0,1885.0,3.0,628.3333333333334,1.0,0,0
Built-up Area,Kaikondrahalli,6.0,3.0,225.0,3381.0,6.0,563.5,1.0,1,0
Super built-up Area,Hormavu,2.0,2.0,42.0,980.0,2.0,490.0,1.0,1,0
Super built-up Area,Rajaji Nagar,3.0,3.0,340.0,2500.0,3.0,833.3333333333334,1.0,1,1
Super built-up Area,Banashankari,3.0,1.0,66.0,1420.0,3.0,473.3333333333333,1.0,0,0
Built-up Area,"Banasawadi,",3.0,2.0,156.0,2312.0,3.0,770.6666666666666,1.0,1,0
Super built-up Area,Kaggadasapura,4.0,,130.0,3000.0,4.0,750.0,1.0,1,1
Built-up Area,Jayamahal,2.0,1.0,70.0,1175.0,2.0,587.5,1.0,1,0
Super built-up Area,Vinayaka Nagar,2.0,2.0,51.0,1145.0,2.0,572.5,1.0,1,0
Built-up Area,Bhoganhalli,2.0,1.0,52.5,970.0,2.0,485.0,1.0,1,1
Super built-up Area,Whitefield,3.0,0.0,92.63,1639.5,3.0,546.5,1.0,0,1
Built-up Area,9th Phase JP Nagar,4.0,,300.0,5000.0,4.0,1250.0,1.0,1,1
Built-up Area,3rd Block Jayanagar,3.0,3.0,240.0,2150.0,3.0,716.6666666666666,1.0,1,0
Super built-up Area,Ramagondanahalli,3.0,1.0,57.0,1635.0,3.0,545.0,1.0,0,1
Built-up Area,Harlur,3.0,1.0,320.0,3425.0,3.0,1141.6666666666667,1.0,1,1
Built-up Area,Hennur Road,4.0,3.0,253.0,2950.0,4.0,737.5,1.0,0,1
Super built-up Area,Jalahalli,2.0,1.0,66.0,1200.0,1.0,1200.0,2.0,0,1
Super built-up Area,Kathriguppe,2.0,2.0,73.43,1335.0,3.0,445.0,0.6666666666666666,1,0
Super built-up Area,Hebbal,6.0,0.0,449.0,4450.0,4.0,1112.5,1.5,1,1
Super built-up Area,Yeshwanthpur,2.0,1.0,64.08,1166.0,2.0,583.0,1.0,1,1
Super built-up Area,Rajaji Nagar,3.0,1.0,372.0,2390.0,3.0,796.6666666666666,1.0,1,1
Super built-up Area,Shivaji Nagar,2.0,1.0,90.0,1460.0,3.0,486.6666666666667,0.6666666666666666,1,0
Super built-up Area,Gulimangala,3.0,3.0,50.0,1690.0,3.0,563.3333333333334,1.0,1,1
Plot Area,Nagashetty Halli,3.0,2.0,93.0,1386.0,4.0,346.5,0.75,1,0
Super built-up Area,Devasandra Extension,2.0,2.0,32.0,1090.0,2.0,545.0,1.0,1,0
Super built-up Area,Whitefield,2.0,1.0,72.0,1390.0,2.0,695.0,1.0,1,0
Built-up Area,Sector 2 HSR Layout,2.0,1.0,85.41,1095.0,2.0,547.5,1.0,1,1
Super built-up Area,Kengeri,1.0,1.0,17.19,416.0,1.0,416.0,1.0,0,1
Super built-up Area,Channasandra Layout,2.0,3.0,50.0,2400.0,3.0,800.0,0.6666666666666666,1,0
Built-up Area,Yelahanka,2.0,3.0,85.0,1350.0,3.0,450.0,0.6666666666666666,1,1
Built-up Area,Bannerghatta Road,2.0,2.0,73.0,1453.0,3.0,484.3333333333333,0.6666666666666666,1,0
Super built-up Area,Thanisandra,2.0,1.0,65.0,1226.0,2.0,613.0,1.0,1,1
Super built-up Area,Hegde Nagar,2.0,1.0,68.0,1168.0,3.0,389.3333333333333,0.6666666666666666,1,1
Super built-up Area,Bannerghatta,3.0,2.0,124.0,1776.0,3.0,592.0,1.0,0,1
Built-up Area,Whitefield,3.0,2.0,68.0,1634.0,3.0,544.6666666666666,1.0,1,1
Plot Area,Hormavu,2.0,0.0,56.0,860.0,2.0,430.0,1.0,1,0
Plot Area,Kamala Nagar,3.0,1.0,400.0,2800.0,3.0,933.3333333333334,1.0,1,0
Super built-up Area,Nagasandra,3.0,2.0,95.0,1650.0,3.0,550.0,1.0,1,0
Super built-up Area,Whitefield,2.0,1.0,70.0,1190.0,2.0,595.0,1.0,1,1
Super built-up Area,JP Nagar,2.0,1.0,33.99,1133.0,2.0,566.5,1.0,0,1
Super built-up Area,Suraksha Nagar,3.0,2.0,62.0,1559.0,3.0,519.6666666666666,1.0,1,1
Plot Area,Horamavu Banaswadi,4.0,0.0,118.0,1448.0,3.0,482.6666666666667,1.3333333333333333,1,0
Super built-up Area,Sathya Sai Layout,6.0,1.0,510.0,6652.0,4.0,1663.0,1.5,1,1
Super built-up Area,Kodichikkanahalli,2.0,1.0,50.0,976.0,2.0,488.0,1.0,1,1
Plot Area,Bank Of Baroda Colony,4.0,3.0,240.0,1350.0,4.0,337.5,1.0,1,0
Super built-up Area,Yelahanka,2.0,2.0,54.0,1590.0,3.0,530.0,0.6666666666666666,1,0
Super built-up Area,Binny Pete,6.0,2.0,201.0,2940.0,4.0,735.0,1.5,0,1
Built-up Area,Yelahanka,3.0,2.0,110.0,1633.0,3.0,544.3333333333334,1.0,1,1
Super built-up Area,Ramagondanahalli,2.0,2.0,46.0,1151.0,2.0,575.5,1.0,0,1
Super built-up Area,Kereguddadahalli,2.0,2.0,42.0,1400.0,3.0,466.6666666666667,0.6666666666666666,1,1
Super built-up Area,Uttarahalli,2.0,1.0,36.0,1037.0,2.0,518.5,1.0,0,1
Super built-up Area,Thanisandra,2.0,1.0,36.0,1188.0,2.0,594.0,1.0,1,1
Super built-up Area,Raja Rajeshwari Nagar 5th Stage,2.0,1.0,52.0,1060.0,2.0,530.0,1.0,1,1
Super built-up Area,Thigalarapalya,4.0,2.0,162.0,2215.0,3.0,738.3333333333334,1.3333333333333333,1,1
Super built-up Area,Hennur,2.0,2.0,54.5,1255.0,2.0,627.5,1.0,1,0
Plot Area,Ganesha Block,2.0,1.0,300.0,2500.0,3.0,833.3333333333334,0.6666666666666666,1,0
Super built-up Area,Harlur,5.0,3.0,180.0,2569.0,4.0,642.25,1.25,0,1
Super built-up Area,ITPL,2.0,1.0,27.0,900.0,2.0,450.0,1.0,0,0
Super built-up Area,Kudlu Gate,2.0,1.0,79.54,1183.0,2.0,591.5,1.0,0,1
Super built-up Area,HSR Layout,2.0,2.0,44.0,1100.0,2.0,550.0,1.0,1,1
Super built-up Area,GM Palaya,2.0,2.0,70.0,1643.0,3.0,547.6666666666666,0.6666666666666666,1,0
Super built-up Area,Banagiri Nagar,2.0,2.0,120.0,1500.0,3.0,500.0,0.6666666666666666,1,0
Super built-up Area,Jakkur,2.0,1.0,75.0,1291.0,2.0,645.5,1.0,1,1
Plot Area,Hennur,3.0,2.0,80.0,1150.0,3.0,383.3333333333333,1.0,0,0
Super built-up Area,Electronic City,2.0,1.0,55.0,1060.0,2.0,530.0,1.0,1,1
Built-up Area,Byrathi Village,3.0,2.0,55.0,1700.0,4.0,425.0,0.75,1,0
Super built-up Area,Mahadevpura,2.0,1.0,58.0,1236.0,2.0,618.0,1.0,1,1
Built-up Area,Ramamurthy Nagar,2.0,2.0,39.0,1350.0,3.0,450.0,0.6666666666666666,1,0
Built-up Area,Pai Layout,6.0,,175.0,3800.0,6.0,633.3333333333334,1.0,1,0
Built-up Area,Haralur Road,5.0,,375.0,4694.0,4.0,1173.5,1.25,1,1
Built-up Area,Electronic City,2.0,1.0,34.66,1200.0,2.0,600.0,1.0,0,0
Plot Area,Hulimavu,4.0,1.0,75.0,1200.0,4.0,300.0,1.0,1,0
Built-up Area,Harlur,2.0,2.0,56.0,1225.0,2.0,612.5,1.0,1,0
Super built-up Area,Thanisandra,2.0,1.0,75.0,1056.0,2.0,528.0,1.0,0,1
Super built-up Area,9th Phase JP Nagar,2.0,2.0,42.85,1240.0,3.0,413.3333333333333,0.6666666666666666,0,0
Super built-up Area,Banashankari,3.0,2.0,74.52,1200.0,3.0,400.0,1.0,0,0
Super built-up Area,Kudlu Gate,3.0,2.0,110.0,1850.0,3.0,616.6666666666666,1.0,0,1
Super built-up Area,Amblipura,4.0,3.0,180.0,3150.0,4.0,787.5,1.0,1,1
Built-up Area,Naganathapura,1.0,0.0,39.82,1200.0,1.0,1200.0,1.0,1,0
Built-up Area,Konena Agrahara,6.0,1.0,460.0,3520.0,5.0,704.0,1.2,1,0
Super built-up Area,Jigani,2.0,2.0,56.0,918.0,2.0,459.0,1.0,1,1
Super built-up Area,GD Layout,2.0,2.0,68.0,1330.0,3.0,443.3333333333333,0.6666666666666666,1,0
Built-up Area,Munnekollal,2.0,3.0,70.0,1540.0,3.0,513.3333333333334,0.6666666666666666,1,1
Super built-up Area,Lakshminarayana Pura,2.0,2.0,80.0,1200.0,2.0,600.0,1.0,1,1
Super built-up Area,Sunkan palya,2.0,2.0,37.0,927.0,2.0,463.5,1.0,0,0
Built-up Area,Sarjapur,4.0,0.0,115.0,2585.5,4.0,646.375,1.0,0,1
Super built-up Area,CV Raman Nagar,2.0,2.0,78.0,1400.0,3.0,466.6666666666667,0.6666666666666666,1,0
Built-up Area,1st Phase JP Nagar,3.0,1.0,400.0,1900.0,4.0,475.0,0.75,1,0
Super built-up Area,8th Phase JP Nagar,2.0,3.0,80.0,1510.0,2.0,755.0,1.0,1,1
Super built-up Area,Kanakpura Road,,,27.0,525.0,1.0,525.0,,0,1
Plot Area,ITPL,3.0,1.0,61.52,1500.0,3.0,500.0,1.0,0,0
Super built-up Area,Yelahanka,1.0,0.0,42.535,827.5,1.0,827.5,1.0,0,1
Super built-up Area,Vidyaranyapura,2.0,2.0,72.0,1100.0,3.0,366.6666666666667,0.6666666666666666,1,0
Built-up Area,Sunkadakatte,3.0,1.0,68.0,1200.0,3.0,400.0,1.0,1,0
Carpet Area,Hormavu,4.0,0.0,115.0,2282.0,4.0,570.5,1.0,0,1
Built-up Area,Jayanti Nagar,2.0,1.0,37.49,760.0,2.0,380.0,1.0,1,0
Plot Area,Sarjapur,3.0,0.0,100.0,2172.0,3.0,724.0,1.0,1,1
Super built-up Area,Yeshwanthpur Industrial Suburb,6.0,,390.0,3800.0,6.0,633.3333333333334,1.0,1,1
Super built-up Area,8th Phase JP Nagar,3.0,2.0,165.0,3300.0,3.0,1100.0,1.0,1,0
Super built-up Area,Thubarahalli,3.0,1.0,51.0,1242.0,3.0,414.0,1.0,0,0
Plot Area,Moodalapalya,1.0,1.0,48.0,410.0,1.0,410.0,1.0,1,0
Super built-up Area,Uttarahalli,2.0,2.0,43.58,1245.0,3.0,415.0,0.6666666666666666,1,1
Built-up Area,Kadugodi,2.0,2.0,44.0,1088.0,2.0,544.0,1.0,1,0
Built-up Area,Sahakara Nagar,2.0,0.0,46.0,1200.0,2.0,600.0,1.0,1,1
Plot Area,TC Palaya,3.0,1.0,100.0,1995.0,3.0,665.0,1.0,1,0
Super built-up Area,Haralur Road,2.0,1.0,82.0,1309.0,2.0,654.5,1.0,1,0
Super built-up Area,BTM 1st Stage,3.0,2.0,200.0,1717.0,3.0,572.3333333333334,1.0,1,0
Super built-up Area,7th Phase JP Nagar,3.0,2.0,200.0,2100.0,3.0,700.0,1.0,1,1
Plot Area,Gayathri Nagar,1.0,0.0,90.0,880.0,2.0,440.0,0.5,1,0
Super built-up Area,Maruthi Nagar,3.0,2.0,42.0,1250.0,3.0,416.6666666666667,1.0,0,0
Super built-up Area,Hebbal,5.0,2.0,240.0,3520.0,3.0,1173.3333333333333,1.6666666666666667,1,1
Super built-up Area,5th Phase JP Nagar,2.0,2.0,54.0,1041.0,2.0,520.5,1.0,1,1
Super built-up Area,Sarjapur  Road,2.0,2.0,60.0,1505.0,3.0,501.6666666666667,0.6666666666666666,1,1
Super built-up Area,Bannerghatta,3.0,2.0,150.0,1776.0,3.0,592.0,1.0,0,1
Super built-up Area,Bellandur,3.0,2.0,89.0,1767.0,3.0,589.0,1.0,1,1
Super built-up Area,Kengeri,2.0,1.0,50.0,1320.0,2.0,660.0,1.0,1,0
Built-up Area,Bhuvaneshwari Nagar,2.0,2.0,68.48,1280.0,2.0,640.0,1.0,1,1
Super built-up Area,Thanisandra,2.0,1.0,83.05,1245.0,2.0,622.5,1.0,0,1
Super built-up Area,Haralur Road,1.0,2.0,44.0,1027.0,2.0,513.5,0.5,1,0
Built-up Area,Yelenahalli,2.0,,46.17,1200.0,2.0,600.0,1.0,1,0
Super built-up Area,Kanakpura Road,3.0,2.0,58.0,1100.0,3.0,366.6666666666667,1.0,0,1
Plot Area,Medahalli,3.0,1.0,72.0,1065.0,3.0,355.0,1.0,1,0
Super built-up Area,Kannamangala,3.0,1.0,129.0,1814.0,3.0,604.6666666666666,1.0,0,1
Super built-up Area,Ramagondanahalli,2.0,1.0,112.0,1610.0,3.0,536.6666666666666,0.6666666666666666,1,1
Built-up Area,Kumaraswami Layout,1.0,1.0,78.0,850.0,1.0,850.0,1.0,1,0
Super built-up Area,Kasavanhalli,3.0,3.0,79.0,1600.0,3.0,533.3333333333334,1.0,0,1
Super built-up Area,Old Mangammanapalya Road,4.0,2.0,140.0,3200.0,3.0,1066.6666666666667,1.3333333333333333,1,0
Built-up Area,Canara Bank Colony,2.0,1.0,77.13,1250.0,3.0,416.6666666666667,0.6666666666666666,1,0
Super built-up Area,Ittamadu,3.0,3.0,75.0,1475.0,3.0,491.6666666666667,1.0,1,1
Super built-up Area,Electronic City,2.0,3.0,75.0,1353.0,2.0,676.5,1.0,1,1
Carpet Area,Maruthi Sevanagar,3.0,0.0,210.0,2100.0,4.0,525.0,0.75,1,0
Super built-up Area,Electronics City Phase 1,3.0,2.0,58.0,1750.0,3.0,583.3333333333334,1.0,0,0
Plot Area,Whitefield,4.0,3.0,550.0,4800.0,4.0,1200.0,1.0,1,1
Built-up Area,Sahakara Nagar,2.0,1.0,96.0,1270.0,2.0,635.0,1.0,1,1
Built-up Area,Battarahalli,3.0,0.0,75.0,2700.0,4.0,675.0,0.75,1,0
Plot Area,8th Phase JP Nagar,4.0,2.0,270.0,1200.0,4.0,300.0,1.0,1,0
Built-up Area,Thanisandra,4.0,3.0,188.0,2695.0,4.0,673.75,1.0,0,1
Super built-up Area,Hessarghatta,3.0,2.0,65.0,1330.0,3.0,443.3333333333333,1.0,1,1
Built-up Area,Electronic City,1.0,0.0,18.0,660.0,2.0,330.0,0.5,1,0
Super built-up Area,BTM 2nd Stage,2.0,3.0,90.0,1400.0,2.0,700.0,1.0,1,1
Built-up Area,Gubbalala,5.0,1.0,195.0,4000.0,4.0,1000.0,1.25,1,0
Super built-up Area,Kanakpura Road,3.0,2.0,75.0,1700.0,3.0,566.6666666666666,1.0,1,1
Built-up Area,Kasavanhalli,2.0,2.0,90.0,1585.0,2.0,792.5,1.0,1,1
Super built-up Area,Kothanur,3.0,3.0,67.0,1385.0,3.0,461.6666666666667,1.0,1,0
Super built-up Area,Electronic City,2.0,1.0,67.0,1128.0,2.0,564.0,1.0,0,1
Super built-up Area,HSR Layout,2.0,2.0,60.0,1203.0,2.0,601.5,1.0,1,1
Super built-up Area,Mallasandra,2.0,1.0,35.0,905.0,2.0,452.5,1.0,1,1
Super built-up Area,Hennur Road,3.0,2.0,79.0,1450.0,3.0,483.3333333333333,1.0,0,1
Super built-up Area,Varthur,2.0,3.0,38.0,1105.0,2.0,552.5,1.0,1,1
Plot Area,Channasandra,2.0,1.0,46.13,1200.0,2.0,600.0,1.0,0,0
Super built-up Area,Jalahalli,2.0,3.0,89.0,1530.0,3.0,510.0,0.6666666666666666,1,1
Super built-up Area,Whitefield,2.0,1.0,35.4,1105.0,2.0,552.5,1.0,1,1
Super built-up Area,Dasarahalli,2.0,1.0,78.56,1333.0,2.0,666.5,1.0,0,1
Built-up Area,Hongasandra,2.0,2.0,45.0,1065.0,2.0,532.5,1.0,0,0
Super built-up Area,Old Madras Road,3.0,2.0,76.34,1530.0,3.0,510.0,1.0,0,1
Plot Area,Margondanahalli,2.0,1.0,65.0,1200.0,2.0,600.0,1.0,1,0
Super built-up Area,Whitefield,2.0,1.0,94.0,1270.0,2.0,635.0,1.0,1,1
Super built-up Area,Bellandur,3.0,3.0,89.0,1830.0,3.0,610.0,1.0,1,1
Super built-up Area,Chandapura,2.0,3.0,35.0,900.0,2.0,450.0,1.0,1,0
Plot Area,Attibele,2.0,2.0,250.0,2400.0,4.0,600.0,0.5,1,1
Plot Area,Varsova Layout,6.0,2.0,560.0,7000.0,6.0,1166.6666666666667,1.0,1,0
Super built-up Area,Bannerghatta Road,2.0,2.0,78.0,1450.0,3.0,483.3333333333333,0.6666666666666666,1,1
Super built-up Area,J C Nagar,3.0,3.0,65.0,1525.0,3.0,508.3333333333333,1.0,1,0
Built-up Area,Mahalakshmi Layout,2.0,1.0,67.0,1080.0,2.0,540.0,1.0,1,0
Built-up Area,Bagalur Main Road,2.0,2.0,72.0,1220.0,2.0,610.0,1.0,1,0
Super built-up Area,Bommanahalli,2.0,0.0,73.17,1355.0,2.0,677.5,1.0,1,1
Plot Area,R.T. Nagar,3.0,0.0,348.0,2400.0,3.0,800.0,1.0,1,0
Super built-up Area,Govindapura,2.0,2.0,60.0,1500.0,2.0,750.0,1.0,1,0
Built-up Area,Koramangala,2.0,2.0,95.0,1355.0,2.0,677.5,1.0,1,0
Built-up Area,Electronic City,2.0,1.0,57.0,1070.0,2.0,535.0,1.0,0,1
Super built-up Area,CV Raman Nagar,4.0,1.0,180.0,1980.0,3.0,660.0,1.3333333333333333,1,1
Super built-up Area,Bommasandra,2.0,2.0,30.0,842.0,2.0,421.0,1.0,1,1
Super built-up Area,Bannerghatta Road,1.0,1.0,31.2,700.0,1.0,700.0,1.0,1,1
Built-up Area,Doddakammanahalli,4.0,,65.0,2500.0,3.0,833.3333333333334,1.3333333333333333,1,0
Built-up Area,"Kanakapura Road,",3.0,2.0,95.0,1884.0,3.0,628.0,1.0,1,0
Built-up Area,Dena Bank Colony,2.0,2.0,75.0,1100.0,2.0,550.0,1.0,1,1
Super built-up Area,Thanisandra,2.0,2.0,43.5,1185.0,2.0,592.5,1.0,1,1
Super built-up Area,Varthur,3.0,2.0,170.0,2145.0,3.0,715.0,1.0,1,0
Super built-up Area,Whitefield,2.0,1.0,89.0,1220.0,2.0,610.0,1.0,1,1
Super built-up Area,6th Phase JP Nagar,2.0,3.0,75.0,1192.0,2.0,596.0,1.0,1,1
Super built-up Area,Marathahalli,3.0,2.0,110.0,1449.0,3.0,483.0,1.0,1,1
Plot Area,Ardendale,3.0,1.0,250.0,2500.0,3.0,833.3333333333334,1.0,1,1
Built-up Area,Electronic City,3.0,2.0,90.0,1700.0,3.0,566.6666666666666,1.0,1,1
Super built-up Area,Hebbal,3.0,2.0,150.0,1920.0,3.0,640.0,1.0,0,1
Plot Area,BTM 4th Stage,2.0,0.0,90.0,1350.0,2.0,675.0,1.0,1,0
Plot Area,Devanahalli Int. Airport,5.0,2.0,350.0,4800.0,4.0,1200.0,1.25,1,0
Built-up Area,"Sarjapur Road,",3.0,2.0,74.0,1700.0,3.0,566.6666666666666,1.0,1,0
Super built-up Area,Hoodi,3.0,2.0,76.0,1447.0,2.0,723.5,1.5,0,1
Super built-up Area,Kanakpura Road,2.0,1.0,107.0,1329.0,2.0,664.5,1.0,0,1
Built-up Area,Sarjapur  Road,2.0,2.0,70.44,1314.0,3.0,438.0,0.6666666666666666,1,1
Plot Area,Hal old airport road,3.0,2.0,110.0,1200.0,3.0,400.0,1.0,1,0
Super built-up Area,Hosa Road,3.0,1.0,103.0,1513.0,3.0,504.3333333333333,1.0,0,1
Plot Area,arudi,2.0,0.0,80.0,261360.0,3.0,87120.0,0.6666666666666666,1,0
Super built-up Area,Vittasandra,2.0,1.0,67.5,1246.0,2.0,623.0,1.0,1,1
Super built-up Area,Ganga Nagar,1.0,1.0,65.0,705.0,1.0,705.0,1.0,1,0
Super built-up Area,Dasarahalli,2.0,2.0,62.0,1220.0,2.0,610.0,1.0,1,1
Super built-up Area,Yelahanka New Town,2.0,1.0,45.0,1800.0,3.0,600.0,0.6666666666666666,1,0
Super built-up Area,Kaval Byrasandra,3.0,2.0,75.0,1400.0,3.0,466.6666666666667,1.0,1,0
Super built-up Area,Kasavanhalli,2.0,2.0,80.0,1245.0,2.0,622.5,1.0,1,1
Super built-up Area,Anantapuram,2.0,1.0,63.0,1495.0,3.0,498.3333333333333,0.6666666666666666,1,1
Plot Area,Nagavara,2.0,2.0,275.0,2000.0,3.0,666.6666666666666,0.6666666666666666,1,0
Built-up Area,Gollarapalya Hosahalli,2.0,2.0,36.5,996.0,2.0,498.0,1.0,1,1
Built-up Area,Yelahanka New Town,2.0,1.0,44.0,1000.0,2.0,500.0,1.0,1,0
Built-up Area,Chikka Banaswadi,2.0,3.0,75.0,1250.0,2.0,625.0,1.0,1,1
Super built-up Area,Thanisandra,2.0,1.0,80.0,1261.0,3.0,420.3333333333333,0.6666666666666666,1,1
Built-up Area,Electronics City Phase 1,2.0,2.0,46.0,1080.0,2.0,540.0,1.0,1,1
Super built-up Area,Akshayanagara East,2.0,1.0,50.0,1230.0,2.0,615.0,1.0,1,1
Super built-up Area,Kammasandra,2.0,2.0,25.53,982.0,2.0,491.0,1.0,0,0
Super built-up Area,Bommasandra,3.0,1.0,49.36,1260.0,3.0,420.0,1.0,0,1
Super built-up Area,HSR Layout,2.0,2.0,135.0,1590.0,3.0,530.0,0.6666666666666666,1,1
Super built-up Area,Horamavu Agara,2.0,2.0,39.0,1220.0,2.0,610.0,1.0,1,1
Super built-up Area,Electronic City Phase II,2.0,1.0,38.12,1320.0,3.0,440.0,0.6666666666666666,0,1
Super built-up Area,Green Glen Layout,3.0,2.0,105.0,1750.0,3.0,583.3333333333334,1.0,1,1
Super built-up Area,Whitefield,2.0,3.0,62.15,1436.0,3.0,478.6666666666667,0.6666666666666666,1,1
Plot Area,TC Palaya,2.0,0.0,66.0,1200.0,3.0,400.0,0.6666666666666666,0,0
Super built-up Area,Malleshwaram,2.0,,140.0,1500.0,2.0,750.0,1.0,1,1
Super built-up Area,Varthur,3.0,2.0,90.0,1560.0,3.0,520.0,1.0,1,1
Super built-up Area,Whitefield,3.0,1.0,300.0,3758.0,3.0,1252.6666666666667,1.0,0,0
Super built-up Area,Belatur,2.0,2.0,59.0,1275.0,2.0,637.5,1.0,1,1
Super built-up Area,Ramanjaneyanagar,2.0,2.0,36.4,1040.0,2.0,520.0,1.0,1,0
Super built-up Area,Bellandur,3.0,2.0,115.0,2400.0,3.0,800.0,1.0,1,1
Plot Area,Kaggalipura,5.0,1.0,212.0,3150.0,4.0,787.5,1.25,0,1
Super built-up Area,Karuna Nagar,3.0,2.0,165.0,1960.0,3.0,653.3333333333334,1.0,1,1
Super built-up Area,JP Nagar,5.0,3.0,309.0,3200.0,4.0,800.0,1.25,1,1
Super built-up Area,Yelahanka,2.0,0.0,53.105,1195.0,2.0,597.5,1.0,1,1
Super built-up Area,Hosakerehalli,5.0,2.0,145.0,4500.0,5.0,900.0,1.0,1,0
Plot Area,Sathya Sai Layout,4.0,2.0,699.0,4304.0,4.0,1076.0,1.0,0,1
Super built-up Area,Javarandoddi,1.0,1.0,40.0,648.0,1.0,648.0,1.0,0,0
Super built-up Area,Sarjapur  Road,3.0,2.0,130.0,2100.0,3.0,700.0,1.0,1,1
Super built-up Area,Thanisandra main road,4.0,2.0,602.0,4209.0,4.0,1052.25,1.0,0,0
Super built-up Area,Kudlu,2.0,1.0,44.0,1027.0,2.0,513.5,1.0,1,1
Plot Area,Whitefield,4.0,3.0,250.0,1575.0,4.0,393.75,1.0,1,1
Super built-up Area,Bommasandra,3.0,1.0,52.82,1365.0,3.0,455.0,1.0,0,1
Super built-up Area,Yelahanka New Town,1.0,1.0,18.0,650.0,1.0,650.0,1.0,1,1
Plot Area,Chandapura,2.0,1.0,52.0,1200.0,3.0,400.0,0.6666666666666666,0,0
Super built-up Area,Cooke Town,2.0,3.0,90.0,1100.0,2.0,550.0,1.0,1,0
Built-up Area,7th Phase JP Nagar,2.0,1.0,57.0,1075.0,3.0,358.3333333333333,0.6666666666666666,1,1
Super built-up Area,Banashankari,2.0,1.0,63.0,1100.0,2.0,550.0,1.0,1,1
Super built-up Area,Akshya Nagar,2.0,1.0,58.0,1320.0,3.0,440.0,0.6666666666666666,1,0
Super built-up Area,Kammasandra,3.0,2.0,65.0,1500.0,3.0,500.0,1.0,1,1
Plot Area,Vijaypura,5.0,1.0,150.0,1200.0,4.0,300.0,1.25,1,0
Super built-up Area,Bhoganhalli,3.0,2.0,90.2,1718.0,3.0,572.6666666666666,1.0,0,1
Super built-up Area,Bisuvanahalli,2.0,1.0,32.0,1075.0,3.0,358.3333333333333,0.6666666666666666,1,1
Super built-up Area,Chennammana Kere,3.0,1.0,75.48,1480.0,3.0,493.3333333333333,1.0,0,0
Super built-up Area,Austin Town,1.0,1.0,13.0,500.0,1.0,500.0,1.0,1,0
Plot Area,3rd Block Banashankari,4.0,1.0,325.0,2400.0,5.0,480.0,0.8,1,0
Plot Area,Kaikondrahalli,4.0,2.0,125.0,1200.0,4.0,300.0,1.0,0,0
Super built-up Area,Kanakpura Road,2.0,1.0,36.44,1041.0,2.0,520.5,1.0,1,0
Super built-up Area,Doddanekundi,2.0,2.0,48.4,1128.0,2.0,564.0,1.0,1,0
Super built-up Area,Hosur Road,3.0,1.0,90.0,1685.0,3.0,561.6666666666666,1.0,1,1
Super built-up Area,Guddadahalli,2.0,2.0,65.0,1180.0,2.0,590.0,1.0,1,1
Built-up Area,Ejipura,2.0,1.0,60.0,1200.0,2.0,600.0,1.0,1,1
Super built-up Area,Mangammanapalya,3.0,2.0,39.5,1250.0,3.0,416.6666666666667,1.0,0,0
Built-up Area,Chelekare,2.0,1.0,45.0,1000.0,2.0,500.0,1.0,1,1
Built-up Area,Yelahanka New Town,2.0,2.0,80.0,600.0,2.0,300.0,1.0,1,0
Super built-up Area,Vittasandra,2.0,1.0,70.0,1404.0,2.0,702.0,1.0,1,1
Super built-up Area,Varthur,2.0,1.0,85.0,1760.0,2.0,880.0,1.0,0,1
Super built-up Area,Amam Enclave Layout,2.0,1.0,55.0,975.0,2.0,487.5,1.0,1,0
Built-up Area,Kashi Nagar,2.0,2.0,42.0,1190.0,2.0,595.0,1.0,1,1
Built-up Area,Kudlu,2.0,1.0,46.0,1110.0,2.0,555.0,1.0,1,0
Super built-up Area,Rajaji Nagar,3.0,2.0,399.0,2415.0,3.0,805.0,1.0,1,1
Super built-up Area,Gunjur,2.0,2.0,44.5,1235.0,2.0,617.5,1.0,0,1
Super built-up Area,Nanjappa Garden,2.0,3.0,55.0,1275.0,2.0,637.5,1.0,1,1
Built-up Area,Victoria Layout,2.0,1.0,115.0,1115.0,2.0,557.5,1.0,1,0
Super built-up Area,Harlur,2.0,1.0,76.0,1197.0,2.0,598.5,1.0,1,1
Super built-up Area,Begur Road,1.0,1.0,32.0,644.0,1.0,644.0,1.0,0,1
Super built-up Area,Bellandur,2.0,3.0,47.0,1251.0,2.0,625.5,1.0,1,0
Super built-up Area,Neeladri Nagar,2.0,2.0,30.0,1105.0,2.0,552.5,1.0,0,1
Super built-up Area,4th Phase JP Nagar,2.0,2.0,38.0,1080.0,2.0,540.0,1.0,0,0
Super built-up Area,Kudlu,3.0,1.0,114.0,2100.0,4.0,525.0,0.75,1,0
Plot Area,Kammanahalli,4.0,1.0,200.0,1600.0,4.0,400.0,1.0,1,0
Super built-up Area,NRI Layout,3.0,3.0,64.11,1731.0,3.0,577.0,1.0,1,0
Super built-up Area,Hormavu,2.0,1.0,55.0,1206.0,2.0,603.0,1.0,1,1
Super built-up Area,Choodasandra,3.0,2.0,78.0,1560.0,3.0,520.0,1.0,1,1
Super built-up Area,7th Phase JP Nagar,1.0,2.0,47.0,750.0,1.0,750.0,1.0,1,1
Built-up Area,Billekahalli,2.0,2.0,90.0,1035.0,2.0,517.5,1.0,1,1
Super built-up Area,Sarjapur  Road,1.0,0.0,35.8,702.0,1.0,702.0,1.0,1,1
Plot Area,Attibele,3.0,1.0,65.0,1700.0,3.0,566.6666666666666,1.0,1,0
Super built-up Area,HRBR Layout,2.0,2.0,68.5,1145.0,2.0,572.5,1.0,1,0
Super built-up Area,Ramamurthy Nagar,2.0,2.0,43.5,1208.0,3.0,402.6666666666667,0.6666666666666666,1,0
Super built-up Area,Brookefield,3.0,2.0,74.0,1589.0,3.0,529.6666666666666,1.0,1,0
Super built-up Area,Yelahanka New Town,2.0,2.0,61.5,1426.0,3.0,475.3333333333333,0.6666666666666666,1,1
Super built-up Area,Green Glen Layout,3.0,2.0,135.0,1885.0,3.0,628.3333333333334,1.0,1,1
Super built-up Area,Old Madras Road,2.0,0.0,37.77,935.0,2.0,467.5,1.0,0,1
Super built-up Area,Old Madras Road,2.0,2.0,73.0,1171.0,2.0,585.5,1.0,0,1
Super built-up Area,Singasandra,2.0,3.0,60.0,1465.0,2.0,732.5,1.0,1,0
Super built-up Area,Budigere,3.0,2.0,95.0,1820.0,3.0,606.6666666666666,1.0,1,1
Super built-up Area,Raja Rajeshwari Nagar,2.0,2.0,66.85,1580.0,3.0,526.6666666666666,0.6666666666666666,1,1
Super built-up Area,Whitefield,2.0,2.0,46.29,1452.0,3.0,484.0,0.6666666666666666,1,1
Super built-up Area,Hennur Road,2.0,1.0,89.56,1445.0,3.0,481.6666666666667,0.6666666666666666,1,1
Super built-up Area,Gollahalli,2.0,1.0,39.0,1170.0,2.0,585.0,1.0,1,1
Super built-up Area,Anjappa Layout,2.0,1.0,50.0,1070.0,2.0,535.0,1.0,1,0
Super built-up Area,Kothanur,2.0,2.0,56.0,1140.0,2.0,570.0,1.0,0,0
Built-up Area,Rachenahalli,3.0,2.0,160.0,2600.0,3.0,866.6666666666666,1.0,1,1
Super built-up Area,Shikaripalya,3.0,2.0,59.75,1532.0,3.0,510.6666666666667,1.0,1,1
Super built-up Area,AGS Layout,2.0,1.0,46.0,1150.0,2.0,575.0,1.0,1,0
Super built-up Area,Jakkur,2.0,1.0,85.0,1473.0,2.0,736.5,1.0,1,1
Super built-up Area,Kathriguppe,3.0,2.0,80.99,1350.0,3.0,450.0,1.0,1,1
Super built-up Area,Prithvi Layout,4.0,0.0,500.0,4040.0,4.0,1010.0,1.0,1,1
Super built-up Area,CV Raman Nagar,4.0,2.0,166.0,1980.0,3.0,660.0,1.3333333333333333,0,1
Super built-up Area,Hoodi,3.0,2.0,128.0,1660.0,3.0,553.3333333333334,1.0,0,1
Plot Area,Kogilu,7.0,2.0,85.0,2456.0,7.0,350.85714285714283,1.0,1,0
Super built-up Area,Chamrajpet,2.0,2.0,45.0,650.0,2.0,325.0,1.0,1,0
Plot Area,Neeladri Nagar,5.0,2.0,425.0,4000.0,5.0,800.0,1.0,1,1
Super built-up Area,Malleshwaram,4.0,3.0,340.0,2475.0,3.0,825.0,1.3333333333333333,1,1
Super built-up Area,Chikkakannalli,3.0,2.0,90.0,1495.0,3.0,498.3333333333333,1.0,1,0
Super built-up Area,R.T. Nagar,2.0,1.0,48.0,1080.0,2.0,540.0,1.0,1,1
Super built-up Area,Electronic City,2.0,2.0,57.5,1521.0,3.0,507.0,0.6666666666666666,1,1
Built-up Area,Aishwarya Crystal Layout,2.0,0.0,51.0,1053.0,2.0,526.5,1.0,1,1
Super built-up Area,Binny Pete,5.0,2.0,289.0,2406.0,3.0,802.0,1.6666666666666667,0,1
Built-up Area,Begur,3.0,2.0,12.0,2400.0,3.0,800.0,1.0,1,1
Super built-up Area,OLd Gurappanapalya,3.0,2.0,39.0,1250.0,3.0,416.6666666666667,1.0,0,0
Plot Area,Ramanagara Channapatna,2.0,1.0,75.0,1200.0,4.0,300.0,0.5,1,0
Built-up Area,Ulsoor,1.0,1.0,150.0,840.0,1.0,840.0,1.0,1,0
Super built-up Area,Uttarahalli,2.0,2.0,39.5,1000.0,2.0,500.0,1.0,1,1
Super built-up Area,Bannerghatta Road,3.0,3.0,68.0,1630.0,3.0,543.3333333333334,1.0,1,1
Super built-up Area,Kammasandra,2.0,1.0,40.5,985.0,2.0,492.5,1.0,1,1
Super built-up Area,BTM 2nd Stage,2.0,2.0,70.0,1200.0,2.0,600.0,1.0,1,1
Built-up Area,Ambalipura,3.0,3.0,100.0,1650.0,3.0,550.0,1.0,1,0
Super built-up Area,Mico Layout,3.0,2.0,59.0,1670.0,3.0,556.6666666666666,1.0,1,1
Plot Area,Sarjapur  Road,4.0,0.0,110.0,1240.0,4.0,310.0,1.0,0,1
Built-up Area,Maheswari Nagar,2.0,2.0,60.0,1000.0,2.0,500.0,1.0,1,1
Super built-up Area,Doddabanahalli,2.0,2.0,26.0,830.0,2.0,415.0,1.0,1,0
Plot Area,Ramagondanahalli,3.0,1.0,56.1,1200.0,3.0,400.0,1.0,0,0
Plot Area,Sadashiva Nagar,7.0,2.0,2736.0,9600.0,5.0,1920.0,1.4,1,0
Super built-up Area,Begur Road,6.0,0.0,122.5,2500.0,4.0,625.0,1.5,0,1
Super built-up Area,Nagarbhavi,3.0,3.0,85.0,1635.0,3.0,545.0,1.0,1,1
Built-up Area,HSR Layout,2.0,1.0,70.0,1120.0,2.0,560.0,1.0,1,0
Plot Area,Kamakya Layout,6.0,3.0,200.0,2750.0,6.0,458.3333333333333,1.0,1,0
Super built-up Area,Sector 7 HSR Layout,3.0,2.0,185.0,1760.0,3.0,586.6666666666666,1.0,1,1
Super built-up Area,Harlur,3.0,2.0,110.0,2137.0,3.0,712.3333333333334,1.0,1,1
Super built-up Area,Hennur Road,2.0,1.0,50.74,973.0,2.0,486.5,1.0,1,1
Super built-up Area,Kundalahalli,3.0,1.0,146.0,1724.0,3.0,574.6666666666666,1.0,0,1
Plot Area,Hsr layout sector3,4.0,3.0,375.0,1200.0,4.0,300.0,1.0,1,0
Super built-up Area,Electronic City,1.0,1.0,35.0,750.0,1.0,750.0,1.0,1,0
Super built-up Area,Kambipura,2.0,1.0,49.0,883.0,2.0,441.5,1.0,1,1
Built-up Area,Thyagraj Nagar,2.0,0.0,76.0,660.0,2.0,330.0,1.0,1,0
Super built-up Area,Ramagondanahalli,5.0,2.0,220.0,2787.0,4.0,696.75,1.25,1,1
Built-up Area,Devasthanagalu,2.0,3.0,60.0,1470.0,3.0,490.0,0.6666666666666666,1,1
Super built-up Area,Electronics City Phase 1,2.0,1.0,24.95,891.0,2.0,445.5,1.0,0,1
Built-up Area,"Sarjapur Road,",2.0,1.0,76.0,1275.0,2.0,637.5,1.0,1,0
Super built-up Area,Kothanur,3.0,2.0,120.0,1787.0,3.0,595.6666666666666,1.0,1,1
Built-up Area,8th Phase JP Nagar,5.0,2.0,75.0,1730.0,5.0,346.0,1.0,1,0
Super built-up Area,Sarjapur  Road,2.0,2.0,110.0,1320.0,2.0,660.0,1.0,1,1
Super built-up Area,Yeshwanthpur,3.0,3.0,108.0,1692.0,3.0,564.0,1.0,0,1
Super built-up Area,Bannerghatta Road,3.0,2.0,69.0,1400.0,3.0,466.6666666666667,1.0,1,1
Super built-up Area,Whitefield,2.0,2.0,56.0,1370.0,2.0,685.0,1.0,1,1
Super built-up Area,Thirumenahalli,3.0,2.0,56.0,1602.0,3.0,534.0,1.0,0,1
Built-up Area,"Hoodi Circle,",1.0,1.0,40.0,793.0,1.0,793.0,1.0,0,0
Super built-up Area,GM Palaya,1.0,1.0,35.0,675.0,1.0,675.0,1.0,1,1
Built-up Area,Chikka Tirupathi,4.0,2.0,136.0,3250.0,4.0,812.5,1.0,1,1
Super built-up Area,Whitefield,2.0,3.0,43.0,1050.0,2.0,525.0,1.0,1,1
Built-up Area,Jalahalli East,2.0,1.0,42.5,1035.0,2.0,517.5,1.0,1,1
Super built-up Area,Sarjapur  Road,2.0,2.0,44.0,1200.0,3.0,400.0,0.6666666666666666,0,1
Super built-up Area,Sarjapur  Road,3.0,2.0,128.0,1800.0,3.0,600.0,1.0,1,1
Built-up Area,Green Glen Layout,3.0,2.0,70.0,1625.0,3.0,541.6666666666666,1.0,1,1
Super built-up Area,Electronics City Phase 1,2.0,1.0,31.99,1032.0,2.0,516.0,1.0,0,1
Super built-up Area,Whitefield,2.0,1.0,71.81,1496.0,3.0,498.6666666666667,0.6666666666666666,0,1
Super built-up Area,Kothnoor Dinne,2.0,2.0,38.0,1100.0,2.0,550.0,1.0,0,0
Built-up Area,Kundalahalli,3.0,2.0,50.0,1500.0,3.0,500.0,1.0,1,0
Built-up Area,Electronic City Phase II,2.0,1.0,32.63,1125.0,2.0,562.5,1.0,0,1
Super built-up Area,Chikka Banaswadi,3.0,3.0,73.0,1555.0,3.0,518.3333333333334,1.0,1,1
Super built-up Area,Amruthahalli,2.0,1.0,42.0,1025.0,2.0,512.5,1.0,1,1
Super built-up Area,Hennur Road,2.0,1.0,83.73,1482.0,3.0,494.0,0.6666666666666666,0,1
Super built-up Area,Banagirinagar,2.0,2.0,130.0,1630.0,3.0,543.3333333333334,0.6666666666666666,1,0
Super built-up Area,Arekere,2.0,1.0,44.5,900.0,2.0,450.0,1.0,1,1
Super built-up Area,Yelahanka,2.0,3.0,75.0,1355.0,3.0,451.6666666666667,0.6666666666666666,1,1
Plot Area,1st Block Koramangala,4.0,2.0,601.0,2360.0,4.0,590.0,1.0,0,0
Built-up Area,Akshaya Nagar,2.0,2.0,45.0,1200.0,2.0,600.0,1.0,1,0
Super built-up Area,Suraksha Nagar,3.0,2.0,63.0,1563.0,3.0,521.0,1.0,1,1
Plot Area,Medaralli,4.0,1.0,84.0,1344.0,4.0,336.0,1.0,1,0
Super built-up Area,6th block Koramangala,3.0,2.0,400.0,3000.0,3.0,1000.0,1.0,1,0
Super built-up Area,5th Phase JP Nagar,2.0,1.0,42.0,812.0,2.0,406.0,1.0,1,0
Built-up Area,Basaveshwara Nagar,2.0,1.0,70.0,1200.0,2.0,600.0,1.0,0,0
Super built-up Area,Yelahanka,4.0,1.0,156.0,3175.0,4.0,793.75,1.0,1,0
Super built-up Area,Marathahalli,2.0,1.0,101.0,1360.0,2.0,680.0,1.0,1,1
Built-up Area,Rachenahalli,3.0,2.0,110.0,1756.0,3.0,585.3333333333334,1.0,1,1
Super built-up Area,8th Phase JP Nagar,2.0,2.0,51.83,1296.0,3.0,432.0,0.6666666666666666,1,1
Super built-up Area,Haralur Road,2.0,1.0,75.0,1300.0,2.0,650.0,1.0,1,1
Super built-up Area,Anandapura,2.0,1.0,50.0,1141.0,2.0,570.5,1.0,1,1
Built-up Area,Electronic City,2.0,1.0,55.0,1210.0,2.0,605.0,1.0,1,1
Super built-up Area,Hormavu,2.0,2.0,67.0,1310.0,2.0,655.0,1.0,1,1
Super built-up Area,Magadi Road,2.0,0.0,55.195,1187.0,3.0,395.6666666666667,0.6666666666666666,0,1
Super built-up Area,Gubbalala,3.0,2.0,140.0,1745.0,3.0,581.6666666666666,1.0,1,1
Super built-up Area,Raja Rajeshwari Nagar,2.0,2.0,37.0,1050.0,2.0,525.0,1.0,1,0
Plot Area,Banashankari,4.0,3.0,500.0,2400.0,4.0,600.0,1.0,1,0
Super built-up Area,Electronic City Phase II,2.0,1.0,34.0,1140.0,2.0,570.0,1.0,0,1
Super built-up Area,Varthur,2.0,2.0,54.0,1210.0,2.0,605.0,1.0,1,1
Super built-up Area,Kasavanhalli,3.0,2.0,142.0,2035.0,3.0,678.3333333333334,1.0,0,0
Super built-up Area,Sarjapur,1.0,1.0,17.09,633.0,1.0,633.0,1.0,1,1
Built-up Area,Amruthahalli,1.0,1.0,19.5,485.0,1.0,485.0,1.0,1,1
Plot Area,Ullal Uppanagar,2.0,0.0,82.0,1200.0,2.0,600.0,1.0,1,0
Super built-up Area,Sarjapur  Road,4.0,2.0,187.0,2275.0,3.0,758.3333333333334,1.3333333333333333,1,1
Super built-up Area,Doddanakundi Industrial Area 2,3.0,2.0,85.0,1419.0,3.0,473.0,1.0,1,1
Super built-up Area,Sri Sai Layout,2.0,,42.4,1195.0,2.0,597.5,1.0,0,0
Built-up Area,Versova Layout,3.0,3.0,270.0,2020.0,3.0,673.3333333333334,1.0,1,0
Super built-up Area,Kundalahalli,2.0,2.0,91.0,1047.0,2.0,523.5,1.0,1,1
Super built-up Area,Thanisandra,4.0,2.0,117.0,1884.0,3.0,628.0,1.3333333333333333,1,1
Plot Area,Malleshpalya,3.0,2.0,149.0,1200.0,3.0,400.0,1.0,1,0
Super built-up Area,Bannerghatta Road,2.0,1.0,58.0,905.0,2.0,452.5,1.0,1,1
Super built-up Area,JP Nagar,2.0,1.0,108.0,1500.0,3.0,500.0,0.6666666666666666,1,1
Built-up Area,Chikkajala,1.0,0.0,50.0,850.0,1.0,850.0,1.0,1,0
Built-up Area,Bommasandra Industrial Area,2.0,1.0,32.49,1125.0,2.0,562.5,1.0,0,0
Built-up Area,Tindlu,2.0,2.0,59.8,1165.0,2.0,582.5,1.0,1,0
Built-up Area,Maruthi Sevanagar,2.0,0.0,55.0,933.0,2.0,466.5,1.0,1,0
Super built-up Area,Hennur Road,2.0,1.0,77.0,1305.0,3.0,435.0,0.6666666666666666,1,1
Super built-up Area,Billekahalli,2.0,1.0,65.0,1125.0,2.0,562.5,1.0,1,1
Super built-up Area,BSM Extension,2.0,2.0,33.0,865.0,2.0,432.5,1.0,1,1
Super built-up Area,Jigani,3.0,3.0,66.0,1245.0,3.0,415.0,1.0,1,1
Super built-up Area,Kalyan nagar,2.0,3.0,300.0,8840.0,2.0,4420.0,1.0,1,0
Super built-up Area,Udayagiri,2.0,2.0,60.0,1145.0,3.0,381.6666666666667,0.6666666666666666,1,1
Built-up Area,AECS Layout,3.0,1.0,90.0,2000.0,3.0,666.6666666666666,1.0,1,1
Super built-up Area,Hosa Road,1.0,1.0,43.68,625.0,1.0,625.0,1.0,0,1
Super built-up Area,Kundalahalli,3.0,2.0,128.0,1724.0,3.0,574.6666666666666,1.0,1,1
Plot Area,Madiwala,1.0,1.0,75.0,400.0,1.0,400.0,1.0,1,0
Super built-up Area,Sarjapur  Road,2.0,1.0,54.0,1270.0,3.0,423.3333333333333,0.6666666666666666,1,1
Super built-up Area,Madiwala,3.0,2.0,39.5,1250.0,3.0,416.6666666666667,1.0,0,0
Super built-up Area,Jakkur,3.0,2.0,72.0,1485.0,3.0,495.0,1.0,0,1
Super built-up Area,Shankarapuram,2.0,1.0,80.0,823.0,2.0,411.5,1.0,1,0
Super built-up Area,7th Phase JP Nagar,2.0,2.0,50.0,990.0,2.0,495.0,1.0,1,0
Super built-up Area,Kothanur,2.0,2.0,59.0,1185.0,2.0,592.5,1.0,0,0
Super built-up Area,Kadubeesanahalli,2.0,1.0,78.0,1140.0,2.0,570.0,1.0,1,0
Super built-up Area,Yelahanka,3.0,2.0,125.0,1756.0,3.0,585.3333333333334,1.0,1,1
Built-up Area,Kumaraswami Layout,4.0,2.0,300.0,2600.0,4.0,650.0,1.0,1,0
Built-up Area,Doddakannelli,2.0,1.0,48.0,1025.0,2.0,512.5,1.0,1,1
Built-up Area,Whitefield,2.0,1.0,72.0,1216.0,2.0,608.0,1.0,0,0
Super built-up Area,Sarjapur  Road,2.0,2.0,60.8,1026.0,2.0,513.0,1.0,1,0
Super built-up Area,Sarjapur  Road,4.0,3.0,300.0,3335.0,4.0,833.75,1.0,1,1
Built-up Area,Kodichikkanahalli,4.0,2.0,125.0,2700.0,5.0,540.0,0.8,1,0
Super built-up Area,Begur,2.0,2.0,60.0,1411.0,3.0,470.3333333333333,0.6666666666666666,0,1
Super built-up Area,Kanakpura Road,2.0,1.0,39.6,1320.0,3.0,440.0,0.6666666666666666,1,1
Built-up Area,Bannerghatta,2.0,0.0,50.0,1320.0,2.0,660.0,1.0,1,1
Super built-up Area,Kalena Agrahara,3.0,2.0,155.0,1804.0,3.0,601.3333333333334,1.0,1,1
Plot Area,Banjara Layout,4.0,1.0,105.0,1200.0,4.0,300.0,1.0,0,0
Super built-up Area,Hebbal,4.0,2.0,189.0,2375.0,4.0,593.75,1.0,1,1
Plot Area,Chamundi Nagar,3.0,2.0,120.0,1750.0,3.0,583.3333333333334,1.0,1,0
Super built-up Area,TC Palaya,2.0,2.0,55.0,1152.0,2.0,576.0,1.0,1,0
Super built-up Area,Thanisandra,2.0,1.0,54.0,965.0,2.0,482.5,1.0,1,1
Super built-up Area,Lingadheeranahalli,3.0,1.0,120.0,1684.0,3.0,561.3333333333334,1.0,1,1
Super built-up Area,Hennur Road,3.0,2.0,86.0,1672.0,3.0,557.3333333333334,1.0,1,1
Super built-up Area,Panathur,2.0,2.0,60.0,1075.0,2.0,537.5,1.0,1,1
Plot Area,Sarjapur,5.0,2.0,95.0,1500.0,3.0,500.0,1.6666666666666667,1,1
Super built-up Area,Hebbal,2.0,1.0,99.26,1420.0,2.0,710.0,1.0,0,1
Super built-up Area,Nagashetty Halli,2.0,0.0,40.0,750.0,2.0,375.0,1.0,1,0
Super built-up Area,Yeshwanthpur,2.0,2.0,64.08,1169.0,2.0,584.5,1.0,1,1
Super built-up Area,Devanahalli,2.0,1.0,62.0,1290.0,3.0,430.0,0.6666666666666666,0,1
Super built-up Area,Kengeri,2.0,2.0,40.6,1160.0,2.0,580.0,1.0,1,0
Built-up Area,Shampura,5.0,3.0,95.0,2800.0,7.0,400.0,0.7142857142857143,1,0
Super built-up Area,Mysore Road,3.0,2.0,70.0,1500.0,3.0,500.0,1.0,1,1
Super built-up Area,Domlur,3.0,1.0,180.0,1850.0,3.0,616.6666666666666,1.0,1,0
Super built-up Area,Venkatapura,3.0,2.0,46.0,1300.0,3.0,433.3333333333333,1.0,0,0
Super built-up Area,Electronic City Phase II,2.0,1.0,37.84,1310.0,3.0,436.6666666666667,0.6666666666666666,0,1
Built-up Area,RMV,5.0,2.0,550.0,2750.0,3.0,916.6666666666666,1.6666666666666667,1,0
Super built-up Area,Bhoopsandra,3.0,0.0,170.0,2150.0,3.0,716.6666666666666,1.0,1,1
Built-up Area,5th Block Hbr Layout,5.0,3.0,300.0,5100.0,6.0,850.0,0.8333333333333334,1,0
Plot Area,Kadugodi,2.0,1.0,110.0,1875.0,3.0,625.0,0.6666666666666666,1,0
Super built-up Area,Hulimavu,2.0,1.0,82.0,1260.0,3.0,420.0,0.6666666666666666,1,0
Built-up Area,Kengeri,4.0,3.0,100.0,2500.0,5.0,500.0,0.8,1,0
Super built-up Area,Begur Road,2.0,1.0,64.0,1241.0,2.0,620.5,1.0,0,0
Super built-up Area,Sarjapur  Road,2.0,2.0,45.5,1025.0,2.0,512.5,1.0,1,1
Plot Area,Postal Colony,1.0,0.0,218.0,1500.0,2.0,750.0,0.5,1,0
Built-up Area,Electronic City,2.0,1.0,60.0,1070.0,2.0,535.0,1.0,0,1
Super built-up Area,Begur,2.0,1.0,40.0,815.0,2.0,407.5,1.0,1,1
Built-up Area,Kanakpura Road,3.0,3.0,105.0,2000.0,3.0,666.6666666666666,1.0,1,1
Super built-up Area,Malleshwaram,2.0,1.0,190.0,1400.0,2.0,700.0,1.0,1,0
Plot Area,Varthur,4.0,3.0,175.0,1740.0,4.0,435.0,1.0,1,0
Super built-up Area,ITPL,5.0,0.0,300.0,5667.5,4.0,1416.875,1.25,1,1
Built-up Area,Sarjapur  Road,2.0,2.0,70.0,1216.0,2.0,608.0,1.0,0,0
Super built-up Area,pavitra paradise,2.0,1.0,190.0,2200.0,3.0,733.3333333333334,0.6666666666666666,1,0
Plot Area,Hegde Nagar,5.0,2.0,450.0,3500.0,4.0,875.0,1.25,1,1
Plot Area,Vidyaranyapura,7.0,3.0,375.0,3150.0,7.0,450.0,1.0,1,0
Plot Area,Kanakpura Road,2.0,0.0,62.0,1200.0,2.0,600.0,1.0,1,0
Super built-up Area,Marathahalli,2.0,1.0,50.18,1026.0,2.0,513.0,1.0,1,0
Built-up Area,Hulimavu,1.0,1.0,20.0,450.0,1.0,450.0,1.0,1,0
Super built-up Area,KR Puram,2.0,1.0,45.79,1205.0,2.0,602.5,1.0,1,1
Super built-up Area,Jakkur Plantation,2.0,3.0,87.0,1368.0,2.0,684.0,1.0,1,1
Built-up Area,Anekal,1.0,1.0,12.5,420.0,1.0,420.0,1.0,1,0
Built-up Area,Doddakallasandra,2.0,2.0,42.0,1270.0,2.0,635.0,1.0,1,0
Super built-up Area,Anekal,1.0,1.0,28.0,614.0,2.0,307.0,0.5,1,0
Plot Area,Margondanahalli,2.0,0.0,58.0,1050.0,2.0,525.0,1.0,0,0
Super built-up Area,Yelahanka,2.0,2.0,58.0,1408.0,2.0,704.0,1.0,1,1
Built-up Area,Reliaable Tranquil Layout,3.0,1.0,80.0,1507.0,3.0,502.3333333333333,1.0,1,1
Super built-up Area,kadubisnahalli,2.0,2.0,57.0,1160.0,2.0,580.0,1.0,1,0
Plot Area,Kithaganur,3.0,1.0,70.0,1200.0,3.0,400.0,1.0,1,0
Built-up Area,Poorna Pragna Layout,2.0,3.0,50.0,960.0,2.0,480.0,1.0,1,1
Super built-up Area,NGR Layout,2.0,2.0,46.0,1021.0,2.0,510.5,1.0,1,1
Super built-up Area,Hegde Nagar,4.0,2.0,129.0,2162.03,3.0,720.6766666666667,1.3333333333333333,1,1
Super built-up Area,Channasandra,2.0,1.0,36.0,1065.0,2.0,532.5,1.0,1,1
Super built-up Area,Attibele,1.0,1.0,10.25,400.0,1.0,400.0,1.0,1,1
Super built-up Area,Bannerghatta Road,2.0,1.0,75.0,1465.0,3.0,488.3333333333333,0.6666666666666666,1,1
Super built-up Area,Kanakpura Road,2.0,1.0,41.0,900.0,2.0,450.0,1.0,0,1
Super built-up Area,Marathahalli,3.0,2.0,95.0,1800.0,3.0,600.0,1.0,1,1
Super built-up Area,Amblipura,2.0,2.0,83.0,1175.0,2.0,587.5,1.0,1,1
Super built-up Area,Lavelle Road,4.0,,900.0,6729.0,3.0,2243.0,1.3333333333333333,1,0
Plot Area,Vijayanagar,4.0,1.0,360.0,1500.0,4.0,375.0,1.0,1,0
Super built-up Area,Sanjay nagar,2.0,0.0,59.0,1050.0,2.0,525.0,1.0,1,1
Built-up Area,Electronic City Phase II,2.0,2.0,40.43,1400.0,3.0,466.6666666666667,0.6666666666666666,0,1
Super built-up Area,Indira Nagar,3.0,1.0,150.0,1650.0,3.0,550.0,1.0,1,1
Super built-up Area,KR Puram,3.0,2.0,97.0,1827.0,3.0,609.0,1.0,1,1
Super built-up Area,Thanisandra,4.0,2.0,122.0,1930.0,3.0,643.3333333333334,1.3333333333333333,1,1
Super built-up Area,Mysore Road,2.0,1.0,37.0,883.0,2.0,441.5,1.0,0,1
Built-up Area,Kengeri,1.0,1.0,16.75,550.0,1.0,550.0,1.0,1,0
Plot Area,RMV 2nd Stage,4.0,1.0,310.0,1350.0,4.0,337.5,1.0,0,0
Super built-up Area,Kanakapura,2.0,3.0,38.69,1290.0,3.0,430.0,0.6666666666666666,1,1
Built-up Area,Raja Rajeshwari Nagar,3.0,2.0,59.0,1021.0,3.0,340.3333333333333,1.0,1,0
Super built-up Area,Whitefield,2.0,1.0,55.0,1158.0,2.0,579.0,1.0,0,0
Super built-up Area,Nagarbhavi,2.0,2.0,135.0,1400.0,3.0,466.6666666666667,0.6666666666666666,1,0
Plot Area,Doddaballapur,3.0,0.0,200.0,2400.0,4.0,600.0,0.75,1,1
Super built-up Area,Munnekollal,2.0,1.0,57.9,1200.0,3.0,400.0,0.6666666666666666,0,1
Built-up Area,JP Nagar,3.0,2.0,125.0,1520.0,3.0,506.6666666666667,1.0,1,1
Super built-up Area,Thanisandra,1.0,0.0,38.46,777.0,1.0,777.0,1.0,0,1
Super built-up Area,EPIP Zone,3.0,2.0,177.0,2710.0,3.0,903.3333333333334,1.0,1,1
Super built-up Area,Kenchenahalli,2.0,2.0,57.0,1150.0,2.0,575.0,1.0,1,1
Super built-up Area,Yelahanka,2.0,2.0,37.0,1101.0,2.0,550.5,1.0,1,0
Super built-up Area,Mahalakshmi Layout,2.0,3.0,110.0,1200.0,3.0,400.0,0.6666666666666666,1,1
Super built-up Area,Hebbal,2.0,1.0,92.0,1252.0,2.0,626.0,1.0,0,1
Super built-up Area,Marathahalli,3.0,2.0,85.0,1650.0,3.0,550.0,1.0,1,1
Built-up Area,Marathahalli,2.0,2.0,80.0,1270.0,2.0,635.0,1.0,1,1
Super built-up Area,Tumkur Road,2.0,1.0,70.0,992.0,2.0,496.0,1.0,1,1
Super built-up Area,Geddalahalli,2.0,2.0,34.5,893.0,2.0,446.5,1.0,1,0
Built-up Area,Bisuvanahalli,2.0,1.0,41.49,1075.0,3.0,358.3333333333333,0.6666666666666666,1,1
Built-up Area,Kumaraswami Layout,7.0,0.0,150.0,3200.0,7.0,457.14285714285717,1.0,1,0
Super built-up Area,Electronic City,2.0,1.0,42.0,1190.0,2.0,595.0,1.0,1,1
Super built-up Area,Sarjapur  Road,3.0,3.0,63.0,1814.0,3.0,604.6666666666666,1.0,1,1
Built-up Area,Rahmath Nagar,3.0,2.0,98.0,1400.0,3.0,466.6666666666667,1.0,1,1
Super built-up Area,Murugeshpalya,2.0,0.0,56.0,1344.0,3.0,448.0,0.6666666666666666,1,1
Plot Area,Whitefield,5.0,3.0,475.0,5400.0,4.0,1350.0,1.25,1,1
Super built-up Area,Kanakpura Road,3.0,2.0,95.0,1843.0,3.0,614.3333333333334,1.0,1,1
Super built-up Area,Chikkadunnasandra,2.0,1.0,32.0,1138.0,2.0,569.0,1.0,0,1
Built-up Area,Nagappa Reddy Layout,2.0,2.0,70.0,1495.0,3.0,498.3333333333333,0.6666666666666666,1,1
Super built-up Area,Electronic City,2.0,1.0,19.0,880.0,2.0,440.0,1.0,1,1
Super built-up Area,Whitefield,3.0,1.0,74.0,1396.0,3.0,465.3333333333333,1.0,0,1
Built-up Area,Garudachar Palya,2.0,3.0,119.0,1610.0,3.0,536.6666666666666,0.6666666666666666,1,1
Super built-up Area,Tindlu,2.0,2.0,55.0,1050.0,2.0,525.0,1.0,1,0
Built-up Area,Kumbena Agrahara,2.0,2.0,43.71,1410.0,3.0,470.0,0.6666666666666666,0,1
Super built-up Area,Ramamurthy Nagar,2.0,2.0,37.8,1050.0,2.0,525.0,1.0,1,0
Built-up Area,Kumaraswami Layout,2.0,1.0,85.0,1310.0,3.0,436.6666666666667,0.6666666666666666,1,0
Super built-up Area,Yelahanka,2.0,2.0,58.0,1104.0,2.0,552.0,1.0,1,1
Super built-up Area,Hennur Road,2.0,1.0,67.0,1165.0,2.0,582.5,1.0,0,1
Super built-up Area,Hormavu,2.0,3.0,60.0,1310.0,2.0,655.0,1.0,1,1
Built-up Area,Chikkanahalli,2.0,2.0,52.0,1052.0,2.0,526.0,1.0,1,0
Super built-up Area,1st Block Koramangala,2.0,2.0,45.0,1000.0,2.0,500.0,1.0,1,0
Super built-up Area,Jayanagar,3.0,2.0,300.0,2240.0,3.0,746.6666666666666,1.0,0,1
Super built-up Area,Electronic City,2.0,1.0,38.08,1150.0,2.0,575.0,1.0,1,1
Super built-up Area,Thanisandra,3.0,1.0,70.67,2019.0,3.0,673.0,1.0,0,1
Super built-up Area,Varthur,2.0,1.0,31.0,986.0,2.0,493.0,1.0,1,1
Plot Area,Banashankari Stage III,1.0,1.0,145.0,1350.0,1.0,1350.0,1.0,1,0
Super built-up Area,Akshaya Nagar,4.0,2.0,95.0,1893.0,3.0,631.0,1.3333333333333333,1,0
Super built-up Area,Gollarapalya Hosahalli,3.0,2.0,56.0,1318.0,3.0,439.3333333333333,1.0,1,1
Built-up Area,Yelahanka,2.0,2.0,58.0,1325.0,3.0,441.6666666666667,0.6666666666666666,1,1
Built-up Area,Kereguddadahalli,2.0,1.0,33.0,800.0,2.0,400.0,1.0,1,1
Super built-up Area,Canara Bank Colony,3.0,2.0,42.25,1300.0,3.0,433.3333333333333,1.0,1,0
Built-up Area,Dodda Banaswadi,2.0,2.0,60.0,1300.0,3.0,433.3333333333333,0.6666666666666666,1,0
Built-up Area,Ulsoor,4.0,0.0,170.0,2500.0,4.0,625.0,1.0,1,0
Plot Area,Halanayakanahalli,3.0,1.0,165.0,1520.0,3.0,506.6666666666667,1.0,1,1
Super built-up Area,Bellandur,3.0,,85.0,1665.0,3.0,555.0,1.0,1,1
Super built-up Area,Subramanyapura,3.0,,80.0,1800.0,3.0,600.0,1.0,1,1
Super built-up Area,Harlur,2.0,1.0,75.0,1197.0,2.0,598.5,1.0,1,1
Super built-up Area,Manayata Tech Park,2.0,2.0,45.0,1050.0,2.0,525.0,1.0,1,0
Super built-up Area,Thanisandra,2.0,1.0,68.0,1241.0,3.0,413.6666666666667,0.6666666666666666,1,1
Super built-up Area,Maithri Layout,2.0,3.0,62.0,1567.0,3.0,522.3333333333334,0.6666666666666666,1,1
Super built-up Area,Kasavanhalli,3.0,1.0,110.0,1747.0,3.0,582.3333333333334,1.0,1,1
Super built-up Area,Ramagondanahalli,2.0,2.0,55.0,1475.0,3.0,491.6666666666667,0.6666666666666666,0,1
Plot Area,Xavier Layout,4.0,2.0,400.0,1524.0,3.0,508.0,1.3333333333333333,1,0
Super built-up Area,Hennur Road,2.0,1.0,51.0,980.0,2.0,490.0,1.0,1,1
Super built-up Area,Dasanapura,2.0,1.0,58.0,966.0,2.0,483.0,1.0,0,1
Super built-up Area,Ferrar Nagar,3.0,2.0,185.0,2360.0,4.0,590.0,0.75,1,1
Super built-up Area,Sarjapur  Road,2.0,1.0,62.0,1112.0,2.0,556.0,1.0,0,1
Built-up Area,Surabhi Layout,3.0,3.0,90.0,1760.0,3.0,586.6666666666666,1.0,1,1
Super built-up Area,Hennur,2.0,3.0,113.0,1830.0,3.0,610.0,0.6666666666666666,1,1
Super built-up Area,Yelahanka,2.0,1.0,67.77,1175.0,2.0,587.5,1.0,0,1
Super built-up Area,Whitefield,2.0,1.0,41.0,1175.0,2.0,587.5,1.0,1,1
Super built-up Area,Horamavu Banaswadi,2.0,2.0,45.0,1025.0,2.0,512.5,1.0,1,0
Super built-up Area,Hennur Road,2.0,1.0,80.0,1232.0,2.0,616.0,1.0,0,1
Built-up Area,5th Phase JP Nagar,2.0,2.0,57.0,1010.0,2.0,505.0,1.0,1,1
Super built-up Area,Sarjapur  Road,2.0,2.0,60.0,1273.0,2.0,636.5,1.0,1,1
Super built-up Area,Battarahalli,2.0,2.0,102.0,1590.0,2.0,795.0,1.0,0,1
Super built-up Area,Air View Colony,2.0,1.0,58.5,1100.0,2.0,550.0,1.0,1,1
Super built-up Area,Electronic City Phase II,2.0,1.0,65.0,1252.0,3.0,417.3333333333333,0.6666666666666666,1,1
Super built-up Area,1st Phase JP Nagar,5.0,3.0,222.0,2615.0,4.0,653.75,1.25,1,1
Super built-up Area,Yelahanka,2.0,1.0,77.9,1322.0,2.0,661.0,1.0,1,0
Plot Area,7th Phase JP Nagar,1.0,1.0,60.0,1000.0,1.0,1000.0,1.0,1,0
Super built-up Area,Harlur,3.0,2.0,117.0,1755.0,3.0,585.0,1.0,1,1
Super built-up Area,Electronic City Phase II,2.0,2.0,46.0,1135.0,2.0,567.5,1.0,1,1
Plot Area,Electronic City,4.0,1.0,125.0,1200.0,4.0,300.0,1.0,1,0
Super built-up Area,Nagavarapalya,2.0,2.0,85.5,1260.0,2.0,630.0,1.0,1,0
Plot Area,Hoodi,5.0,2.0,395.0,3250.0,5.0,650.0,1.0,1,0
Plot Area,Ambedkar Nagar,4.0,2.0,550.0,3500.0,4.0,875.0,1.0,1,1
Super built-up Area,Kanakpura Road,2.0,1.0,53.0,1100.0,3.0,366.6666666666667,0.6666666666666666,0,1
Super built-up Area,Electronic City Phase II,3.0,1.0,65.0,1305.0,3.0,435.0,1.0,1,0
Built-up Area,Ayappa Nagar,2.0,1.0,50.0,1236.0,2.0,618.0,1.0,1,1
Built-up Area,Uttarahalli,1.0,2.0,45.0,1125.0,2.0,562.5,0.5,1,0
Built-up Area,KR Puram,2.0,2.0,32.25,1075.0,2.0,537.5,1.0,0,1
Built-up Area,Thanisandra,6.0,0.0,110.0,2999.97,6.0,499.99499999999995,1.0,1,0
Super built-up Area,Kadugodi,2.0,2.0,42.0,1150.0,2.0,575.0,1.0,1,1
Plot Area,9th Block Jayanagar,4.0,1.0,240.0,1440.0,4.0,360.0,1.0,1,0
Super built-up Area,Hennur Road,2.0,1.0,43.4,1085.0,2.0,542.5,1.0,1,1
Built-up Area,Hebbal Kempapura,3.0,0.0,165.0,1785.0,3.0,595.0,1.0,1,1
Super built-up Area,Thanisandra,4.0,2.0,120.0,1930.0,3.0,643.3333333333334,1.3333333333333333,1,1
Super built-up Area,4th Phase JP Nagar,4.0,1.0,70.0,600.0,2.0,300.0,2.0,1,0
Plot Area,Kadugondanahalli,1.0,0.0,45.0,800.0,2.0,400.0,0.5,1,0
Built-up Area,Kumaraswami Layout,3.0,2.0,110.0,2450.0,4.0,612.5,0.75,1,0
Plot Area,akshaya nagar t c palya,4.0,0.0,120.0,1200.0,4.0,300.0,1.0,0,0
Super built-up Area,Bannerghatta Road,3.0,3.0,122.0,1920.0,3.0,640.0,1.0,1,1
Super built-up Area,Kothannur,2.0,2.0,34.2,1085.0,2.0,542.5,1.0,0,0
Super built-up Area,Thanisandra,1.0,2.0,50.4,760.0,1.0,760.0,1.0,1,1
Built-up Area,Sahakara Nagar,2.0,3.0,80.0,1201.0,2.0,600.5,1.0,1,1
Super built-up Area,Electronic City,3.0,2.0,97.0,1615.0,3.0,538.3333333333334,1.0,0,1
Super built-up Area,HSR Layout,2.0,,70.0,1289.0,2.0,644.5,1.0,1,1
Super built-up Area,Kasavanhalli,2.0,2.0,80.0,1377.0,2.0,688.5,1.0,1,1
Super built-up Area,Cunningham Road,3.0,2.0,560.0,2880.0,3.0,960.0,1.0,1,1
Plot Area,Laxmi Sagar Layout,3.0,2.0,200.0,1892.0,3.0,630.6666666666666,1.0,1,1
Built-up Area,Shivaji Nagar,3.0,3.0,348.0,2176.0,3.0,725.3333333333334,1.0,1,1
Super built-up Area,Thanisandra,1.0,0.0,32.82,663.0,1.0,663.0,1.0,0,1
Built-up Area,Electronic City,2.0,1.0,33.65,1165.0,2.0,582.5,1.0,0,0
Super built-up Area,Talaghattapura,4.0,1.0,340.0,3554.0,3.0,1184.6666666666667,1.3333333333333333,1,1
Super built-up Area,Thanisandra,2.0,1.0,45.5,1260.0,2.0,630.0,1.0,1,1
Built-up Area,Volagerekallahalli,2.0,1.0,39.0,1095.0,2.0,547.5,1.0,1,1
Super built-up Area,KR Garden,2.0,2.0,65.0,1050.0,2.0,525.0,1.0,1,0
Super built-up Area,Seegehalli,2.0,2.0,50.0,1176.0,2.0,588.0,1.0,1,1
Super built-up Area,Thanisandra,3.0,2.0,115.0,1801.0,3.0,600.3333333333334,1.0,1,1
Super built-up Area,Whitefield,2.0,3.0,55.0,1315.0,2.0,657.5,1.0,1,0
Plot Area,NRI Layout,2.0,1.0,125.0,2400.0,2.0,1200.0,1.0,1,0
Super built-up Area,Uttarahalli,2.0,3.0,53.0,1308.0,3.0,436.0,0.6666666666666666,0,1
Plot Area,Sarjapur  Road,4.0,2.0,610.0,4250.0,4.0,1062.5,1.0,1,1
Built-up Area,Thanisandra,4.0,1.0,220.0,3671.0,4.0,917.75,1.0,0,0
Super built-up Area,Hoodi,3.0,2.0,140.0,2144.0,3.0,714.6666666666666,1.0,1,1
Built-up Area,Hoskote,2.0,3.0,33.75,1065.0,2.0,532.5,1.0,1,1
Super built-up Area,Balagere,2.0,1.0,67.0,1205.0,2.0,602.5,1.0,0,1
Super built-up Area,Uttarahalli,2.0,2.0,40.58,1160.0,2.0,580.0,1.0,1,1
Plot Area,mvj engineering college,3.0,1.0,56.53,1200.0,3.0,400.0,1.0,0,0
Super built-up Area,2nd Phase Judicial Layout,3.0,3.0,69.0,1681.0,3.0,560.3333333333334,1.0,1,0
Built-up Area,Bommasandra Industrial Area,2.0,1.0,32.64,1130.0,2.0,565.0,1.0,0,0
Super built-up Area,Iblur Village,5.0,1.0,335.0,3633.0,4.0,908.25,1.25,1,1
Built-up Area,Kanakpura Road,3.0,2.0,90.0,1843.0,3.0,614.3333333333334,1.0,1,1
Built-up Area,Bommasandra Industrial Area,2.0,1.0,30.75,1065.0,2.0,532.5,1.0,0,0
Super built-up Area,Thubarahalli,3.0,2.0,85.52,1885.0,3.0,628.3333333333334,1.0,1,1
Super built-up Area,R.T. Nagar,2.0,2.0,45.0,1500.0,2.0,750.0,1.0,1,0
Super built-up Area,Panathur,2.0,2.0,69.0,1210.0,2.0,605.0,1.0,1,0
Super built-up Area,TC Palaya,2.0,1.0,39.4,1126.0,2.0,563.0,1.0,1,1
Super built-up Area,Rayasandra,2.0,2.0,59.0,1357.0,3.0,452.3333333333333,0.6666666666666666,1,1
Super built-up Area,Whitefield,2.0,2.0,46.4,1451.0,3.0,483.6666666666667,0.6666666666666666,1,1
Plot Area,Kodigehaali,3.0,3.0,185.0,1600.0,4.0,400.0,0.75,1,0
Super built-up Area,Hennur Road,2.0,1.0,55.0,950.0,2.0,475.0,1.0,1,1
Built-up Area,Bellandur,2.0,2.0,48.0,960.0,2.0,480.0,1.0,1,1
Super built-up Area,2nd Block Bel Layout,3.0,3.0,92.0,1625.0,3.0,541.6666666666666,1.0,1,0
Plot Area,Kaggalipura,4.0,1.0,150.0,2200.0,3.0,733.3333333333334,1.3333333333333333,0,1
Super built-up Area,Kanakpura Road,2.0,1.0,46.29,900.0,2.0,450.0,1.0,0,1
Built-up Area,Shree Ananth Nagar Layout,2.0,2.0,38.0,1080.0,2.0,540.0,1.0,1,1
Super built-up Area,Cooke Town,3.0,1.0,250.0,2300.0,3.0,766.6666666666666,1.0,1,0
Super built-up Area,Hosa Road,3.0,0.0,64.05,1708.0,4.0,427.0,0.75,1,1
Built-up Area,Yeshwanthpur,5.0,2.0,185.0,2500.0,6.0,416.6666666666667,0.8333333333333334,1,0
Super built-up Area,Bellandur,2.0,2.0,116.0,1690.0,3.0,563.3333333333334,0.6666666666666666,1,1
Built-up Area,RR Layout,3.0,0.0,145.0,2100.0,5.0,420.0,0.6,1,0
Super built-up Area,4th Block Koramangala,2.0,2.0,97.0,1269.0,2.0,634.5,1.0,1,0
Built-up Area,Haralur Road,3.0,2.0,84.0,1890.0,3.0,630.0,1.0,1,0
Built-up Area,Electronic City Phase II,2.0,1.0,33.64,1165.0,2.0,582.5,1.0,0,1
Super built-up Area,BTM Layout,2.0,2.0,56.81,1196.0,2.0,598.0,1.0,1,0
Super built-up Area,Old Madras Road,3.0,2.0,110.0,1630.0,3.0,543.3333333333334,1.0,1,1
Super built-up Area,Whitefield,2.0,1.0,42.52,1063.0,2.0,531.5,1.0,0,1
Super built-up Area,Shikaripalya,2.0,1.0,39.98,1025.0,2.0,512.5,1.0,1,1
Super built-up Area,Chikkabanavar,2.0,1.0,38.0,1067.0,2.0,533.5,1.0,1,0
Super built-up Area,Kanakpura Road,2.0,1.0,89.63,1299.0,2.0,649.5,1.0,0,1
Super built-up Area,Panathur,2.0,1.0,76.0,1343.0,2.0,671.5,1.0,0,1
Super built-up Area,Electronics City Phase 1,2.0,2.0,44.0,1330.0,3.0,443.3333333333333,0.6666666666666666,1,0
Super built-up Area,Mallasandra,2.0,3.0,72.0,1524.0,3.0,508.0,0.6666666666666666,1,1
Super built-up Area,Lingadheeranahalli,4.0,2.0,153.0,2236.0,4.0,559.0,1.0,1,1
Super built-up Area,Domlur,3.0,,235.0,2955.0,3.0,985.0,1.0,1,1
Super built-up Area,Raja Rajashweri Nagar,2.0,2.0,45.12,1410.0,3.0,470.0,0.6666666666666666,0,0
Super built-up Area,Balagere,2.0,1.0,79.0,1205.0,2.0,602.5,1.0,1,1
Super built-up Area,Thyagaraja Nagar,2.0,2.0,95.25,1270.0,3.0,423.3333333333333,0.6666666666666666,1,0
Super built-up Area,VHBCS Layout,2.0,2.0,110.0,1353.0,3.0,451.0,0.6666666666666666,1,0
Plot Area,Jinkethimmanahalli,2.0,1.0,68.0,1200.0,2.0,600.0,1.0,0,0
Super built-up Area,basaveshwarnagar,2.0,1.0,70.0,1250.0,3.0,416.6666666666667,0.6666666666666666,1,0
Super built-up Area,Gopalapura,3.0,2.0,261.0,1950.2,3.0,650.0666666666667,1.0,0,1
Super built-up Area,Sarjapur  Road,2.0,1.0,69.0,1157.0,3.0,385.6666666666667,0.6666666666666666,0,1
Super built-up Area,Kanakapura,1.0,0.0,35.475,825.0,1.0,825.0,1.0,0,1
Built-up Area,Yelahanka,1.0,1.0,33.0,602.0,1.0,602.0,1.0,0,1
Built-up Area,Malleshwaram,4.0,0.0,900.0,3000.0,5.0,600.0,0.8,1,0
Super built-up Area,Hoodi,2.0,0.0,66.46,1108.0,2.0,554.0,1.0,0,1
Super built-up Area,Thyagaraja Nagar,2.0,1.0,68.0,1040.0,2.0,520.0,1.0,1,0
Super built-up Area,Sarjapur,2.0,1.0,87.0,1451.0,2.0,725.5,1.0,0,0
Super built-up Area,Kanakpura Road,1.0,1.0,37.32,850.0,1.0,850.0,1.0,0,1
Super built-up Area,Gopalapura,3.0,2.0,298.0,2171.66,3.0,723.8866666666667,1.0,0,1
Super built-up Area,Kanaka Nagar,2.0,1.0,40.0,900.0,2.0,450.0,1.0,1,1
Super built-up Area,Kudlu,1.0,1.0,33.0,720.0,1.0,720.0,1.0,1,1
Super built-up Area,Thanisandra,3.0,2.0,115.0,1573.0,3.0,524.3333333333334,1.0,1,1
Super built-up Area,Sarjapur  Road,2.0,1.0,60.8,1026.0,2.0,513.0,1.0,1,1
Built-up Area,Electronic City Phase II,2.0,2.0,40.44,1400.0,3.0,466.6666666666667,0.6666666666666666,0,1
Built-up Area,Banashankari Stage III,3.0,1.0,147.0,2100.0,4.0,525.0,0.75,1,0
Super built-up Area,Sarjapur  Road,2.0,1.0,48.5,1150.0,2.0,575.0,1.0,1,1
Super built-up Area,Raja Rajeshwari Nagar,3.0,2.0,88.0,1500.0,3.0,500.0,1.0,1,0
Super built-up Area,Malleshwaram,3.0,2.0,380.0,2400.0,3.0,800.0,1.0,1,1
Plot Area,HRBR Layout,3.0,2.0,240.0,1200.0,3.0,400.0,1.0,1,0
Super built-up Area,Ramagondanahalli,2.0,2.0,75.0,1125.0,2.0,562.5,1.0,1,1
Super built-up Area,Hennur,3.0,0.0,84.205,1830.5,3.0,610.1666666666666,1.0,0,1
Super built-up Area,Marathahalli,2.0,1.0,50.0,1100.0,2.0,550.0,1.0,1,1
Built-up Area,7th Phase JP Nagar,2.0,1.0,51.0,1080.0,2.0,540.0,1.0,1,0
Built-up Area,Banaswadi,2.0,2.0,57.0,1105.0,2.0,552.5,1.0,1,1
Super built-up Area,Thanisandra,2.0,2.0,46.5,1110.0,2.0,555.0,1.0,1,1
Super built-up Area,Dasanapura,1.0,1.0,41.0,708.0,1.0,708.0,1.0,1,1
Super built-up Area,"Banashankari 3rd stage, Vivekanandanagar",3.0,1.0,100.0,1600.0,3.0,533.3333333333334,1.0,0,0
Super built-up Area,Thigalarapalya,6.0,2.0,250.0,3122.0,4.0,780.5,1.5,1,1
Super built-up Area,Sarjapur  Road,2.0,2.0,37.0,1205.0,2.0,602.5,1.0,1,1
Super built-up Area,5th Phase JP Nagar,2.0,2.0,73.0,1450.0,3.0,483.3333333333333,0.6666666666666666,1,1
Plot Area,Annaiah Reddy Layout,1.0,0.0,22.0,540.0,1.0,540.0,1.0,1,0
Built-up Area,Dasarahalli,2.0,2.0,42.0,1200.0,2.0,600.0,1.0,1,1
Super built-up Area,Kalena Agrahara,2.0,2.0,95.0,1837.0,3.0,612.3333333333334,0.6666666666666666,1,1
Super built-up Area,Whitefield,2.0,1.0,76.01,1346.0,2.0,673.0,1.0,0,1
Built-up Area,Balagere,2.0,1.0,68.0,1012.0,2.0,506.0,1.0,1,1
Super built-up Area,Gopalapura,3.0,2.0,193.0,1950.2,3.0,650.0666666666667,1.0,0,1
Super built-up Area,Atmananda Colony,2.0,2.0,55.0,1125.0,2.0,562.5,1.0,1,0
Super built-up Area,Kaggadasapura,2.0,2.0,60.0,1500.0,3.0,500.0,0.6666666666666666,1,1
Super built-up Area,Harlur,2.0,1.0,79.9,1197.0,2.0,598.5,1.0,1,1
Super built-up Area,BTM 2nd Stage,2.0,2.0,47.0,1100.0,2.0,550.0,1.0,1,0
Super built-up Area,Channasandra Layout,2.0,2.0,52.0,1563.0,3.0,521.0,0.6666666666666666,1,1
Plot Area,4th Block Jayanagar,4.0,1.0,700.0,2240.0,7.0,320.0,0.5714285714285714,1,0
Super built-up Area,Hebbal Kempapura,4.0,2.0,384.0,3729.0,4.0,932.25,1.0,1,1
Plot Area,Sarjapur  Road,3.0,1.0,120.0,1600.0,3.0,533.3333333333334,1.0,1,1
Super built-up Area,Green Glen Layout,3.0,3.0,120.0,1715.0,3.0,571.6666666666666,1.0,1,1
Built-up Area,Bannerghatta Road,4.0,1.0,180.0,2400.0,4.0,600.0,1.0,1,0
Super built-up Area,Ramagondanahalli,2.0,2.0,42.5,1151.0,2.0,575.5,1.0,0,1
Built-up Area,Uttarahalli,2.0,2.0,60.0,1123.0,2.0,561.5,1.0,1,0
Super built-up Area,Whitefield,2.0,1.0,69.5,1276.0,2.0,638.0,1.0,0,0
Super built-up Area,Yelahanka,2.0,3.0,77.0,1315.0,2.0,657.5,1.0,1,1
Super built-up Area,R.T. Nagar,2.0,2.0,52.0,1325.0,2.0,662.5,1.0,1,0
Super built-up Area,Varthur,3.0,2.0,63.2,1600.0,3.0,533.3333333333334,1.0,0,1
Super built-up Area,Jakkur,3.0,2.0,104.0,1660.0,3.0,553.3333333333334,1.0,1,1
Super built-up Area,Kodichikkanahalli,2.0,3.0,58.0,1299.0,2.0,649.5,1.0,1,1
Super built-up Area,Haralur Road,2.0,1.0,90.0,953.0,2.0,476.5,1.0,1,1
Super built-up Area,Gunjur,2.0,3.0,60.0,1457.0,2.0,728.5,1.0,1,1
Super built-up Area,Varthur,1.0,1.0,65.0,1000.0,2.0,500.0,0.5,0,0
Built-up Area,Mallasandra,2.0,3.0,76.3,1100.0,3.0,366.6666666666667,0.6666666666666666,1,0
Super built-up Area,Yelahanka,2.0,1.0,33.53,1075.0,3.0,358.3333333333333,0.6666666666666666,1,1
Super built-up Area,Kanakpura Road,3.0,3.0,51.0,1450.0,3.0,483.3333333333333,1.0,1,1
Super built-up Area,Iblur Village,6.0,2.0,425.0,5515.0,5.0,1103.0,1.2,1,1
Super built-up Area,Bellandur,1.0,1.0,40.0,950.0,1.0,950.0,1.0,1,1
Super built-up Area,Amam Enclave Layout,2.0,2.0,60.0,1013.0,2.0,506.5,1.0,1,1
Super built-up Area,Hennur Road,2.0,2.0,56.0,1140.0,2.0,570.0,1.0,1,0
Super built-up Area,4th T block Jayanagar,3.0,3.0,220.0,2100.0,3.0,700.0,1.0,1,0
Super built-up Area,Yelahanka,3.0,1.0,61.0,1430.0,3.0,476.6666666666667,1.0,1,1
Carpet Area,Anantapura,3.0,2.0,77.0,1600.0,3.0,533.3333333333334,1.0,1,1
Super built-up Area,Ayappa Nagar,2.0,1.0,48.0,1190.0,2.0,595.0,1.0,1,1
Super built-up Area,Ashwath Nagar,3.0,2.0,95.0,1625.0,3.0,541.6666666666666,1.0,1,1
Super built-up Area,Classic Paradise Layout,2.0,2.0,53.0,1210.0,2.0,605.0,1.0,1,0
Super built-up Area,Lakshminarayana Pura,3.0,2.0,150.0,1615.0,3.0,538.3333333333334,1.0,1,1
Super built-up Area,Kalena Agrahara,2.0,2.0,85.0,1180.0,2.0,590.0,1.0,1,1
Plot Area,Nagasandra,2.0,0.0,91.0,1500.0,2.0,750.0,1.0,1,0
Built-up Area,Bellandur,2.0,1.0,45.0,850.0,2.0,425.0,1.0,1,1
Super built-up Area,Kothanur,2.0,2.0,55.0,1130.0,2.0,565.0,1.0,1,0
Super built-up Area,CV Raman Nagar,2.0,2.0,38.0,907.0,2.0,453.5,1.0,1,0
Built-up Area,HRBR Layout,2.0,3.0,90.0,1300.0,2.0,650.0,1.0,1,1
Super built-up Area,Hennur Road,3.0,1.0,110.0,1891.0,3.0,630.3333333333334,1.0,1,1
Super built-up Area,Hennur Road,3.0,3.0,78.0,1735.0,3.0,578.3333333333334,1.0,1,1
Super built-up Area,Bisuvanahalli,2.0,1.0,33.0,1075.0,3.0,358.3333333333333,0.6666666666666666,1,1
Plot Area,Jayanti Nagar,5.0,2.0,140.0,1600.0,5.0,320.0,1.0,1,0
Built-up Area,Doddakammanahalli,2.0,3.0,55.0,1160.0,2.0,580.0,1.0,1,0
Super built-up Area,Tasker Town,1.0,1.0,55.0,930.0,2.0,465.0,0.5,1,0
Built-up Area,Devanahalli,2.0,1.0,58.0,1010.0,2.0,505.0,1.0,1,1
Super built-up Area,Electronic City,2.0,2.0,68.0,1221.0,2.0,610.5,1.0,1,1
Plot Area,Banashankari,4.0,3.0,470.0,2400.0,4.0,600.0,1.0,1,0
Super built-up Area,Hoodi,2.0,1.0,87.48,1108.0,2.0,554.0,1.0,0,1
Super built-up Area,Sarjapur  Road,2.0,1.0,70.0,1370.0,2.0,685.0,1.0,0,1
Super built-up Area,Banashankari Stage V,2.0,1.0,41.5,920.0,2.0,460.0,1.0,1,0
Super built-up Area,Bhoganhalli,2.0,1.0,79.89,1277.0,2.0,638.5,1.0,0,1
Super built-up Area,Horamavu Agara,2.0,2.0,38.1,1213.0,2.0,606.5,1.0,0,0
Super built-up Area,Singasandra,3.0,2.0,85.0,1653.0,3.0,551.0,1.0,1,0
Plot Area,Sarjapur,3.0,3.0,140.0,2400.0,4.0,600.0,0.75,1,1
Super built-up Area,1st Block Koramangala,5.0,3.0,500.0,3000.0,4.0,750.0,1.25,1,0
Plot Area,Kothanur,4.0,3.0,250.0,1600.0,4.0,400.0,1.0,1,0
Super built-up Area,Electronics City Phase 1,2.0,,40.0,1321.0,3.0,440.3333333333333,0.6666666666666666,1,1
Super built-up Area,Kanakpura Road,3.0,2.0,68.0,1570.0,3.0,523.3333333333334,1.0,1,1
Super built-up Area,Nallurhalli,2.0,3.0,44.0,1053.0,2.0,526.5,1.0,1,1
Super built-up Area,Hoysalanagar,2.0,3.0,56.0,1325.0,3.0,441.6666666666667,0.6666666666666666,1,1
Super built-up Area,manyata,2.0,1.0,50.11,1169.0,2.0,584.5,1.0,0,0
Super built-up Area,Badavala Nagar,2.0,1.0,90.0,1274.0,2.0,637.0,1.0,0,1
Super built-up Area,Whitefield,2.0,2.0,52.0,1317.0,2.0,658.5,1.0,1,1
Built-up Area,Lakshminarayana Pura,2.0,1.0,75.0,1195.0,2.0,597.5,1.0,1,1
Super built-up Area,Whitefield,4.0,0.0,137.0,2858.0,4.0,714.5,1.0,0,1
Super built-up Area,Kammasandra,2.0,2.0,35.0,940.0,2.0,470.0,1.0,1,1
Built-up Area,Budigere,3.0,2.0,95.5,1820.0,3.0,606.6666666666666,1.0,1,1
Super built-up Area,Kanakpura Road,3.0,3.0,53.6,1450.0,3.0,483.3333333333333,1.0,1,0
Built-up Area,Whitefield,3.0,0.0,96.9,1615.0,3.0,538.3333333333334,1.0,1,1
Built-up Area,Nagarbhavi,2.0,3.0,99.0,2200.0,3.0,733.3333333333334,0.6666666666666666,1,0
Super built-up Area,Subramanyapura,2.0,1.0,62.5,985.0,2.0,492.5,1.0,1,1
Built-up Area,Electronics City Phase 1,2.0,1.0,33.0,1116.0,2.0,558.0,1.0,1,0
Super built-up Area,Kaggadasapura,2.0,1.0,39.5,1105.0,2.0,552.5,1.0,1,1
Super built-up Area,Whitefield,2.0,1.0,55.0,1220.0,2.0,610.0,1.0,1,1
Built-up Area,Hoodi,3.0,2.0,74.0,1400.0,3.0,466.6666666666667,1.0,1,1
Built-up Area,Bhuvaneswari Nagar,3.0,0.0,185.0,2400.0,4.0,600.0,0.75,1,0
Built-up Area,Uttarahalli,2.0,1.0,35.0,1000.0,2.0,500.0,1.0,1,1
Super built-up Area,Bannerghatta Road,3.0,3.0,80.0,1660.0,3.0,553.3333333333334,1.0,1,0
Super built-up Area,Old Madras Road,2.0,1.0,52.0,1165.0,2.0,582.5,1.0,0,1
Super built-up Area,Budigere,2.0,2.0,56.0,1153.0,2.0,576.5,1.0,1,1
Built-up Area,Bannerghatta Road,2.0,2.0,45.0,1270.0,2.0,635.0,1.0,1,1
Super built-up Area,2nd Phase JP Nagar,2.0,2.0,38.0,1070.0,2.0,535.0,1.0,0,0
Built-up Area,RWF West Colony,2.0,,85.0,1427.0,3.0,475.6666666666667,0.6666666666666666,1,1
Super built-up Area,Banashankari Stage III,2.0,2.0,95.0,1420.0,3.0,473.3333333333333,0.6666666666666666,1,1
Plot Area,Kothanur,5.0,0.0,130.0,1600.0,4.0,400.0,1.25,1,0
Super built-up Area,Langford Town,2.0,2.0,200.0,2031.0,2.0,1015.5,1.0,1,0
Super built-up Area,Bellandur,2.0,1.0,90.0,1454.0,2.0,727.0,1.0,0,1
Super built-up Area,Whitefield,2.0,3.0,48.76,1116.0,2.0,558.0,1.0,1,1
Plot Area,Maruthi Sevanagar,3.0,1.0,180.0,2000.0,4.0,500.0,0.75,1,0
Super built-up Area,Sarjapur  Road,2.0,1.0,74.03,1346.0,2.0,673.0,1.0,0,1
Super built-up Area,Hessarghatta,2.0,1.0,50.0,1062.0,2.0,531.0,1.0,1,1
Super built-up Area,Mysore Highway,1.0,1.0,25.5,700.0,1.0,700.0,1.0,1,0
Super built-up Area,JP Nagar,2.0,1.0,99.0,1405.0,2.0,702.5,1.0,0,1
Built-up Area,Doddathoguru,2.0,2.0,50.0,1100.0,2.0,550.0,1.0,1,0
Plot Area,Chikka Tirupathi,4.0,3.0,120.0,2153.0,3.0,717.6666666666666,1.3333333333333333,1,1
Plot Area,Kammagondahalli,3.0,2.0,120.0,1200.0,3.0,400.0,1.0,1,0
Super built-up Area,Ulsoor,3.0,2.0,170.0,2135.0,3.0,711.6666666666666,1.0,1,1
Built-up Area,Pai Layout,2.0,3.0,48.0,1068.0,2.0,534.0,1.0,1,0
Super built-up Area,Doddathoguru,2.0,1.0,32.9,940.0,2.0,470.0,1.0,1,1
Super built-up Area,Hosa Road,2.0,1.0,32.79,1063.0,2.0,531.5,1.0,0,1
Super built-up Area,Brookefield,2.0,2.0,84.5,1382.0,2.0,691.0,1.0,1,1
Super built-up Area,Harlur,2.0,1.0,45.0,936.0,2.0,468.0,1.0,1,0
Super built-up Area,KR Puram,2.0,3.0,60.0,1400.0,3.0,466.6666666666667,0.6666666666666666,1,1
Super built-up Area,Sarjapur  Road,1.0,1.0,26.0,475.0,1.0,475.0,1.0,0,1
Super built-up Area,LIC Colony,2.0,1.0,115.0,1200.0,2.0,600.0,1.0,1,0
Super built-up Area,Glass Factory Layout,3.0,3.0,65.0,1450.0,3.0,483.3333333333333,1.0,1,1
Super built-up Area,Kudlu,2.0,1.0,52.0,1162.0,2.0,581.0,1.0,1,1
Super built-up Area,Hosa Road,2.0,1.0,48.75,1161.0,2.0,580.5,1.0,0,1
Super built-up Area,Green Glen Layout,2.0,2.0,105.0,1623.29,3.0,541.0966666666667,0.6666666666666666,1,1
Super built-up Area,Brookefield,2.0,1.0,70.0,1260.0,2.0,630.0,1.0,1,1
Plot Area,Billekahalli,3.0,2.0,190.0,1672.0,4.0,418.0,0.75,1,1
Plot Area,Seegehalli,4.0,2.0,240.0,3000.0,3.0,1000.0,1.3333333333333333,1,1
Super built-up Area,Murugeshpalya,2.0,0.0,70.0,1500.0,3.0,500.0,0.6666666666666666,1,1
Super built-up Area,Budigere,1.0,0.0,34.545,705.0,1.0,705.0,1.0,0,1
Plot Area,Gaurava Nagar,6.0,,200.0,1650.0,5.0,330.0,1.2,1,0
Super built-up Area,Dollars Colony,3.0,3.0,200.0,2000.0,3.0,666.6666666666666,1.0,1,1
Plot Area,Thyagaraja Nagar,1.0,0.0,241.0,1675.0,1.0,1675.0,1.0,1,0
Plot Area,Electronic City,3.0,2.0,150.0,1200.0,3.0,400.0,1.0,1,1
Super built-up Area,Nagarbhavi,2.0,2.0,46.2,1100.0,2.0,550.0,1.0,1,0
Super built-up Area,Whitefield,2.0,3.0,56.0,1400.0,3.0,466.6666666666667,0.6666666666666666,1,1
Super built-up Area,Ramagondanahalli,3.0,2.0,155.0,2257.0,3.0,752.3333333333334,1.0,1,1
Super built-up Area,Budigere,2.0,2.0,56.5,1153.0,2.0,576.5,1.0,1,1
Super built-up Area,Sarjapur  Road,2.0,1.0,56.86,1197.0,2.0,598.5,1.0,1,1
Super built-up Area,Siddapura,2.0,2.0,90.0,1150.0,2.0,575.0,1.0,1,1
Super built-up Area,Akshayanagara East,1.0,1.0,40.0,595.0,1.0,595.0,1.0,0,0
Super built-up Area,Hoodi,3.0,1.0,110.0,1837.0,3.0,612.3333333333334,1.0,0,1
Plot Area,Kumbalgodu,4.0,,190.0,3750.0,4.0,937.5,1.0,1,0
Super built-up Area,Bellandur,3.0,3.0,91.86,1830.0,3.0,610.0,1.0,1,1
Super built-up Area,Green Glen Layout,3.0,3.0,115.0,1715.0,3.0,571.6666666666666,1.0,1,1
Super built-up Area,Electronic City,2.0,1.0,35.0,970.0,2.0,485.0,1.0,1,1
Plot Area,Hebbal Kempapura,3.0,2.0,148.0,1200.0,4.0,300.0,0.75,1,0
Built-up Area,NRI Layout,5.0,1.0,95.75,2700.0,4.0,675.0,1.25,1,0
Plot Area,Siddapura,4.0,2.0,400.0,5480.0,3.0,1826.6666666666667,1.3333333333333333,1,1
Built-up Area,Vidyaranyapura,5.0,1.0,135.0,2400.0,4.0,600.0,1.25,1,0
Super built-up Area,Sarjapur  Road,4.0,2.0,135.0,3040.0,4.0,760.0,1.0,1,1
Super built-up Area,Raja Rajeshwari Nagar,2.0,1.0,66.0,1168.0,2.0,584.0,1.0,0,1
Built-up Area,Mallappa Layout,3.0,2.0,75.0,1500.0,3.0,500.0,1.0,1,1
Plot Area,Kumaraswami Layout,2.0,1.0,72.0,600.0,2.0,300.0,1.0,1,0
Super built-up Area,ITPL,2.0,1.0,25.4,850.0,2.0,425.0,1.0,0,0
Super built-up Area,Ramamurthy Nagar,2.0,2.0,39.0,935.0,2.0,467.5,1.0,1,1
Super built-up Area,Doddaballapur,1.0,1.0,49.0,654.0,1.0,654.0,1.0,0,0
Built-up Area,Domlur,3.0,1.0,180.0,1650.0,3.0,550.0,1.0,1,1
Plot Area,Dodsworth Layout,5.0,0.0,499.0,5656.0,3.0,1885.3333333333333,1.6666666666666667,1,1
Super built-up Area,Vinayak Nagar,2.0,1.0,33.0,1300.0,2.0,650.0,1.0,1,1
Super built-up Area,Kaggalipura,2.0,1.0,60.0,950.0,2.0,475.0,1.0,1,1
Super built-up Area,Silk Board,3.0,2.0,54.0,1250.0,3.0,416.6666666666667,1.0,0,0
Super built-up Area,Ankappa Layout,2.0,2.0,65.0,1425.0,3.0,475.0,0.6666666666666666,1,1
Built-up Area,Uttarahalli,1.0,0.0,42.09,1165.0,2.0,582.5,0.5,1,1
Super built-up Area,Kathriguppe,2.0,2.0,69.49,1390.0,3.0,463.3333333333333,0.6666666666666666,1,0
Built-up Area,Kalena Agrahara,3.0,2.0,78.0,1510.0,3.0,503.3333333333333,1.0,1,1
Super built-up Area,Thanisandra,2.0,2.0,90.0,1305.0,2.0,652.5,1.0,1,1
Built-up Area,Kodigehaali,2.0,2.0,32.0,866.0,2.0,433.0,1.0,1,1
Super built-up Area,Hulimavu,2.0,1.0,84.5,1231.0,2.0,615.5,1.0,1,1
Super built-up Area,Sompura,2.0,3.0,45.0,1360.0,3.0,453.3333333333333,0.6666666666666666,1,0
Super built-up Area,Yeshwanthpur,3.0,3.0,138.0,2500.0,3.0,833.3333333333334,1.0,1,1
Super built-up Area,Whitefield,2.0,3.0,55.0,1140.0,2.0,570.0,1.0,1,1
Super built-up Area,Whitefield,2.0,1.0,64.5,1295.0,2.0,647.5,1.0,0,0
Super built-up Area,Hormavu,2.0,2.0,45.75,1020.0,2.0,510.0,1.0,1,0
Super built-up Area,Old Airport Road,4.0,,262.0,3504.0,4.0,876.0,1.0,0,1
Plot Area,Sidedahalli,1.0,0.0,50.0,1200.0,2.0,600.0,0.5,1,0
Super built-up Area,Vidyaranyapura,2.0,1.0,41.0,1100.0,2.0,550.0,1.0,1,1
Plot Area,Bannerghatta Road,4.0,3.0,500.0,4723.0,4.0,1180.75,1.0,0,1
Super built-up Area,Kothannur,2.0,2.0,37.0,820.0,2.0,410.0,1.0,1,0
Plot Area,Sarjapur,4.0,1.0,386.0,3508.0,4.0,877.0,1.0,1,1
Plot Area,Versova Layout,4.0,2.0,400.0,3700.0,4.0,925.0,1.0,1,0
Super built-up Area,Kalena Agrahara,2.0,2.0,70.0,1354.0,2.0,677.0,1.0,1,1
Super built-up Area,Basavangudi,3.0,2.0,250.0,2453.0,4.0,613.25,0.75,1,1
Super built-up Area,Garudachar Palya,2.0,1.0,51.8,1154.0,2.0,577.0,1.0,1,0
Super built-up Area,7th Phase JP Nagar,2.0,3.0,92.0,1680.0,3.0,560.0,0.6666666666666666,1,0
Super built-up Area,Electronics City Phase 1,2.0,2.0,60.0,1205.0,2.0,602.5,1.0,0,1
Built-up Area,Raja Rajeshwari Nagar,2.0,2.0,86.0,1400.0,3.0,466.6666666666667,0.6666666666666666,1,0
Carpet Area,Doopanahalli,3.0,1.0,150.0,1625.0,3.0,541.6666666666666,1.0,1,1
Built-up Area,Electronic City,3.0,1.0,73.0,1500.0,3.0,500.0,1.0,1,0
Super built-up Area,Bannerghatta Road,2.0,3.0,80.0,1520.0,3.0,506.6666666666667,0.6666666666666666,1,1
Built-up Area,3rd Stage Raja Rajeshwari Nagar,3.0,1.0,65.0,1300.0,2.0,650.0,1.5,1,0
Super built-up Area,Manayata Tech Park,2.0,2.0,47.0,1150.0,2.0,575.0,1.0,1,0
Super built-up Area,Kadugodi,3.0,3.0,109.0,1762.0,3.0,587.3333333333334,1.0,0,1
Super built-up Area,Budigere,2.0,2.0,58.0,1153.0,2.0,576.5,1.0,1,1
Super built-up Area,Yelahanka,4.0,1.0,223.0,2650.0,4.0,662.5,1.0,1,1
Super built-up Area,Sompura,2.0,2.0,47.0,1350.0,3.0,450.0,0.6666666666666666,1,1
Super built-up Area,Billekahalli,2.0,2.0,56.0,950.0,2.0,475.0,1.0,1,1
Super built-up Area,Jakkur,3.0,3.0,310.0,3295.0,3.0,1098.3333333333333,1.0,1,1
Super built-up Area,Coconut Grove Layout,3.0,3.0,80.5,1515.0,3.0,505.0,1.0,1,1
Super built-up Area,Neeladri Nagar,2.0,2.0,30.0,1100.0,2.0,550.0,1.0,1,1
Super built-up Area,Byrasandra,2.0,2.0,65.0,1250.0,2.0,625.0,1.0,1,0
Built-up Area,HBR Layout,2.0,0.0,120.0,1200.0,2.0,600.0,1.0,1,0
Super built-up Area,5th Phase JP Nagar,8.0,3.0,95.0,2500.0,7.0,357.14285714285717,1.1428571428571428,1,0
Plot Area,Hoskote,4.0,2.0,100.0,1200.0,4.0,300.0,1.0,1,0
Super built-up Area,Yelahanka,2.0,2.0,51.5,1355.0,3.0,451.6666666666667,0.6666666666666666,1,1
Super built-up Area,Dominic Layout,3.0,1.0,39.14,1115.0,3.0,371.6666666666667,1.0,0,0
Super built-up Area,8th Phase JP Nagar,3.0,2.0,45.0,1275.0,3.0,425.0,1.0,0,0
Super built-up Area,Padmanabhanagar,3.0,2.0,170.0,2051.0,3.0,683.6666666666666,1.0,0,1
Super built-up Area,BTM Layout,2.0,2.0,99.0,1470.0,3.0,490.0,0.6666666666666666,1,1
Super built-up Area,Silver Springs Layout,2.0,3.0,70.0,1550.0,3.0,516.6666666666666,0.6666666666666666,1,1
Built-up Area,Bannerghatta Road,2.0,1.0,73.0,1270.0,3.0,423.3333333333333,0.6666666666666666,1,1
Super built-up Area,Hebbal Kempapura,3.0,3.0,170.0,1600.0,3.0,533.3333333333334,1.0,1,1
Super built-up Area,Kudlu Gate,2.0,2.0,50.0,1320.0,3.0,440.0,0.6666666666666666,1,1
Super built-up Area,Gopalkrishna Nagar,3.0,,165.0,2505.0,3.0,835.0,1.0,1,1
Super built-up Area,Whitefield,2.0,3.0,70.0,1200.0,2.0,600.0,1.0,1,1
Super built-up Area,Chennammana Kere,2.0,1.0,86.96,1705.0,3.0,568.3333333333334,0.6666666666666666,0,0
Super built-up Area,Electronic City,2.0,1.0,48.0,995.0,2.0,497.5,1.0,1,1
Built-up Area,Horamavu Banaswadi,2.0,1.0,52.0,1081.0,2.0,540.5,1.0,1,0
Super built-up Area,Sonnenahalli,1.0,1.0,30.24,605.0,1.0,605.0,1.0,0,1
Built-up Area,Yelahanka,1.0,1.0,25.0,567.0,1.0,567.0,1.0,1,1
Super built-up Area,Rajaji Nagar,3.0,2.0,275.0,1718.0,2.0,859.0,1.5,1,0
Super built-up Area,Banashankari Stage VI,2.0,0.0,70.385,1410.5,3.0,470.1666666666667,0.6666666666666666,0,1
Super built-up Area,Green Glen Layout,3.0,2.0,105.0,1715.0,3.0,571.6666666666666,1.0,1,1
Plot Area,Doddaballapur,5.0,,270.0,3206.0,4.0,801.5,1.25,1,0
Plot Area,Kundalahalli,4.0,,235.0,1500.0,4.0,375.0,1.0,1,1
Super built-up Area,Bannerghatta Road,3.0,2.0,120.0,1846.0,3.0,615.3333333333334,1.0,1,1
Super built-up Area,Whitefield,2.0,3.0,56.0,1015.0,2.0,507.5,1.0,1,1
Super built-up Area,Thanisandra,2.0,1.0,36.0,1100.0,2.0,550.0,1.0,1,1
Super built-up Area,Thanisandra,4.0,2.0,125.0,1965.0,3.0,655.0,1.3333333333333333,1,1
Super built-up Area,NGR Layout,2.0,2.0,45.9,1021.0,2.0,510.5,1.0,1,0
Super built-up Area,Haralur Road,2.0,1.0,67.65,1230.0,2.0,615.0,1.0,0,1
Super built-up Area,Uttarahalli,2.0,2.0,55.0,1260.0,2.0,630.0,1.0,1,0
Plot Area,Indira Nagar,4.0,1.0,700.0,2400.0,4.0,600.0,1.0,1,0
Super built-up Area,Lingadheeranahalli,4.0,1.0,114.0,1894.0,3.0,631.3333333333334,1.3333333333333333,1,1
Super built-up Area,Sector 2 HSR Layout,2.0,3.0,66.0,1231.0,2.0,615.5,1.0,1,1
Built-up Area,R.T. Nagar,3.0,0.0,120.0,1800.0,4.0,450.0,0.75,1,0
Super built-up Area,KAMAKIYA,3.0,2.0,135.0,1650.0,3.0,550.0,1.0,1,0
Super built-up Area,Begur,2.0,2.0,70.0,1443.0,3.0,481.0,0.6666666666666666,1,1
Super built-up Area,Wheelers Road,2.0,1.0,68.0,925.0,2.0,462.5,1.0,1,0
Super built-up Area,Chandapura,3.0,1.0,33.28,1305.0,3.0,435.0,1.0,0,1
Super built-up Area,Alfa Garden Layout,2.0,2.0,46.41,1190.0,2.0,595.0,1.0,1,0
Super built-up Area,Uttarahalli,2.0,2.0,53.36,1284.0,2.0,642.0,1.0,1,0
Built-up Area,Chikkalasandra,2.0,1.0,59.0,1325.0,2.0,662.5,1.0,1,0
Plot Area,Sector 6 HSR Layout,5.0,2.0,750.0,2400.0,6.0,400.0,0.8333333333333334,1,0
Super built-up Area,Kudlu Gate,2.0,1.0,79.54,1183.0,2.0,591.5,1.0,0,1
Built-up Area,Rajiv Gandhi Nagar,3.0,2.0,100.0,1750.0,3.0,583.3333333333334,1.0,1,1
Super built-up Area,Nagashetty Halli,4.0,2.0,149.0,16335.0,4.0,4083.75,1.0,1,0
Super built-up Area,Doddagubbi,1.0,2.0,27.0,747.0,1.0,747.0,1.0,1,0
Super built-up Area,Electronic City,2.0,1.0,90.0,1342.0,2.0,671.0,1.0,1,1
Super built-up Area,Motappa Layout,2.0,1.0,52.0,1113.0,2.0,556.5,1.0,1,1
Super built-up Area,Devarabeesana Halli,3.0,2.0,110.0,1738.0,3.0,579.3333333333334,1.0,1,1
Super built-up Area,Brookefield,2.0,,90.0,1206.0,2.0,603.0,1.0,1,1
Super built-up Area,Hebbal,4.0,3.0,198.0,2790.0,4.0,697.5,1.0,0,1
Super built-up Area,Hebbal,2.0,1.0,59.0,1162.0,2.0,581.0,1.0,0,0
Super built-up Area,Parappana Agrahara,2.0,2.0,46.0,1194.0,2.0,597.0,1.0,1,0
Built-up Area,Sarjapur  Road,4.0,3.0,155.0,1857.0,3.0,619.0,1.3333333333333333,1,1
Built-up Area,Kattigenahalli,6.0,,115.0,3500.0,6.0,583.3333333333334,1.0,1,0
Super built-up Area,Rajaji Nagar,3.0,2.0,240.0,1763.0,2.0,881.5,1.5,1,1
Super built-up Area,Uttarahalli,2.0,1.0,45.99,1150.0,2.0,575.0,1.0,1,0
Plot Area,Koramangala,5.0,3.0,550.0,2400.0,4.0,600.0,1.25,1,0
Super built-up Area,Chikkalasandra,2.0,2.0,72.0,1290.0,2.0,645.0,1.0,1,1
Built-up Area,Thubarahalli,5.0,,145.0,3408.0,4.0,852.0,1.25,1,1
Built-up Area,HBR Layout,2.0,1.0,145.0,900.0,2.0,450.0,1.0,1,0
Built-up Area,Sanjay nagar,2.0,0.0,70.0,1150.0,2.0,575.0,1.0,1,0
Plot Area,Banashankari,2.0,1.0,109.0,1040.0,3.0,346.6666666666667,0.6666666666666666,1,0
Super built-up Area,Yeshwanthpur,2.0,2.0,64.08,1160.0,2.0,580.0,1.0,1,1
Super built-up Area,Soundarya Layout,2.0,2.0,27.0,900.0,2.0,450.0,1.0,1,0
Plot Area,Sarjapur  Road,3.0,1.0,185.0,1750.0,4.0,437.5,0.75,1,1
Super built-up Area,Lingadheeranahalli,4.0,2.0,160.0,2240.0,4.0,560.0,1.0,1,1
Super built-up Area,Electronics City Phase 1,2.0,1.0,26.0,891.0,2.0,445.5,1.0,1,1
Super built-up Area,Ambedkar Nagar,3.0,2.0,125.0,1852.0,3.0,617.3333333333334,1.0,1,1
Super built-up Area,Chandapura,2.0,1.0,42.0,1323.0,3.0,441.0,0.6666666666666666,1,1
Super built-up Area,Vittasandra,2.0,1.0,67.5,1404.0,2.0,702.0,1.0,1,1
Built-up Area,Dodda Nekkundi,2.0,2.0,60.0,1370.0,2.0,685.0,1.0,1,0
Super built-up Area,Uttarahalli,2.0,2.0,48.48,1385.0,3.0,461.6666666666667,0.6666666666666666,1,0
Super built-up Area,Gollarapalya Hosahalli,2.0,1.0,50.0,1129.0,2.0,564.5,1.0,1,1
Super built-up Area,Mahalakshmi Layout,3.0,1.0,150.0,1876.0,3.0,625.3333333333334,1.0,1,1
Super built-up Area,Brooke Bond First Cross,3.0,1.0,95.0,1720.0,3.0,573.3333333333334,1.0,1,1
Plot Area,Jalahalli East,4.0,1.0,80.0,1200.0,4.0,300.0,1.0,1,0
Super built-up Area,Mysore Road,2.0,2.0,86.68,1175.0,2.0,587.5,1.0,1,1
Super built-up Area,Nagawara Junction,1.0,2.0,51.0,500.0,1.0,500.0,1.0,1,0
Built-up Area,Electronic City Phase II,1.0,0.0,295.0,1200.0,1.0,1200.0,1.0,1,0
Super built-up Area,Hosa Road,3.0,2.0,130.0,1893.0,3.0,631.0,1.0,0,1
Super built-up Area,Whitefield,3.0,2.0,52.0,1430.0,3.0,476.6666666666667,1.0,1,1
Built-up Area,Green View Layout,2.0,2.0,45.0,850.0,2.0,425.0,1.0,1,1
Super built-up Area,CV Raman Nagar,2.0,1.0,110.0,1392.0,2.0,696.0,1.0,0,1
Super built-up Area,Kanakpura Road,3.0,3.0,105.0,1938.0,3.0,646.0,1.0,0,1
Super built-up Area,Chennammanakere Achukattu,2.0,2.0,52.0,1020.0,2.0,510.0,1.0,0,0
Plot Area,"beml layout, basaveshwara nagar",2.0,1.0,360.0,2400.0,3.0,800.0,0.6666666666666666,1,0
Super built-up Area,HBR Layout,3.0,2.0,160.0,1832.0,3.0,610.6666666666666,1.0,1,1
Super built-up Area,Konanakunte,2.0,2.0,85.0,1423.0,3.0,474.3333333333333,0.6666666666666666,1,0
Super built-up Area,Jakkur,2.0,1.0,85.0,1432.0,2.0,716.0,1.0,1,1
Plot Area,2nd Block Hrbr Layout,4.0,3.0,235.0,1350.0,4.0,337.5,1.0,1,0
Super built-up Area,CV Raman Nagar,3.0,2.0,65.0,1480.0,3.0,493.3333333333333,1.0,1,0
Super built-up Area,Kanakpura Road,3.0,2.0,96.2,1843.0,3.0,614.3333333333334,1.0,1,1
Super built-up Area,Hulimavu,2.0,1.0,150.0,1916.0,3.0,638.6666666666666,0.6666666666666666,0,1
Super built-up Area,Yelenahalli,2.0,2.0,44.08,1160.0,2.0,580.0,1.0,1,0
Super built-up Area,Old Madras Road,2.0,1.0,170.0,2640.0,2.0,1320.0,1.0,0,1
Super built-up Area,Bommanahalli,2.0,3.0,53.0,1160.0,2.0,580.0,1.0,1,1
Built-up Area,Lakshminarayana Pura,2.0,1.0,80.0,1200.0,2.0,600.0,1.0,1,1
Carpet Area,Ramagondanahalli,3.0,3.0,100.0,1500.0,3.0,500.0,1.0,1,1
Super built-up Area,Electronic City Phase II,2.0,3.0,50.35,1336.0,3.0,445.3333333333333,0.6666666666666666,0,1
Built-up Area,Choodasandra,2.0,1.0,46.0,1065.0,2.0,532.5,1.0,1,1
Super built-up Area,Hebbal,2.0,1.0,115.0,1294.0,2.0,647.0,1.0,1,1
Super built-up Area,Rachenahalli,3.0,2.0,68.5,1550.0,3.0,516.6666666666666,1.0,1,1
Super built-up Area,Bank Of Baroda Colony,2.0,2.0,40.0,1005.0,2.0,502.5,1.0,1,0
Super built-up Area,7th Phase JP Nagar,2.0,1.0,102.0,1430.0,3.0,476.6666666666667,0.6666666666666666,1,1
Super built-up Area,Frazer Town,4.0,3.0,660.0,4100.0,4.0,1025.0,1.0,0,1
Super built-up Area,Hoodi,3.0,2.0,125.0,1660.0,3.0,553.3333333333334,1.0,0,1
Super built-up Area,Thanisandra,2.0,3.0,56.0,1430.0,3.0,476.6666666666667,0.6666666666666666,1,1
Super built-up Area,Hennur Road,2.0,1.0,75.0,1470.0,3.0,490.0,0.6666666666666666,1,1
Super built-up Area,Jalahalli,2.0,1.0,76.77,1045.0,2.0,522.5,1.0,1,1
Super built-up Area,Hebbal,6.0,0.0,359.0,4225.0,4.0,1056.25,1.5,1,1
Built-up Area,Anjanapura,2.0,0.0,30.0,950.0,2.0,475.0,1.0,1,1
Super built-up Area,Doddathoguru,3.0,1.0,65.0,1382.0,3.0,460.6666666666667,1.0,1,1
Super built-up Area,BTM 2nd Stage,2.0,2.0,46.0,930.0,2.0,465.0,1.0,1,0
Super built-up Area,Vijinapura,2.0,2.0,71.95,1290.0,2.0,645.0,1.0,1,1
Built-up Area,Whitefield,2.0,1.0,45.0,1010.0,3.0,336.6666666666667,0.6666666666666666,1,1
Built-up Area,Brookefield,4.0,,130.0,3050.0,4.0,762.5,1.0,1,1
Super built-up Area,Dodda Nekkundi,2.0,2.0,71.0,1200.0,2.0,600.0,1.0,1,1
Built-up Area,3rd Block Hrbr Layout,3.0,2.0,140.0,1650.0,3.0,550.0,1.0,1,0
Super built-up Area,Budigere,3.0,2.0,88.0,1636.0,3.0,545.3333333333334,1.0,1,1
Super built-up Area,Rajaji Nagar,3.0,2.0,320.0,2367.0,3.0,789.0,1.0,1,1
Super built-up Area,Budigere,2.0,2.0,56.55,1153.0,2.0,576.5,1.0,1,1
Super built-up Area,Hegde Nagar,4.0,2.0,160.0,2087.01,3.0,695.6700000000001,1.3333333333333333,1,1
Super built-up Area,LB Shastri Nagar,2.0,1.0,47.0,1200.0,2.0,600.0,1.0,1,1
Super built-up Area,HSR Layout,3.0,1.0,89.0,1844.0,3.0,614.6666666666666,1.0,1,1
Super built-up Area,Hosa Road,3.0,1.0,110.0,1537.515476,3.0,512.5051586666667,1.0,0,1
Super built-up Area,Begur Road,2.0,1.0,43.75,1215.0,2.0,607.5,1.0,1,1
Super built-up Area,Sarjapur  Road,2.0,1.0,57.0,1194.0,2.0,597.0,1.0,0,0
Built-up Area,Chennappa Layout,2.0,2.0,52.0,1220.0,2.0,610.0,1.0,1,1
Built-up Area,1st Block HBR Layout,4.0,2.0,150.0,3150.0,4.0,787.5,1.0,1,0
Super built-up Area,Bommasandra,2.0,1.0,37.97,955.0,2.0,477.5,1.0,0,1
Built-up Area,Kadugondanahalli,5.0,,75.0,2000.0,5.0,400.0,1.0,1,0
Super built-up Area,Magadi Road,2.0,1.0,48.0,884.0,2.0,442.0,1.0,0,1
Super built-up Area,Kathriguppe,2.0,1.0,68.75,1250.0,2.0,625.0,1.0,1,0
Super built-up Area,Bommasandra Industrial Area,2.0,1.0,135.0,7000.0,2.0,3500.0,1.0,1,0
Plot Area,Dodda Nekkundi,4.0,2.0,300.0,2400.0,3.0,800.0,1.3333333333333333,1,1
Super built-up Area,Harlur,4.0,1.0,225.0,2990.0,4.0,747.5,1.0,1,1
Super built-up Area,Bellandur,2.0,1.0,52.0,1195.0,2.0,597.5,1.0,1,1
Super built-up Area,Sadhguru Layout,1.0,1.0,55.0,2559.0,1.0,2559.0,1.0,1,0
Built-up Area,Begur,2.0,1.0,33.0,1200.0,2.0,600.0,1.0,0,0
Super built-up Area,Sarjapur  Road,2.0,1.0,45.75,984.0,2.0,492.0,1.0,0,1
Super built-up Area,Bommasandra,2.0,1.0,40.0,1089.0,2.0,544.5,1.0,1,1
Super built-up Area,Hennur Road,2.0,1.0,52.0,1165.0,2.0,582.5,1.0,0,1
Super built-up Area,Chandapura,1.0,1.0,10.0,410.0,1.0,410.0,1.0,1,0
Super built-up Area,Hennur,3.0,1.0,110.0,1482.0,3.0,494.0,1.0,0,1
Built-up Area,Ramamurthy Nagar,2.0,1.0,68.0,1200.0,2.0,600.0,1.0,1,0
Super built-up Area,Hormavu,2.0,2.0,34.97,1166.0,3.0,388.6666666666667,0.6666666666666666,0,0
Super built-up Area,Chikkalasandra,2.0,2.0,55.46,1275.0,3.0,425.0,0.6666666666666666,1,0
Super built-up Area,Mico Layout,2.0,2.0,43.0,1140.0,2.0,570.0,1.0,1,1
Plot Area,Hegde Nagar,5.0,1.0,430.0,3734.0,4.0,933.5,1.25,1,1
Super built-up Area,Tejaswini Nagar,1.0,2.0,28.0,720.0,1.0,720.0,1.0,1,1
Plot Area,Nagarbhavi,3.0,2.0,228.0,1200.0,3.0,400.0,1.0,0,0
Built-up Area,Richards Town,2.0,1.0,90.0,1100.0,2.0,550.0,1.0,1,1
Super built-up Area,Sector 7 HSR Layout,2.0,2.0,98.77,1162.0,2.0,581.0,1.0,1,0
Built-up Area,Ramamurthy Nagar,1.0,0.0,35.0,540.0,1.0,540.0,1.0,1,0
Super built-up Area,Rachenahalli,2.0,2.0,73.5,1550.0,3.0,516.6666666666666,0.6666666666666666,1,1
Plot Area,R.T. Nagar,3.0,,145.0,1300.0,3.0,433.3333333333333,1.0,1,0
Super built-up Area,Chikbasavanapura,2.0,2.0,60.0,1220.0,2.0,610.0,1.0,1,1
Super built-up Area,Doddathoguru,2.0,1.0,62.0,964.0,2.0,482.0,1.0,1,0
Built-up Area,"Electronic City Phase 1,",3.0,2.0,50.0,1500.0,3.0,500.0,1.0,0,0
Super built-up Area,Sarjapur  Road,2.0,1.0,44.0,1347.0,3.0,449.0,0.6666666666666666,1,1
Super built-up Area,"JP Nagar 8th Phase,",5.0,,250.0,5000.0,4.0,1250.0,1.25,1,0
Built-up Area,Bannerghatta Road,4.0,2.0,140.0,3000.0,4.0,750.0,1.0,1,0
Super built-up Area,Bannerghatta,2.0,1.0,42.5,1120.0,2.0,560.0,1.0,0,0
Super built-up Area,Lake City,1.0,1.0,22.8,600.0,1.0,600.0,1.0,1,1
Super built-up Area,Whitefield,4.0,1.0,157.0,2321.0,3.0,773.6666666666666,1.3333333333333333,0,1
Super built-up Area,Bhagyalakshmi Avenue,1.0,2.0,24.0,540.0,1.0,540.0,1.0,1,1
Built-up Area,Hebbal,2.0,1.0,57.0,1150.0,2.0,575.0,1.0,1,0
Built-up Area,Sonnenahalli,3.0,1.0,75.0,1484.0,3.0,494.6666666666667,1.0,1,1
Super built-up Area,Ramagondanahalli,2.0,,68.0,1680.0,3.0,560.0,0.6666666666666666,1,1
Super built-up Area,Byagadadhenahalli,2.0,1.0,23.0,620.0,2.0,310.0,1.0,1,0
Super built-up Area,Dodda Banaswadi,3.0,2.0,78.0,1650.0,3.0,550.0,1.0,1,0
Super built-up Area,Chuchangatta Colony,3.0,2.0,44.0,1250.0,3.0,416.6666666666667,1.0,0,0
Super built-up Area,Hanuman Nagar,3.0,2.0,108.0,2072.0,3.0,690.6666666666666,1.0,0,0
Super built-up Area,Sarjapur  Road,2.0,2.0,40.0,1105.0,2.0,552.5,1.0,1,1
Super built-up Area,Vidyaranyapura,2.0,2.0,60.5,1200.0,2.0,600.0,1.0,1,1
Built-up Area,Kumaraswami Layout,7.0,3.0,145.0,3100.0,7.0,442.85714285714283,1.0,1,0
Plot Area,Whitefield,4.0,3.0,530.0,4007.0,4.0,1001.75,1.0,1,1
Super built-up Area,Banashankari,2.0,2.0,53.6,1340.0,3.0,446.6666666666667,0.6666666666666666,1,0
Super built-up Area,Rajaji Nagar,3.0,3.0,395.0,2409.0,3.0,803.0,1.0,1,1
Super built-up Area,Vittasandra,2.0,1.0,65.0,1246.0,2.0,623.0,1.0,1,0
Built-up Area,Old Airport Road,2.0,3.0,75.0,1055.0,2.0,527.5,1.0,1,1
Super built-up Area,Hosa Road,3.0,1.0,69.61,1541.0,3.0,513.6666666666666,1.0,0,1
Built-up Area,Harlur,2.0,2.0,88.0,1370.0,2.0,685.0,1.0,1,0
Super built-up Area,Whitefield,2.0,2.0,75.0,1224.0,2.0,612.0,1.0,1,1
Super built-up Area,Yeshwanthpur,3.0,,92.13,1676.0,3.0,558.6666666666666,1.0,1,1
Built-up Area,Shree Ananth Nagar Layout,2.0,1.0,57.0,1154.0,2.0,577.0,1.0,1,1
Super built-up Area,Kanakpura Road,3.0,3.0,78.5,1610.0,3.0,536.6666666666666,1.0,1,1
Super built-up Area,Devasthanagalu,2.0,1.0,42.0,1057.0,2.0,528.5,1.0,1,1
Super built-up Area,Raja Rajeshwari Nagar,2.0,1.0,65.0,1157.0,2.0,578.5,1.0,0,1
Plot Area,Doddagubbi,4.0,1.0,85.0,1200.0,4.0,300.0,1.0,0,0
Super built-up Area,Gulimangala,2.0,3.0,35.0,980.0,2.0,490.0,1.0,1,1
Super built-up Area,Sarjapur  Road,2.0,1.0,40.0,1140.0,2.0,570.0,1.0,1,1
Super built-up Area,Raja Rajeshwari Nagar,2.0,1.0,40.7,1206.0,2.0,603.0,1.0,1,1
Built-up Area,Electronic City Phase II,1.0,1.0,16.75,575.0,1.0,575.0,1.0,1,0
Super built-up Area,Koramangala,3.0,1.0,170.0,1600.0,3.0,533.3333333333334,1.0,1,1
Plot Area,1st Stage Indira Nagar,4.0,1.0,500.0,2400.0,4.0,600.0,1.0,1,0
Super built-up Area,Horamavu Agara,2.0,2.0,52.0,1300.0,3.0,433.3333333333333,0.6666666666666666,1,0
Super built-up Area,Tunganagara,2.0,1.0,35.56,1270.0,3.0,423.3333333333333,0.6666666666666666,0,1
Super built-up Area,Electronic City,2.0,1.0,63.5,1128.0,2.0,564.0,1.0,0,1
Super built-up Area,Electronics City Phase 1,1.0,1.0,45.0,640.0,1.0,640.0,1.0,1,1
Super built-up Area,4th T block Jayanagar,3.0,2.0,185.0,2400.0,3.0,800.0,1.0,1,0
Super built-up Area,Electronic City,1.0,1.0,29.0,589.0,1.0,589.0,1.0,1,1
Super built-up Area,Electronic City,2.0,1.0,28.13,1125.0,2.0,562.5,1.0,0,0
Plot Area,Sarjapur  Road,4.0,2.0,500.0,3150.0,4.0,787.5,1.0,1,1
Super built-up Area,Kundalahalli,2.0,3.0,74.0,1315.0,2.0,657.5,1.0,1,1
Plot Area,Billamaranahalli,2.0,2.0,150.0,2700.0,2.0,1350.0,1.0,1,1
Super built-up Area,Bellandur,2.0,2.0,115.0,1435.0,3.0,478.3333333333333,0.6666666666666666,1,1
Super built-up Area,Kadugodi,2.0,3.0,80.0,1314.0,2.0,657.0,1.0,0,1
Super built-up Area,Koramangala,2.0,1.0,100.0,1260.0,2.0,630.0,1.0,1,1
Super built-up Area,Nagarbhavi,2.0,1.0,49.0,1080.0,2.0,540.0,1.0,1,0
Built-up Area,Nagasandra,8.0,3.0,160.0,4000.0,8.0,500.0,1.0,1,0
Super built-up Area,Mysore Road,2.0,1.0,45.0,1082.0,3.0,360.6666666666667,0.6666666666666666,0,1
Super built-up Area,Jakkur,3.0,2.0,65.0,1150.0,3.0,383.3333333333333,1.0,1,0
Super built-up Area,Hennur Road,2.0,1.0,34.72,1052.0,2.0,526.0,1.0,0,1
Super built-up Area,Yelahanka,2.0,1.0,45.0,1045.0,2.0,522.5,1.0,1,0
Built-up Area,Kodigehaali,3.0,2.0,80.0,1442.0,3.0,480.6666666666667,1.0,1,1
Super built-up Area,Kaggadasapura,2.0,2.0,75.0,1500.0,3.0,500.0,0.6666666666666666,1,1
Super built-up Area,Hennur,2.0,1.0,53.57,1255.0,2.0,627.5,1.0,1,1
Super built-up Area,Vajarahalli,3.0,2.0,79.0,1432.0,3.0,477.3333333333333,1.0,0,0
Built-up Area,Kundalahalli,3.0,2.0,150.0,2100.0,3.0,700.0,1.0,1,1
Built-up Area,Hennur Road,2.0,2.0,80.0,1450.0,2.0,725.0,1.0,1,1
Super built-up Area,Sarjapur  Road,2.0,1.0,69.61,1346.0,2.0,673.0,1.0,0,1
Super built-up Area,Kumaraswami Layout,2.0,2.0,29.0,1200.0,2.0,600.0,1.0,1,0
Super built-up Area,Electronic City Phase II,2.0,1.0,49.82,925.0,3.0,308.3333333333333,0.6666666666666666,1,1
Super built-up Area,Dasarahalli,2.0,2.0,49.0,1160.0,2.0,580.0,1.0,1,0
Super built-up Area,Lingadheeranahalli,3.0,3.0,81.31,1768.0,3.0,589.3333333333334,1.0,0,1
Super built-up Area,Kothanur,2.0,2.0,54.0,1094.0,2.0,547.0,1.0,1,0
Super built-up Area,Seetharampalya,3.0,3.0,90.0,1500.0,3.0,500.0,1.0,1,0
Built-up Area,Gubbalala,3.0,2.0,130.0,1745.0,3.0,581.6666666666666,1.0,1,1
Built-up Area,Bommanahalli,7.0,,85.0,2875.0,7.0,410.7142857142857,1.0,1,0
Super built-up Area,Byadarahalli,3.0,3.0,425.0,3500.0,4.0,875.0,0.75,1,1
Super built-up Area,Sonnenahalli,3.0,1.0,50.0,1550.0,3.0,516.6666666666666,1.0,1,1
Super built-up Area,Rajiv Nagar,5.0,1.0,160.0,2340.0,4.0,585.0,1.25,1,1
Super built-up Area,Whitefield,3.0,2.0,113.0,1655.0,3.0,551.6666666666666,1.0,0,1
Super built-up Area,Battarahalli,3.0,2.0,103.0,2024.0,3.0,674.6666666666666,1.0,0,1
Built-up Area,Siddapura,5.0,0.0,425.0,3100.0,4.0,775.0,1.25,1,1
Super built-up Area,Jalahalli,4.0,3.0,100.0,1575.0,3.0,525.0,1.3333333333333333,1,1
Built-up Area,Sarjapur  Road,4.0,2.0,744.0,6200.0,4.0,1550.0,1.0,1,1
Super built-up Area,BTM 2nd Stage,2.0,3.0,55.0,1265.0,3.0,421.6666666666667,0.6666666666666666,1,1
Super built-up Area,Kengeri Satellite Town KHB Apartment,2.0,2.0,45.0,1100.0,3.0,366.6666666666667,0.6666666666666666,1,0
Plot Area,Margondanahalli,2.0,1.0,65.0,1160.0,2.0,580.0,1.0,1,0
Super built-up Area,Vittasandra,2.0,1.0,67.4,1246.0,2.0,623.0,1.0,1,1
Super built-up Area,Hosa Road,1.0,1.0,43.08,615.0,1.0,615.0,1.0,0,1
Super built-up Area,7th Phase JP Nagar,2.0,1.0,60.0,1128.0,2.0,564.0,1.0,1,1
Super built-up Area,Tirumanahalli,2.0,1.0,55.0,1260.0,2.0,630.0,1.0,1,1
Super built-up Area,Bellandur,3.0,3.0,89.89,1830.0,3.0,610.0,1.0,1,1
Super built-up Area,Sarjapur,2.0,2.0,68.0,1525.0,3.0,508.3333333333333,0.6666666666666666,1,0
Super built-up Area,Yelahanka,2.0,1.0,30.0,602.0,1.0,602.0,2.0,0,1
Built-up Area,Kumaraswami Layout,4.0,2.0,400.0,3000.0,7.0,428.57142857142856,0.5714285714285714,1,0
Super built-up Area,Hegde Nagar,3.0,3.0,89.0,1835.0,3.0,611.6666666666666,1.0,1,1
Built-up Area,Kanakpura Road,3.0,3.0,62.6,1250.0,3.0,416.6666666666667,1.0,1,1
Plot Area,Subhash Nagar,4.0,1.0,110.0,1200.0,4.0,300.0,1.0,1,0
Super built-up Area,Murugeshpalya,3.0,3.0,96.0,1855.0,3.0,618.3333333333334,1.0,1,1
Super built-up Area,Sarjapur  Road,3.0,2.0,148.0,2089.0,3.0,696.3333333333334,1.0,1,1
Plot Area,Banashankari Stage VI,3.0,2.0,200.0,4800.0,4.0,1200.0,0.75,1,0
Built-up Area,Begur Road,2.0,2.0,44.73,1200.0,2.0,600.0,1.0,1,1
Super built-up Area,Sarjapur,2.0,1.0,45.0,1095.0,2.0,547.5,1.0,1,1
Plot Area,Ambedkar Nagar,3.0,2.0,297.0,2900.0,3.0,966.6666666666666,1.0,1,1
Super built-up Area,BTM 2nd Stage,3.0,2.0,345.0,2500.0,3.0,833.3333333333334,1.0,1,1
Built-up Area,Kothanur,3.0,2.0,80.0,1170.0,3.0,390.0,1.0,1,1
Super built-up Area,6th Phase JP Nagar,2.0,1.0,88.0,1280.0,2.0,640.0,1.0,1,1
Super built-up Area,Rajaji Nagar,2.0,0.0,105.0,1224.0,2.0,612.0,1.0,0,1
Built-up Area,Thanisandra,3.0,1.0,125.0,1694.0,3.0,564.6666666666666,1.0,1,1
Super built-up Area,Electronic City,2.0,1.0,30.0,825.0,2.0,412.5,1.0,1,1
Super built-up Area,Sarjapur  Road,3.0,1.0,98.38,1612.0,3.0,537.3333333333334,1.0,1,0
Super built-up Area,Chandapura,2.0,1.0,25.12,985.0,2.0,492.5,1.0,0,1
Super built-up Area,Murugeshpalya,2.0,2.0,75.0,1175.0,2.0,587.5,1.0,1,1
Plot Area,Sunkadakatte,1.0,0.0,24.0,600.0,1.0,600.0,1.0,1,0
Built-up Area,Whitefield,3.0,3.0,85.0,1740.0,3.0,580.0,1.0,1,1
Super built-up Area,Carmelaram,3.0,2.0,99.0,1770.0,3.0,590.0,1.0,1,1
Super built-up Area,Horamavu Agara,2.0,1.0,46.0,1090.0,2.0,545.0,1.0,0,1
Plot Area,Vasanth nagar,3.0,0.0,650.0,2295.0,6.0,382.5,0.5,1,0
Built-up Area,Whitefield,5.0,1.0,331.0,4144.0,5.0,828.8,1.0,1,0
Super built-up Area,Jogupalya,3.0,1.0,130.0,1800.0,3.0,600.0,1.0,1,1
Super built-up Area,Jigani,3.0,3.0,65.0,1221.0,3.0,407.0,1.0,1,1
Super built-up Area,8th Phase JP Nagar,2.0,1.0,48.0,1046.0,2.0,523.0,1.0,0,1
Super built-up Area,Uttarahalli,2.0,3.0,56.12,1290.0,3.0,430.0,0.6666666666666666,1,1
Built-up Area,Electronic City Phase II,2.0,1.0,30.76,1065.0,2.0,532.5,1.0,0,1
Super built-up Area,Ambedkar Nagar,4.0,2.0,121.0,1850.0,3.0,616.6666666666666,1.3333333333333333,1,1
Super built-up Area,Battarahalli,2.0,1.0,49.0,1097.0,2.0,548.5,1.0,1,1
Super built-up Area,Kalena Agrahara,3.0,2.0,70.0,1200.0,2.0,600.0,1.5,1,1
Super built-up Area,Varthur,3.0,2.0,170.0,2160.0,3.0,720.0,1.0,1,0
Super built-up Area,Anekal,2.0,2.0,52.0,1140.0,2.0,570.0,1.0,0,1
Super built-up Area,Thigalarapalya,2.0,2.0,98.0,1297.0,2.0,648.5,1.0,1,0
Super built-up Area,Padmanabhanagar,2.0,0.0,50.0,1150.0,2.0,575.0,1.0,1,1
Super built-up Area,Kuvempu Nagar,2.0,1.0,45.0,1375.0,2.0,687.5,1.0,1,0
Super built-up Area,Babusapalaya,2.0,2.0,58.0,1245.0,2.0,622.5,1.0,1,1
Super built-up Area,Vasanth nagar,6.0,1.0,948.0,4750.0,4.0,1187.5,1.5,0,1
Built-up Area,Nagarbhavi,3.0,0.0,180.0,1800.0,4.0,450.0,0.75,1,0
Super built-up Area,Brookefield,3.0,2.0,140.0,1594.0,3.0,531.3333333333334,1.0,1,1
Super built-up Area,Kanakpura Road,2.0,2.0,36.0,700.0,2.0,350.0,1.0,0,1
Built-up Area,Rajaji Nagar,4.0,0.0,650.0,2500.0,5.0,500.0,0.8,1,0
Built-up Area,Raja Rajeshwari Nagar,2.0,0.0,50.0,1000.0,2.0,500.0,1.0,1,1
Plot Area,Whitefield,5.0,1.0,540.0,4000.0,6.0,666.6666666666666,0.8333333333333334,1,1
Super built-up Area,Begur Road,2.0,2.0,42.0,1160.0,2.0,580.0,1.0,1,0
Super built-up Area,Gopalkrishna Nagar,2.0,2.0,95.0,1570.0,3.0,523.3333333333334,0.6666666666666666,1,1
Super built-up Area,Sarjapur  Road,2.0,2.0,88.0,1290.0,2.0,645.0,1.0,1,1
Super built-up Area,Kudlu Gate,2.0,1.0,44.4,1200.0,2.0,600.0,1.0,1,0
Super built-up Area,Langford Gardens,5.0,2.0,649.0,2777.29,3.0,925.7633333333333,1.6666666666666667,0,1
Super built-up Area,Shanti Nagar,3.0,0.0,180.0,2250.0,3.0,750.0,1.0,1,1
Built-up Area,Defence Colony,2.0,,172.0,1270.0,2.0,635.0,1.0,1,1
Super built-up Area,Akshayanagara East,2.0,2.0,44.0,1145.0,2.0,572.5,1.0,1,1
Super built-up Area,Chikkabanavar,2.0,2.0,46.0,1320.0,3.0,440.0,0.6666666666666666,1,0
Built-up Area,Electronic City Phase II,2.0,1.0,30.75,1065.0,2.0,532.5,1.0,0,1
Built-up Area,Whitefield,3.0,2.0,48.0,1650.0,3.0,550.0,1.0,0,1
Super built-up Area,Sarjapur  Road,2.0,1.0,86.0,1371.0,2.0,685.5,1.0,0,1
Built-up Area,Doddanakunte,5.0,2.0,150.0,2700.0,5.0,540.0,1.0,1,0
Super built-up Area,Electronic City,3.0,1.0,94.5,1575.0,3.0,525.0,1.0,1,1
Super built-up Area,Yelahanka,2.0,2.0,66.0,1362.0,2.0,681.0,1.0,0,1
Built-up Area,Bettahalsoor,,,353.0,3210.0,5.0,642.0,,0,1
Super built-up Area,Haralur Road,3.0,1.0,90.0,1255.0,3.0,418.3333333333333,1.0,1,1
Super built-up Area,Whitefield,2.0,1.0,35.0,925.0,2.0,462.5,1.0,1,0
Super built-up Area,Electronics City Phase 1,2.0,1.0,30.46,1088.0,2.0,544.0,1.0,0,1
Super built-up Area,Sarjapur  Road,3.0,2.0,139.0,2140.0,3.0,713.3333333333334,1.0,1,1
Super built-up Area,Thubarahalli,3.0,2.0,101.0,1584.0,3.0,528.0,1.0,1,1
Super built-up Area,Whitefield,2.0,2.0,50.0,1175.0,2.0,587.5,1.0,1,1
Super built-up Area,Sarjapura - Attibele Road,3.0,3.0,52.0,1555.0,3.0,518.3333333333334,1.0,1,0
Super built-up Area,Dodda Nekkundi,2.0,2.0,79.0,1585.0,3.0,528.3333333333334,0.6666666666666666,1,1
Super built-up Area,Kalena Agrahara,2.0,2.0,71.0,1354.0,2.0,677.0,1.0,1,0
Super built-up Area,Madiwala,2.0,2.0,45.0,1165.0,2.0,582.5,1.0,0,0
Built-up Area,Kumaraswami Layout,3.0,1.0,75.0,1200.0,3.0,400.0,1.0,1,0
Super built-up Area,Hebbal,2.0,1.0,137.0,1740.0,3.0,580.0,0.6666666666666666,1,1
Super built-up Area,Rachenahalli,2.0,1.0,50.17,985.0,2.0,492.5,1.0,0,1
Super built-up Area,Duddanahalli,2.0,2.0,47.0,1340.0,3.0,446.6666666666667,0.6666666666666666,1,0
Super built-up Area,Begur Road,3.0,1.0,95.23,1583.0,3.0,527.6666666666666,1.0,0,1
Plot Area,"Beml layout, Rajarajeshwari nagar",5.0,,325.0,1200.0,4.0,300.0,1.25,1,0
Plot Area,Basaveshwara Nagar,1.0,1.0,180.0,1200.0,2.0,600.0,0.5,1,0
Super built-up Area,Bannerghatta Road,2.0,0.0,61.74,1122.5,2.0,561.25,1.0,0,1
Super built-up Area,Thanisandra,3.0,2.0,100.0,1573.0,3.0,524.3333333333334,1.0,0,1
Super built-up Area,CV Raman Nagar,2.0,2.0,42.88,1227.0,2.0,613.5,1.0,0,0
Super built-up Area,Yemlur,2.0,1.0,60.0,1210.0,2.0,605.0,1.0,1,1
Super built-up Area,Basavangudi,3.0,3.0,125.0,1650.0,3.0,550.0,1.0,0,0
Super built-up Area,Raja Rajeshwari Nagar,2.0,2.0,63.0,1485.0,3.0,495.0,0.6666666666666666,1,1
Super built-up Area,Haralur Road,3.0,2.0,97.0,1735.0,3.0,578.3333333333334,1.0,1,1
Super built-up Area,Hebbal Kempapura,3.0,2.0,175.0,1730.0,3.0,576.6666666666666,1.0,1,1
Super built-up Area,Sector 1 HSR Layout,3.0,2.0,86.0,1684.0,3.0,561.3333333333334,1.0,1,1
Super built-up Area,Sai Gardens,3.0,3.0,77.0,1686.0,3.0,562.0,1.0,1,1
Super built-up Area,Bikasipura,3.0,3.0,82.0,1654.0,3.0,551.3333333333334,1.0,1,0
Built-up Area,Green Glen Layout,3.0,3.0,105.0,1600.0,3.0,533.3333333333334,1.0,1,1
Built-up Area,KR Puram,2.0,1.0,39.9,1100.0,2.0,550.0,1.0,1,0
Super built-up Area,Bannerghatta Road,3.0,3.0,95.0,1655.0,3.0,551.6666666666666,1.0,1,1
Super built-up Area,Hennur,3.0,3.0,121.0,1830.0,3.0,610.0,1.0,1,1
Super built-up Area,Hebbal,3.0,1.0,85.0,1430.0,3.0,476.6666666666667,1.0,0,1
Super built-up Area,Judicial Layout,4.0,3.0,155.0,1989.0,3.0,663.0,1.3333333333333333,1,1
Super built-up Area,Sarjapur  Road,2.0,2.0,55.0,1044.0,2.0,522.0,1.0,1,1
Super built-up Area,Banashankari,3.0,2.0,85.0,1426.0,3.0,475.3333333333333,1.0,1,1
Super built-up Area,Yelahanka,2.0,1.0,29.0,1000.0,2.0,500.0,1.0,1,1
Plot Area,Kathriguppe,2.0,0.0,69.99,754.0,2.0,377.0,1.0,0,0
Built-up Area,Electronic City Phase II,2.0,1.0,33.06,1140.0,2.0,570.0,1.0,0,1
Super built-up Area,Kodichikkanahalli,2.0,1.0,35.0,900.0,2.0,450.0,1.0,1,0
Built-up Area,Gulakamale,2.0,3.0,50.0,1200.0,2.0,600.0,1.0,1,1
Built-up Area,Malleshwaram,1.0,1.0,45.0,580.0,1.0,580.0,1.0,1,1
Super built-up Area,Munnekollal,2.0,1.0,50.36,1030.0,2.0,515.0,1.0,0,1
Super built-up Area,Koramangala,4.0,3.0,150.0,1910.0,3.0,636.6666666666666,1.3333333333333333,1,0
Super built-up Area,Mahalakshmi Puram,3.0,3.0,132.0,1950.0,3.0,650.0,1.0,1,1
Super built-up Area,Kundalahalli,3.0,1.0,125.0,1724.0,3.0,574.6666666666666,1.0,1,1
Plot Area,Konanakunte Cross,2.0,2.0,130.0,1200.0,3.0,400.0,0.6666666666666666,1,0
Plot Area,Rajaji Nagar,2.0,0.0,225.0,1314.0,2.0,657.0,1.0,1,0
Built-up Area,Kothanur,2.0,2.0,65.0,1400.0,2.0,700.0,1.0,1,1
Super built-up Area,Kaggadasapura,2.0,2.0,68.0,1400.0,3.0,466.6666666666667,0.6666666666666666,1,0
Super built-up Area,Hulimavu,2.0,2.0,44.6,1115.0,2.0,557.5,1.0,1,0
Built-up Area,Bharathi Nagar,2.0,2.0,55.86,1300.0,2.0,650.0,1.0,1,1
Built-up Area,Arishinakunte,4.0,1.0,150.0,2400.0,4.0,600.0,1.0,1,0
Super built-up Area,Kanakpura Road,2.0,1.0,108.0,1332.0,2.0,666.0,1.0,0,1
Super built-up Area,Abbigere,2.0,1.0,41.0,1000.0,2.0,500.0,1.0,1,1
Plot Area,Whitefield,3.0,2.0,67.75,1200.0,3.0,400.0,1.0,0,0
Built-up Area,Whitefield,4.0,,145.0,2444.0,4.0,611.0,1.0,1,0
Super built-up Area,Sarjapur  Road,3.0,1.0,85.0,1600.0,3.0,533.3333333333334,1.0,1,1
Super built-up Area,Marathahalli,2.0,2.0,57.95,1196.0,2.0,598.0,1.0,1,0
Super built-up Area,Electronic City,2.0,1.0,54.0,1025.0,2.0,512.5,1.0,1,1
Super built-up Area,Sarjapur  Road,4.0,3.0,180.0,2180.0,3.0,726.6666666666666,1.3333333333333333,1,1
Super built-up Area,Jakkasandra,3.0,2.0,102.0,1600.0,3.0,533.3333333333334,1.0,1,1
Built-up Area,Whitefield,2.0,1.0,110.0,1270.0,2.0,635.0,1.0,1,1
Built-up Area,Shanthala Nagar,4.0,,460.0,3290.0,3.0,1096.6666666666667,1.3333333333333333,1,0
Super built-up Area,Jakkur,3.0,2.0,183.0,1932.47,3.0,644.1566666666666,1.0,0,1
Super built-up Area,Jalahalli,3.0,2.0,160.0,2086.0,3.0,695.3333333333334,1.0,1,1
Super built-up Area,Old Madras Road,2.0,1.0,51.42,1165.0,2.0,582.5,1.0,0,1
Super built-up Area,Rajaji Nagar,2.0,2.0,165.0,1440.0,2.0,720.0,1.0,1,1
Super built-up Area,Electronics City Phase 1,3.0,2.0,85.0,1900.0,3.0,633.3333333333334,1.0,1,0
Built-up Area,Chandapura,1.0,1.0,22.0,740.0,2.0,370.0,0.5,1,1
Super built-up Area,Yeshwanthpur,3.0,3.0,138.0,2503.0,3.0,834.3333333333334,1.0,1,1
Super built-up Area,Bellandur,2.0,2.0,83.5,1260.0,2.0,630.0,1.0,0,1
Super built-up Area,Green Glen Layout,3.0,3.0,125.0,1717.0,3.0,572.3333333333334,1.0,1,1
Super built-up Area,Chellikere,2.0,2.0,46.0,1088.0,2.0,544.0,1.0,0,0
Super built-up Area,Raja Rajeshwari Nagar,2.0,1.0,56.0,1335.0,3.0,445.0,0.6666666666666666,1,1
Super built-up Area,Vidyaranyapura,2.0,1.0,42.0,1200.0,2.0,600.0,1.0,1,1
Super built-up Area,Garudachar Palya,2.0,2.0,60.0,1325.0,3.0,441.6666666666667,0.6666666666666666,1,0
Super built-up Area,JP Nagar,2.0,1.0,73.0,1157.0,2.0,578.5,1.0,1,1
Super built-up Area,KR Puram,,,121.0,2283.0,4.0,570.75,,0,1
Super built-up Area,Sahakara Nagar,2.0,1.0,54.0,1200.0,2.0,600.0,1.0,1,0
Super built-up Area,Pai Layout,2.0,2.0,65.0,1510.0,3.0,503.3333333333333,0.6666666666666666,1,1
Super built-up Area,Bommanahalli,2.0,2.0,54.0,1050.0,2.0,525.0,1.0,1,1
Super built-up Area,Chikkadunnasandra,2.0,2.0,45.0,1200.0,2.0,600.0,1.0,1,1
Super built-up Area,Binny Pete,3.0,1.0,147.0,1516.0,3.0,505.3333333333333,1.0,0,1
Plot Area,Indira Nagar,6.0,2.0,475.0,2400.0,6.0,400.0,1.0,1,0
Super built-up Area,Channasandra,2.0,1.0,44.41,1050.0,2.0,525.0,1.0,0,1
Plot Area,Hegde Nagar,2.0,0.0,66.0,1000.0,2.0,500.0,1.0,1,0
Super built-up Area,9th Phase JP Nagar,2.0,2.0,35.0,1050.0,2.0,525.0,1.0,0,0
Super built-up Area,Hormavu,2.0,3.0,69.0,1210.0,2.0,605.0,1.0,1,1
Super built-up Area,Whitefield,3.0,1.0,110.0,1660.0,3.0,553.3333333333334,1.0,1,1
Super built-up Area,Malleshwaram,2.0,3.0,125.0,1410.0,2.0,705.0,1.0,1,1
Super built-up Area,Electronics City Phase 1,2.0,1.0,67.0,1305.0,2.0,652.5,1.0,0,1
Built-up Area,Kavika Layout,6.0,2.0,101.0,1800.0,6.0,300.0,1.0,1,0
Built-up Area,Bannerghatta Road,2.0,3.0,53.0,1206.0,2.0,603.0,1.0,1,1
Super built-up Area,Bannerghatta Road,2.0,2.0,55.0,1150.0,2.0,575.0,1.0,1,1
Carpet Area,Dinnur,2.0,,65.0,1100.0,2.0,550.0,1.0,1,1
Super built-up Area,Banashankari Stage II,2.0,1.0,125.0,1245.0,2.0,622.5,1.0,1,0
Built-up Area,Cooke Town,3.0,3.0,110.0,1850.0,3.0,616.6666666666666,1.0,1,1
Built-up Area,Hoodi,4.0,1.0,220.0,3385.0,4.0,846.25,1.0,0,0
Super built-up Area,Sompura,3.0,2.0,85.0,2150.0,4.0,537.5,0.75,1,1
Super built-up Area,Hebbal,3.0,1.0,390.0,3895.0,3.0,1298.3333333333333,1.0,1,1
Super built-up Area,Lingarajapuram,2.0,2.0,55.0,1035.0,2.0,517.5,1.0,0,0
Super built-up Area,Nandini Layout,3.0,2.0,72.0,600.0,2.0,300.0,1.5,1,0
Super built-up Area,Zuzuvadi,3.0,3.0,75.0,1200.0,3.0,400.0,1.0,1,0
Super built-up Area,Electronics City Phase 1,1.0,0.0,30.12,755.0,1.0,755.0,1.0,1,1
Built-up Area,Ramamurthy Nagar,2.0,2.0,35.0,960.0,2.0,480.0,1.0,1,1
Super built-up Area,Harsha Layout,1.0,1.0,20.0,450.0,1.0,450.0,1.0,1,0
Super built-up Area,Infantry Road,5.0,,680.0,4000.0,5.0,800.0,1.0,1,0
Super built-up Area,Raja Rajeshwari Nagar,3.0,3.0,53.12,1571.0,3.0,523.6666666666666,1.0,1,1
Super built-up Area,Kanakapura,2.0,1.0,70.0,1489.0,3.0,496.3333333333333,0.6666666666666666,0,1
Built-up Area,Kengeri Satellite Town,2.0,1.0,32.0,800.0,2.0,400.0,1.0,1,1
Built-up Area,Jalahalli,2.0,2.0,60.0,980.0,3.0,326.6666666666667,0.6666666666666666,1,1
Super built-up Area,Bannerghatta Road,2.0,1.0,65.0,1215.0,2.0,607.5,1.0,1,1
Super built-up Area,Electronic City Phase II,2.0,1.0,26.5,911.0,2.0,455.5,1.0,1,0
Super built-up Area,Bellandur,3.0,,90.0,1535.0,3.0,511.6666666666667,1.0,1,1
Super built-up Area,R.T. Nagar,2.0,1.0,70.0,1500.0,3.0,500.0,0.6666666666666666,1,1
Built-up Area,Brookefield,2.0,3.0,58.0,1588.0,2.0,794.0,1.0,1,1
Built-up Area,Kannamangala,2.0,2.0,56.0,957.0,2.0,478.5,1.0,0,1
Built-up Area,Electronic City Phase II,2.0,1.0,34.65,1200.0,2.0,600.0,1.0,0,1
Super built-up Area,Kanakapura main  Road,2.0,2.0,52.33,1495.0,3.0,498.3333333333333,0.6666666666666666,1,0
Built-up Area,Bisuvanahalli,2.0,0.0,34.0,845.0,2.0,422.5,1.0,1,1
Built-up Area,Padmanabhanagar,4.0,2.0,350.0,3000.0,4.0,750.0,1.0,1,0
Super built-up Area,Sarjapur  Road,4.0,1.0,180.0,2206.0,3.0,735.3333333333334,1.3333333333333333,1,1
Super built-up Area,Kasavanhalli,2.0,1.0,61.0,1181.0,2.0,590.5,1.0,1,0
Super built-up Area,Sarjapur  Road,2.0,3.0,69.5,1309.0,2.0,654.5,1.0,1,0
Built-up Area,Horamavu Agara,3.0,3.0,63.0,1400.0,3.0,466.6666666666667,1.0,1,0
Plot Area,B Channasandra,5.0,1.0,450.0,1650.0,5.0,330.0,1.0,1,0
Super built-up Area,Kanakpura Road,3.0,,95.0,1622.0,3.0,540.6666666666666,1.0,1,1
Super built-up Area,CV Raman Nagar,2.0,2.0,48.0,1225.0,2.0,612.5,1.0,0,0
Super built-up Area,Jakkur Plantation,3.0,3.0,95.0,1719.0,3.0,573.0,1.0,1,1
Super built-up Area,Abbigere,2.0,1.0,40.8,995.0,2.0,497.5,1.0,1,1
Super built-up Area,Mahadevpura,2.0,2.0,53.0,1120.0,2.0,560.0,1.0,1,0
Super built-up Area,Bellandur,2.0,1.0,75.0,1047.0,2.0,523.5,1.0,1,1
Super built-up Area,Devanahalli,3.0,3.0,59.96,1466.0,3.0,488.6666666666667,1.0,0,1
Super built-up Area,Sarjapur  Road,3.0,2.0,100.0,1691.0,3.0,563.6666666666666,1.0,0,1
Super built-up Area,Chandapura,2.0,2.0,28.47,876.0,2.0,438.0,1.0,0,1
Super built-up Area,CV Raman Nagar,3.0,1.0,135.0,1659.0,3.0,553.0,1.0,0,1
Super built-up Area,Whitefield,2.0,1.0,105.0,1270.0,2.0,635.0,1.0,1,1
Super built-up Area,8th Phase JP Nagar,2.0,3.0,50.75,1269.0,3.0,423.0,0.6666666666666666,1,1
Super built-up Area,Kammanahalli,3.0,2.0,80.0,1200.0,2.0,600.0,1.5,1,1
Super built-up Area,Whitefield,2.0,2.0,69.5,1315.0,2.0,657.5,1.0,1,1
Plot Area,Hebbal Kempapura,4.0,2.0,198.0,2485.0,4.0,621.25,1.0,1,0
Super built-up Area,Tumkur Road,3.0,1.0,85.86,1354.0,3.0,451.3333333333333,1.0,1,1
Plot Area,Whitefield,3.0,1.0,130.0,1344.0,4.0,336.0,0.75,1,1
Super built-up Area,Yelahanka,2.0,1.0,55.0,1180.0,2.0,590.0,1.0,1,1
Super built-up Area,Jalahalli,2.0,2.0,68.0,1313.0,2.0,656.5,1.0,0,1
Super built-up Area,Nehru Nagar,2.0,2.0,50.0,1100.0,2.0,550.0,1.0,1,1
Built-up Area,Basaveshwara Nagar,3.0,0.0,190.0,1200.0,3.0,400.0,1.0,1,0
Super built-up Area,Vishwapriya Layout,2.0,3.0,37.0,890.0,2.0,445.0,1.0,1,1
Super built-up Area,Reliaable Tranquil Layout,2.0,1.0,55.0,1190.0,2.0,595.0,1.0,1,1
Built-up Area,Green Glen Layout,2.0,0.0,75.0,1250.0,2.0,625.0,1.0,1,0
Super built-up Area,Hoodi,3.0,3.0,80.51,1644.0,3.0,548.0,1.0,0,1
Plot Area,Yelahanka New Town,3.0,2.0,150.0,1740.0,3.0,580.0,1.0,1,0
Super built-up Area,Jakkur,3.0,2.0,110.0,1710.0,3.0,570.0,1.0,1,1
Super built-up Area,Hebbal,3.0,2.0,155.0,1662.0,3.0,554.0,1.0,0,1
Super built-up Area,Virupakshapura,2.0,1.0,48.0,1162.0,2.0,581.0,1.0,1,1
Super built-up Area,Whitefield,2.0,3.0,85.0,1362.0,2.0,681.0,1.0,1,0
Super built-up Area,Bhagyalakshmi Avenue,1.0,1.0,22.5,540.0,1.0,540.0,1.0,1,1
Super built-up Area,Thanisandra,3.0,0.0,75.885,1533.0,3.0,511.0,1.0,0,1
Plot Area,Sarjapur  Road,4.0,,135.0,1250.0,4.0,312.5,1.0,1,1
Super built-up Area,Begur Road,2.0,3.0,54.99,1410.0,3.0,470.0,0.6666666666666666,1,1
Plot Area,Chikka Tirupathi,5.0,3.0,125.0,2665.0,4.0,666.25,1.25,1,1
Built-up Area,Singapura Village,2.0,0.0,45.0,970.0,2.0,485.0,1.0,1,0
Plot Area,Uttarahalli,4.0,3.0,155.0,1200.0,4.0,300.0,1.0,1,0
Super built-up Area,Haralur Road,3.0,2.0,97.83,1810.0,3.0,603.3333333333334,1.0,0,1
Super built-up Area,Sathya Layout,2.0,1.0,51.0,1084.0,2.0,542.0,1.0,1,0
Super built-up Area,Doddabanahalli,3.0,2.0,85.0,1500.0,3.0,500.0,1.0,1,0
Super built-up Area,Uttarahalli,2.0,1.0,56.0,1328.0,3.0,442.6666666666667,0.6666666666666666,1,1
Built-up Area,Marathahalli,2.0,2.0,90.0,1485.0,3.0,495.0,0.6666666666666666,1,0
Super built-up Area,Pai Layout,2.0,2.0,58.0,1500.0,3.0,500.0,0.6666666666666666,1,1
Super built-up Area,R.T. Nagar,2.0,2.0,85.0,1100.0,2.0,550.0,1.0,1,1
Super built-up Area,Seetharampalya,2.0,2.0,73.0,1360.0,3.0,453.3333333333333,0.6666666666666666,1,1
Super built-up Area,1st Phase JP Nagar,2.0,1.0,75.0,900.0,2.0,450.0,1.0,1,0
Super built-up Area,Electronic City Phase II,2.0,1.0,54.48,1031.0,2.0,515.5,1.0,1,1
Super built-up Area,Whitefield,2.0,0.0,38.19,955.0,2.0,477.5,1.0,0,1
Super built-up Area,Uttarahalli,2.0,2.0,36.4,1040.0,2.0,520.0,1.0,1,0
Built-up Area,KR Puram,6.0,1.0,110.0,2800.0,7.0,400.0,0.8571428571428571,1,0
Super built-up Area,Kothannur,2.0,1.0,56.15,1404.0,3.0,468.0,0.6666666666666666,1,0
Super built-up Area,Haralur Road,2.0,2.0,46.0,1200.0,2.0,600.0,1.0,1,1
Super built-up Area,Yelahanka,3.0,1.0,78.0,1267.0,2.0,633.5,1.5,1,1
Super built-up Area,Bannerghatta Road,2.0,3.0,110.0,1510.0,3.0,503.3333333333333,0.6666666666666666,1,1
Super built-up Area,Kanakpura Road,2.0,1.0,42.0,900.0,2.0,450.0,1.0,0,1
Super built-up Area,Whitefield,2.0,2.0,105.0,1457.0,3.0,485.6666666666667,0.6666666666666666,1,1
Super built-up Area,Iblur Village,4.0,2.0,268.0,3596.0,4.0,899.0,1.0,1,1
Super built-up Area,8th Phase JP Nagar,3.0,2.0,80.0,1408.0,3.0,469.3333333333333,1.0,0,1
Built-up Area,Dodda Nekkundi,2.0,2.0,45.0,1005.0,2.0,502.5,1.0,1,1
Plot Area,Dodsworth Layout,4.0,2.0,1824.0,30400.0,6.0,5066.666666666667,0.6666666666666666,1,0
Built-up Area,"Sarjapur Road,",2.0,1.0,64.0,1182.0,2.0,591.0,1.0,1,0
Super built-up Area,Talaghattapura,3.0,0.0,122.0,2038.5,3.0,679.5,1.0,0,1
Built-up Area,Sarjapur  Road,2.0,0.0,80.0,1367.0,2.0,683.5,1.0,1,1
Built-up Area,Sarjapur  Road,3.0,2.0,78.0,1565.0,3.0,521.6666666666666,1.0,1,0
Super built-up Area,Whitefield,3.0,2.0,128.0,1720.0,3.0,573.3333333333334,1.0,0,1
Built-up Area,Doddathoguru,2.0,3.0,44.0,1107.0,2.0,553.5,1.0,1,1
Super built-up Area,Yelahanka,2.0,1.0,78.19,1360.0,2.0,680.0,1.0,0,1
Super built-up Area,Anekal,1.0,1.0,25.0,625.0,2.0,312.5,0.5,0,0
Super built-up Area,Jalahalli,2.0,2.0,145.0,1701.0,2.0,850.5,1.0,1,1
Plot Area,Agrahara Dasarahalli,1.0,0.0,120.0,1350.0,3.0,450.0,0.3333333333333333,1,0
Super built-up Area,Hosa Road,2.0,1.0,39.95,1016.0,2.0,508.0,1.0,1,1
Super built-up Area,KEB Colony,3.0,1.0,90.0,1500.0,3.0,500.0,1.0,1,0
Built-up Area,Akshaya Nagar,2.0,1.0,45.0,900.0,2.0,450.0,1.0,1,1
Super built-up Area,Sanjay nagar,3.0,1.0,150.0,1500.0,3.0,500.0,1.0,1,1
Super built-up Area,Chikku Lakshmaiah Layout,2.0,1.0,285.0,2292.0,3.0,764.0,0.6666666666666666,1,1
Carpet Area,Kereguddadahalli,3.0,1.0,42.0,1280.0,3.0,426.6666666666667,1.0,1,1
Plot Area,Sri Balaji Krupa Layout,4.0,2.0,263.0,1750.0,4.0,437.5,1.0,1,1
Super built-up Area,Electronic City,2.0,1.0,70.0,1500.0,3.0,500.0,0.6666666666666666,1,1
Super built-up Area,Gottigere,2.0,2.0,59.0,1245.0,2.0,622.5,1.0,1,1
Super built-up Area,Yelahanka,2.0,1.0,44.0,1025.0,2.0,512.5,1.0,1,0
Super built-up Area,Hennur Gardens,3.0,2.0,135.0,1945.0,3.0,648.3333333333334,1.0,1,1
Super built-up Area,Rajaji Nagar,3.0,3.0,245.0,1640.0,3.0,546.6666666666666,1.0,1,1
Built-up Area,Hegde Nagar,2.0,2.0,80.5,1348.0,3.0,449.3333333333333,0.6666666666666666,1,1
Super built-up Area,Tindlu,2.0,2.0,55.0,1100.0,2.0,550.0,1.0,1,1
Super built-up Area,Kammasandra,3.0,3.0,40.0,1616.0,3.0,538.6666666666666,1.0,1,1
Super built-up Area,Yeshwanthpur,3.0,3.0,135.0,1855.0,3.0,618.3333333333334,1.0,1,1
Super built-up Area,Hennur,2.0,2.0,56.5,1255.0,2.0,627.5,1.0,1,1
Plot Area,HAL 2nd Stage,4.0,1.0,500.0,2040.0,5.0,408.0,0.8,1,0
Plot Area,5th Phase JP Nagar,4.0,1.0,228.0,2400.0,4.0,600.0,1.0,1,0
Super built-up Area,Kothanur,2.0,2.0,59.0,1195.0,2.0,597.5,1.0,1,0
Super built-up Area,Bannerghatta Road,2.0,1.0,35.0,1022.0,2.0,511.0,1.0,1,1
Super built-up Area,Dodda Nekkundi,2.0,,52.0,1264.0,2.0,632.0,1.0,1,1
Super built-up Area,Chamrajpet,3.0,2.0,115.0,1650.0,3.0,550.0,1.0,1,0
Super built-up Area,Abbigere,2.0,1.0,40.8,1020.0,2.0,510.0,1.0,1,1
Built-up Area,Bommasandra,2.0,1.0,25.0,950.0,2.0,475.0,1.0,1,1
Super built-up Area,Shantiniketan Layout,5.0,3.0,142.0,2710.0,4.0,677.5,1.25,0,0
Super built-up Area,Hennur Road,3.0,1.0,131.0,1936.0,3.0,645.3333333333334,1.0,1,1
Super built-up Area,Ramanashree Enclave,2.0,2.0,58.0,1075.0,2.0,537.5,1.0,1,0
Super built-up Area,Hosur Road,2.0,1.0,93.0,1223.0,2.0,611.5,1.0,0,1
Plot Area,Whitefield,3.0,1.0,61.9,1500.0,3.0,500.0,1.0,0,0
Built-up Area,Hennur,2.0,2.0,42.73,1050.0,2.0,525.0,1.0,1,0
Super built-up Area,7th Phase JP Nagar,3.0,2.0,190.0,2100.0,3.0,700.0,1.0,1,0
Built-up Area,Uttarahalli,2.0,1.0,130.0,1650.0,3.0,550.0,0.6666666666666666,1,0
Super built-up Area,Whitefield,2.0,1.0,78.0,1495.0,2.0,747.5,1.0,1,1
Super built-up Area,Koramangala,3.0,2.0,260.0,1605.0,3.0,535.0,1.0,0,1
Super built-up Area,Whitefield,2.0,2.0,52.0,1270.0,2.0,635.0,1.0,1,1
Super built-up Area,Kumaraswami Layout,2.0,3.0,60.0,1081.0,2.0,540.5,1.0,1,1
Super built-up Area,Koramangala,2.0,0.0,140.0,1600.0,3.0,533.3333333333334,0.6666666666666666,1,1
Super built-up Area,Kanakpura Road,3.0,1.0,118.0,1596.0,3.0,532.0,1.0,0,1
Super built-up Area,Horamavu Agara,3.0,1.0,70.0,1557.0,3.0,519.0,1.0,1,1
Built-up Area,Devi Nagar,3.0,3.0,68.0,1410.0,3.0,470.0,1.0,1,0
Super built-up Area,Sarjapur  Road,4.0,1.0,148.0,1984.0,3.0,661.3333333333334,1.3333333333333333,1,1
Super built-up Area,Kadugodi,2.0,3.0,60.0,1196.0,2.0,598.0,1.0,1,0
Super built-up Area,Thanisandra,3.0,2.0,112.0,2259.0,4.0,564.75,0.75,0,1
Super built-up Area,Kenchenahalli,3.0,,100.0,1720.0,3.0,573.3333333333334,1.0,1,1
Super built-up Area,Electronic City Phase II,2.0,1.0,37.83,1310.0,3.0,436.6666666666667,0.6666666666666666,0,1
Built-up Area,7th Phase JP Nagar,2.0,1.0,57.0,1140.0,2.0,570.0,1.0,1,0
Super built-up Area,Cooke Town,3.0,2.0,260.0,1600.0,3.0,533.3333333333334,1.0,1,1
Super built-up Area,Kothanur,3.0,2.0,120.0,1790.0,3.0,596.6666666666666,1.0,1,1
Super built-up Area,Harlur,2.0,0.0,72.76,1335.0,2.0,667.5,1.0,1,1
Super built-up Area,Nehru Nagar,3.0,,81.0,1674.0,3.0,558.0,1.0,1,1
Super built-up Area,Kenchenhalli,3.0,2.0,79.99,1786.0,3.0,595.3333333333334,1.0,1,1
Super built-up Area,Sarjapur  Road,2.0,1.0,47.0,1035.0,2.0,517.5,1.0,0,0
Super built-up Area,Whitefield,3.0,1.0,103.0,1564.0,3.0,521.3333333333334,1.0,0,1
Super built-up Area,Margondanahalli,2.0,1.0,67.76,1334.0,2.0,667.0,1.0,0,0
Super built-up Area,Bommasandra,3.0,1.0,53.96,1365.0,3.0,455.0,1.0,0,1
Super built-up Area,BCMC Layout,2.0,3.0,72.0,1369.0,3.0,456.3333333333333,0.6666666666666666,1,1
Super built-up Area,Whitefield,2.0,2.0,41.0,1240.0,2.0,620.0,1.0,0,1
Super built-up Area,Gollahalli,2.0,1.0,62.0,1418.0,2.0,709.0,1.0,1,1
Built-up Area,Hebbal,3.0,,219.0,2250.0,3.0,750.0,1.0,1,0
Super built-up Area,KR Puram,2.0,2.0,39.0,1020.0,2.0,510.0,1.0,1,0
Built-up Area,Yelahanka New Town,2.0,2.0,70.0,1290.0,2.0,645.0,1.0,1,1
Plot Area,Attibele,3.0,2.0,90.0,1500.0,3.0,500.0,1.0,1,0
Super built-up Area,Billekahalli,3.0,3.0,62.0,1290.0,3.0,430.0,1.0,1,0
Super built-up Area,Jalahalli,3.0,2.0,115.0,1881.0,3.0,627.0,1.0,1,1
Super built-up Area,Jigani,2.0,2.0,49.5,943.0,2.0,471.5,1.0,1,1
Built-up Area,Electronic City,2.0,1.0,32.93,1140.0,2.0,570.0,1.0,0,0
Super built-up Area,Nayandanahalli,2.0,2.0,60.0,1035.0,2.0,517.5,1.0,1,1
Plot Area,Whitefield,3.0,1.0,71.0,1500.0,3.0,500.0,1.0,0,0
Super built-up Area,Sindhi Colony,7.0,,988.0,5665.84,5.0,1133.1680000000001,1.4,1,1
Super built-up Area,Nanjappa Layout,2.0,1.0,94.28,1232.0,2.0,616.0,1.0,0,0
Super built-up Area,Uttarahalli,2.0,2.0,56.12,1290.0,3.0,430.0,0.6666666666666666,1,1
Super built-up Area,Malleshwaram,4.0,2.0,306.0,2610.0,4.0,652.5,1.0,1,1
Super built-up Area,Anandapura,3.0,2.0,58.7,1576.0,3.0,525.3333333333334,1.0,1,1
Super built-up Area,Chinnapanahalli,2.0,1.0,41.0,980.0,2.0,490.0,1.0,1,0
Super built-up Area,Hebbal,6.0,1.0,440.0,4000.0,4.0,1000.0,1.5,1,1
Super built-up Area,Sarjapur  Road,2.0,1.0,74.03,1346.0,2.0,673.0,1.0,0,1
Super built-up Area,Hoodi,2.0,2.0,55.0,1181.0,2.0,590.5,1.0,1,1
Super built-up Area,Sathya Sai Layout,6.0,1.0,660.0,6652.0,4.0,1663.0,1.5,1,1
Super built-up Area,Maragondanahalli,2.0,2.0,59.0,1307.0,2.0,653.5,1.0,1,1
Super built-up Area,Roopena Agrahara,2.0,2.0,49.86,1215.0,3.0,405.0,0.6666666666666666,0,0
Super built-up Area,Sanjay nagar,2.0,3.0,80.0,1180.0,2.0,590.0,1.0,1,0
Built-up Area,Amruthahalli,1.0,1.0,55.0,600.0,1.0,600.0,1.0,1,0
Super built-up Area,Kanakapur main road,2.0,2.0,43.04,1025.0,2.0,512.5,1.0,1,0
Super built-up Area,Ramagondanahalli,3.0,2.0,131.0,1910.0,3.0,636.6666666666666,1.0,1,1
Super built-up Area,Gottigere,2.0,2.0,50.0,1200.0,2.0,600.0,1.0,1,1
Built-up Area,Church Street,4.0,3.0,536.0,2920.0,4.0,730.0,1.0,0,1
Super built-up Area,Electronics City Phase 1,2.0,1.0,60.0,1175.0,2.0,587.5,1.0,1,1
Super built-up Area,Whitefield,2.0,2.0,59.0,1404.0,3.0,468.0,0.6666666666666666,1,1
Built-up Area,BCC Layout,3.0,2.0,230.0,2700.0,4.0,675.0,0.75,1,0
Built-up Area,HSR Layout,2.0,2.0,60.0,1203.0,2.0,601.5,1.0,1,1
Super built-up Area,Somasundara Palya,3.0,3.0,63.0,1571.0,3.0,523.6666666666666,1.0,1,0
Super built-up Area,Mariyannapalya,2.0,2.0,46.0,1125.0,2.0,562.5,1.0,1,0
Super built-up Area,Kammasandra,1.0,1.0,18.5,610.0,1.0,610.0,1.0,0,1
Super built-up Area,Ambalipura,2.0,2.0,80.0,1198.0,2.0,599.0,1.0,1,0
Plot Area,Chandapura,3.0,2.0,65.0,1200.0,3.0,400.0,1.0,1,1
Super built-up Area,Nobo Nagar,2.0,2.0,45.0,1200.0,2.0,600.0,1.0,1,1
Plot Area,Sathya Sai Layout,6.0,1.0,700.0,6688.0,4.0,1672.0,1.5,1,1
Super built-up Area,Crimson Layout,3.0,2.0,95.0,1830.0,3.0,610.0,1.0,1,1
Super built-up Area,Kudlu Gate,2.0,2.0,61.11,1432.0,3.0,477.3333333333333,0.6666666666666666,0,1
Built-up Area,Somasundara Palya,2.0,0.0,70.0,2300.0,3.0,766.6666666666666,0.6666666666666666,1,1
Super built-up Area,9th Phase JP Nagar,2.0,2.0,69.0,1331.95,2.0,665.975,1.0,1,1
Super built-up Area,Yeshwanthpur,3.0,3.0,160.0,1876.0,3.0,625.3333333333334,1.0,1,0
Plot Area,Akshaya Nagar,4.0,2.0,125.0,1200.0,4.0,300.0,1.0,1,0
Super built-up Area,Kanakpura Road,3.0,2.0,74.9,1665.0,3.0,555.0,1.0,1,1
Super built-up Area,Electronic City,4.0,2.0,134.0,2093.0,4.0,523.25,1.0,0,1
Super built-up Area,TC Palaya,3.0,3.0,46.56,1330.0,3.0,443.3333333333333,1.0,0,0
Plot Area,1st Block Koramangala,5.0,1.0,350.0,1200.0,4.0,300.0,1.25,1,0
Built-up Area,Talaghattapura,3.0,1.0,84.0,1800.0,3.0,600.0,1.0,0,0
Built-up Area,"Thanisandra Main Road,",4.0,3.0,183.0,2872.0,4.0,718.0,1.0,1,0
Super built-up Area,Kumarapalli,2.0,2.0,65.0,1486.0,3.0,495.3333333333333,0.6666666666666666,1,1
Built-up Area,Chikkalasandra,1.0,0.0,54.0,1425.0,3.0,475.0,0.3333333333333333,1,1
Super built-up Area,Raja Rajeshwari Nagar,2.0,2.0,42.54,1255.0,2.0,627.5,1.0,1,1
Built-up Area,Electronic City,2.0,1.0,19.5,750.0,2.0,375.0,1.0,1,1
Super built-up Area,Nagarbhavi,2.0,3.0,58.0,1225.0,2.0,612.5,1.0,1,0
Built-up Area,Medahalli,9.0,,150.0,4600.0,9.0,511.1111111111111,1.0,1,0
Super built-up Area,Mallathahalli,2.0,2.0,64.08,1100.0,2.0,550.0,1.0,0,1
Super built-up Area,Whitefield,3.0,2.0,139.0,1760.0,3.0,586.6666666666666,1.0,1,1
Plot Area,Bommasandra,3.0,2.0,110.0,1200.0,3.0,400.0,1.0,0,0
Super built-up Area,Chandapura,2.0,2.0,28.0,1095.0,3.0,365.0,0.6666666666666666,1,1
Super built-up Area,Raja Rajeshwari Nagar,3.0,3.0,64.86,1530.0,3.0,510.0,1.0,1,1
Super built-up Area,Kundalahalli,3.0,3.0,140.0,1724.0,3.0,574.6666666666666,1.0,0,1
Super built-up Area,Horamavu Agara,2.0,2.0,47.0,1058.0,2.0,529.0,1.0,0,0
Super built-up Area,Dodda Nekkundi Extension,3.0,3.0,90.0,1975.0,3.0,658.3333333333334,1.0,1,1
Super built-up Area,Sarjapur  Road,2.0,1.0,58.0,1112.0,2.0,556.0,1.0,0,1
Built-up Area,Doddabommasandra,2.0,1.0,90.0,1600.0,2.0,800.0,1.0,1,0
Super built-up Area,Vittasandra,3.0,2.0,85.0,1648.0,3.0,549.3333333333334,1.0,1,0
Super built-up Area,Puttanahalli,2.0,2.0,32.0,1100.0,2.0,550.0,1.0,0,0
Super built-up Area,Hoskote,1.0,1.0,23.0,509.0,1.0,509.0,1.0,0,1
Super built-up Area,Talaghattapura,3.0,3.0,159.0,2265.0,3.0,755.0,1.0,0,1
Super built-up Area,Malleshpalya,2.0,2.0,46.0,1200.0,2.0,600.0,1.0,1,0
Super built-up Area,Makali,1.0,1.0,18.0,530.0,1.0,530.0,1.0,1,0
Built-up Area,Green View Layout,2.0,1.0,41.0,1010.0,2.0,505.0,1.0,1,1
Built-up Area,Kaggadasapura,2.0,2.0,45.0,1150.0,2.0,575.0,1.0,1,1
Super built-up Area,Sarjapur  Road,2.0,,75.0,1340.0,2.0,670.0,1.0,1,1
Built-up Area,Raja Rajeshwari Nagar,3.0,1.0,98.0,1850.0,3.0,616.6666666666666,1.0,1,1
Built-up Area,Doddathoguru,2.0,1.0,40.0,907.0,2.0,453.5,1.0,1,1
Plot Area,Benson Town,2.0,0.0,280.0,1688.0,2.0,844.0,1.0,1,0
Plot Area,Ulsoor,2.0,1.0,130.0,1160.0,2.0,580.0,1.0,1,0
Super built-up Area,Pai Layout,2.0,1.0,65.0,1600.0,3.0,533.3333333333334,0.6666666666666666,1,0
Plot Area,Prasanna layout Herohalli,5.0,1.0,140.0,1800.0,6.0,300.0,0.8333333333333334,1,0
Super built-up Area,Iblur Village,5.0,1.0,251.0,3596.0,4.0,899.0,1.25,1,1
Super built-up Area,Hosur Road,3.0,2.0,56.0,1464.0,3.0,488.0,1.0,1,0
Super built-up Area,Hennur,2.0,1.0,62.0,1295.0,2.0,647.5,1.0,1,1
Super built-up Area,Kodbisanhalli,2.0,1.0,62.0,1012.0,2.0,506.0,1.0,1,1
Super built-up Area,Yelahanka New Town,2.0,1.0,48.0,1000.0,3.0,333.3333333333333,0.6666666666666666,1,0
Super built-up Area,Channasandra,2.0,1.0,32.0,1010.0,2.0,505.0,1.0,1,1
Super built-up Area,Bharathi Nagar,2.0,1.0,85.0,1379.0,2.0,689.5,1.0,1,1
Built-up Area,Kasavanhalli,2.0,2.0,75.0,1121.0,2.0,560.5,1.0,0,1
Built-up Area,LB Shastri Nagar,2.0,1.0,75.0,1200.0,2.0,600.0,1.0,1,1
Super built-up Area,Sarakki Nagar,6.0,3.0,349.0,3124.0,4.0,781.0,1.5,1,1
Super built-up Area,Bannerghatta Road,2.0,2.0,47.35,1246.0,2.0,623.0,1.0,0,1
Super built-up Area,7th Phase JP Nagar,3.0,2.0,90.0,1420.0,3.0,473.3333333333333,1.0,1,0
Carpet Area,Shivaji Nagar,1.0,1.0,65.0,600.0,2.0,300.0,0.5,1,0
Super built-up Area,Hadosiddapura,2.0,2.0,55.0,1090.0,2.0,545.0,1.0,1,0
Super built-up Area,Electronic City,2.0,1.0,73.0,1355.0,2.0,677.5,1.0,0,1
Super built-up Area,Ambedkar Nagar,2.0,1.0,94.0,1425.0,2.0,712.5,1.0,1,1
Built-up Area,Chikkabanavar,7.0,0.0,110.0,4000.0,8.0,500.0,0.875,1,0
Super built-up Area,Electronics City Phase 1,3.0,2.0,111.0,1700.0,3.0,566.6666666666666,1.0,1,0
Super built-up Area,Talaghattapura,3.0,2.0,134.0,2099.0,3.0,699.6666666666666,1.0,0,1
Super built-up Area,Devanahalli,2.0,1.0,69.76,1520.0,3.0,506.6666666666667,0.6666666666666666,0,1
Built-up Area,Sarvobhogam Nagar,3.0,0.0,140.0,1490.0,3.0,496.6666666666667,1.0,1,1
Super built-up Area,Horamavu Banaswadi,2.0,2.0,50.0,1000.0,2.0,500.0,1.0,1,0
Super built-up Area,Sahakara Nagar,2.0,2.0,72.3,1291.0,2.0,645.5,1.0,1,1
Super built-up Area,Kanakpura Road,2.0,2.0,67.0,1339.0,2.0,669.5,1.0,1,1
Super built-up Area,Near International Airport,2.0,1.0,56.0,1330.0,2.0,665.0,1.0,1,1
Plot Area,Ramakrishnappa Layout,4.0,,2600.0,9200.0,4.0,2300.0,1.0,1,0
Built-up Area,Palace Road,1.0,1.0,130.0,1650.0,2.0,825.0,0.5,1,1
Plot Area,Defence Colony,6.0,3.0,2800.0,8000.0,6.0,1333.3333333333333,1.0,1,0
Super built-up Area,Jakkur,2.0,1.0,44.75,1125.0,2.0,562.5,1.0,1,0
Built-up Area,CV Raman Nagar,2.0,1.0,62.0,1310.0,2.0,655.0,1.0,1,0
Super built-up Area,Bellandur,2.0,2.0,40.0,1096.0,2.0,548.0,1.0,1,1
Super built-up Area,Dasanapura,2.0,1.0,43.7,814.0,2.0,407.0,1.0,1,1
Plot Area,Sarjapur  Road,3.0,2.0,275.0,3500.0,3.0,1166.6666666666667,1.0,1,0
Super built-up Area,Raja Rajeshwari Nagar,2.0,2.0,44.0,1140.0,2.0,570.0,1.0,1,1
Super built-up Area,Singanayakanahalli,2.0,0.0,75.0,1480.0,3.0,493.3333333333333,0.6666666666666666,1,0
Super built-up Area,Hebbal,6.0,1.0,370.0,4000.0,4.0,1000.0,1.5,1,1
Super built-up Area,Nagappa Reddy Layout,2.0,3.0,78.0,1500.0,3.0,500.0,0.6666666666666666,1,1
Super built-up Area,Sarjapur  Road,3.0,2.0,89.0,1850.0,3.0,616.6666666666666,1.0,1,1
Super built-up Area,Jalahalli West,2.0,1.0,36.0,745.0,2.0,372.5,1.0,1,1
Super built-up Area,Whitefield,1.0,1.0,48.0,613.0,1.0,613.0,1.0,0,1
Plot Area,Rajarajeshwari nagar,5.0,,325.0,1200.0,4.0,300.0,1.25,1,0
Carpet Area,Bannerghatta Road,2.0,1.0,85.0,1470.0,3.0,490.0,0.6666666666666666,1,1
Plot Area,Frazer Town,1.0,0.0,100.0,896.0,1.0,896.0,1.0,1,0
Super built-up Area,Bannerghatta Road,2.0,2.0,45.0,1160.0,2.0,580.0,1.0,1,0
Built-up Area,Attibele,1.0,1.0,15.0,520.0,1.0,520.0,1.0,1,1
Super built-up Area,Electronic City,2.0,1.0,64.99,1360.0,3.0,453.3333333333333,0.6666666666666666,1,1
Super built-up Area,Gopalkrishna Nagar,2.0,1.0,64.0,1155.0,2.0,577.5,1.0,1,1
Super built-up Area,Chandapura,1.0,1.0,14.04,520.0,1.0,520.0,1.0,0,1
Super built-up Area,Ambalipura,2.0,3.0,150.0,1615.0,3.0,538.3333333333334,0.6666666666666666,1,1
Built-up Area,Raja Rajeshwari Nagar,8.0,3.0,215.0,6000.0,8.0,750.0,1.0,1,0
Super built-up Area,Raja Rajeshwari Nagar,2.0,2.0,39.0,1140.0,2.0,570.0,1.0,1,1
Super built-up Area,Reliaable Tranquil Layout,3.0,1.0,77.0,1508.0,3.0,502.6666666666667,1.0,1,1
Built-up Area,Ambedkar Nagar,4.0,2.0,150.0,2395.0,3.0,798.3333333333334,1.3333333333333333,1,1
Super built-up Area,Thigalarapalya,4.0,2.0,152.0,2215.0,3.0,738.3333333333334,1.3333333333333333,1,1
Super built-up Area,R.T. Nagar,3.0,,130.0,1667.0,3.0,555.6666666666666,1.0,1,1
Built-up Area,7th Block Jayanagar,2.0,1.0,293.0,1903.0,3.0,634.3333333333334,0.6666666666666666,1,1
Super built-up Area,7th Phase JP Nagar,2.0,1.0,108.0,1530.0,2.0,765.0,1.0,1,0
Super built-up Area,Whitefield,3.0,2.0,125.0,1730.0,3.0,576.6666666666666,1.0,1,1
Built-up Area,JP Nagar,2.0,1.0,44.0,1048.0,2.0,524.0,1.0,1,0
Super built-up Area,Malleshpalya,2.0,2.0,52.0,1225.0,2.0,612.5,1.0,1,1
Carpet Area,Hennur Bande,2.0,3.0,70.0,1200.0,2.0,600.0,1.0,0,0
Super built-up Area,Kundalahalli,2.0,1.0,65.0,1175.0,2.0,587.5,1.0,1,0
Super built-up Area,Devanahalli,,,52.57,1075.0,1.0,1075.0,,1,1
Super built-up Area,Electronic City Phase II,3.0,1.0,49.53,1651.0,3.0,550.3333333333334,1.0,0,1
Super built-up Area,8th Phase JP Nagar,2.0,3.0,55.0,1500.0,3.0,500.0,0.6666666666666666,1,1
Super built-up Area,Doddathoguru,3.0,3.0,85.0,1783.0,3.0,594.3333333333334,1.0,1,1
Super built-up Area,Kereguddadahalli,2.0,1.0,35.0,1015.0,2.0,507.5,1.0,1,1
Super built-up Area,12th cross srinivas nagar banshankari 3rd stage,1.0,1.0,200.0,1800.0,1.0,1800.0,1.0,1,0
Built-up Area,Sarjapur  Road,4.0,1.0,240.0,2758.0,4.0,689.5,1.0,1,0
Plot Area,5th Stage BEML Layout,5.0,,325.0,1200.0,4.0,300.0,1.25,1,0
Super built-up Area,Sarjapur  Road,2.0,1.0,70.0,1132.0,2.0,566.0,1.0,0,0
Plot Area,KR Puram,2.0,0.0,75.0,1200.0,2.0,600.0,1.0,1,1
Built-up Area,Hoodi,3.0,0.0,85.0,1490.0,3.0,496.6666666666667,1.0,1,0
Built-up Area,Thanisandra,4.0,2.0,130.0,1917.0,4.0,479.25,1.0,0,1
Super built-up Area,Bhoganhalli,3.0,2.0,120.0,1703.0,3.0,567.6666666666666,1.0,1,1
Super built-up Area,Old Madras Road,2.0,3.0,45.0,1211.0,2.0,605.5,1.0,1,1
Built-up Area,Kudlu Gate,2.0,2.0,53.0,1310.0,2.0,655.0,1.0,1,0
Super built-up Area,Marathahalli,2.0,1.0,69.0,1146.0,2.0,573.0,1.0,0,1
Super built-up Area,Kudlu,2.0,1.0,53.0,1041.0,2.0,520.5,1.0,1,0
Super built-up Area,Whitefield,2.0,2.0,58.0,1453.0,3.0,484.3333333333333,0.6666666666666666,1,1
Super built-up Area,Whitefield,1.0,1.0,59.0,877.0,1.0,877.0,1.0,0,1
Super built-up Area,Kanakapura,2.0,1.0,69.5,1477.0,3.0,492.3333333333333,0.6666666666666666,0,1
Built-up Area,Frazer Town,2.0,0.0,120.0,1420.0,2.0,710.0,1.0,1,1
Plot Area,Havanur extension,2.0,2.0,360.0,2000.0,3.0,666.6666666666666,0.6666666666666666,1,0
Built-up Area,Abshot Layout,1.0,1.0,185.0,1140.0,2.0,570.0,0.5,1,1
Built-up Area,Sarjapur  Road,2.0,2.0,55.0,1380.0,3.0,460.0,0.6666666666666666,1,0
Super built-up Area,Maragondanahalli,2.0,1.0,57.0,1095.0,2.0,547.5,1.0,1,1
Super built-up Area,Hoodi,2.0,0.0,59.135,1258.5,2.0,629.25,1.0,0,1
Super built-up Area,Varthur,3.0,2.0,71.58,1665.0,3.0,555.0,1.0,0,1
Super built-up Area,KR Puram,2.0,1.0,60.0,1245.0,2.0,622.5,1.0,1,1
Super built-up Area,EPIP Zone,5.0,2.0,221.0,3360.0,4.0,840.0,1.25,0,1
Plot Area,Electronic City,3.0,2.0,201.0,2010.0,3.0,670.0,1.0,1,1
Super built-up Area,Shivaji Nagar,2.0,2.0,60.0,1226.0,3.0,408.6666666666667,0.6666666666666666,1,0
Super built-up Area,Thanisandra,2.0,1.0,65.59,1226.0,2.0,613.0,1.0,1,1
Super built-up Area,Raja Rajeshwari Nagar,1.0,1.0,22.0,510.0,1.0,510.0,1.0,1,0
Plot Area,Kothannur,4.0,2.0,45.0,1600.0,4.0,400.0,1.0,1,0
Super built-up Area,LB Shastri Nagar,2.0,1.0,49.5,1000.0,2.0,500.0,1.0,1,1
Built-up Area,Reliaable Tranquil Layout,2.0,1.0,65.0,1256.0,2.0,628.0,1.0,1,1
Built-up Area,Sarjapur,3.0,2.0,57.0,1425.0,3.0,475.0,1.0,1,0
Super built-up Area,Hosur Road,3.0,2.0,117.0,1919.0,3.0,639.6666666666666,1.0,0,1
Super built-up Area,Neeladri Nagar,3.0,2.0,103.0,2111.0,3.0,703.6666666666666,1.0,1,1
Super built-up Area,Bannerghatta Road,2.0,1.0,57.0,970.0,2.0,485.0,1.0,1,1
Super built-up Area,Jalahalli,2.0,1.0,85.0,1405.0,3.0,468.3333333333333,0.6666666666666666,1,1
Super built-up Area,Gubbalala,2.0,2.0,90.0,1285.0,2.0,642.5,1.0,1,1
Super built-up Area,Mahadevpura,2.0,1.0,42.0,1050.0,2.0,525.0,1.0,0,0
Super built-up Area,Hebbal,2.0,1.0,96.8,1349.0,2.0,674.5,1.0,1,1
Super built-up Area,Sarjapur  Road,2.0,1.0,450.0,4050.0,4.0,1012.5,0.5,1,1
Plot Area,Weavers Colony,1.0,0.0,26.0,812.0,1.0,812.0,1.0,0,0
Super built-up Area,Udayapur Village,2.0,2.0,63.93,1440.0,3.0,480.0,0.6666666666666666,0,1
Super built-up Area,Sarjapur  Road,5.0,1.0,195.0,2425.0,4.0,606.25,1.25,1,1
Super built-up Area,Sultan Palaya,3.0,3.0,80.0,2200.0,4.0,550.0,0.75,1,1
Super built-up Area,Haralur Road,3.0,2.0,112.0,1810.0,3.0,603.3333333333334,1.0,0,1
Super built-up Area,Cox Town,2.0,2.0,140.0,1200.0,2.0,600.0,1.0,1,0
Super built-up Area,Electronic City,2.0,1.0,52.0,1060.0,2.0,530.0,1.0,1,1
Super built-up Area,Kenchenahalli,2.0,2.0,60.0,1015.0,2.0,507.5,1.0,1,1
Plot Area,Hosakerehalli,6.0,2.0,145.0,1500.0,5.0,300.0,1.2,1,0
Super built-up Area,Kothanur,3.0,3.0,71.5,1454.0,3.0,484.6666666666667,1.0,1,0
Super built-up Area,Annaiah Reddy Layout,2.0,2.0,48.0,1075.0,2.0,537.5,1.0,1,0
Super built-up Area,Raja Rajeshwari Nagar,2.0,2.0,40.14,1187.0,2.0,593.5,1.0,1,1
Carpet Area,Hulimavu,1.0,3.0,220.0,500.0,1.0,500.0,1.0,1,0
Plot Area,Rajarajeshwari Nagara,5.0,,325.0,1200.0,4.0,300.0,1.25,1,0
Built-up Area,Billekahalli,3.0,3.0,134.0,1805.0,3.0,601.6666666666666,1.0,1,0
Built-up Area,Bannerghatta Road,3.0,1.0,142.0,1527.0,3.0,509.0,1.0,1,1
Super built-up Area,Yeshwanthpur,3.0,,92.13,1675.0,3.0,558.3333333333334,1.0,1,1
Super built-up Area,Rachenahalli,2.0,2.0,52.71,1050.0,2.0,525.0,1.0,1,0
Super built-up Area,Bellandur,2.0,2.0,47.0,1262.0,2.0,631.0,1.0,1,0
Super built-up Area,Green Glen Layout,3.0,3.0,112.0,1715.0,3.0,571.6666666666666,1.0,1,1
Built-up Area,Whitefield,4.0,0.0,231.0,3453.0,5.0,690.6,0.8,1,1
Super built-up Area,Richards Town,5.0,,400.0,3600.0,4.0,900.0,1.25,1,0
Built-up Area,Raja Rajeshwari Nagar,2.0,1.0,60.0,1141.0,2.0,570.5,1.0,1,1
Super built-up Area,Padmanabhanagar,4.0,1.0,488.0,4689.0,4.0,1172.25,1.0,0,1
